<?xml version="1.0" encoding="utf-8"?>
<OOMMModel xmlns:xsi="http://www.w3.org/2001/XMLSchema-instance" xmlns:xsd="http://www.w3.org/2001/XMLSchema">
  <ID>cda0ea1d-0c2a-4b1d-8093-301292746886</ID>
  <Properties>
    <OOMMModelProperty>
      <Name>ViewScale</Name>
      <Value xsi:type="xsd:float">1.37920344</Value>
    </OOMMModelProperty>
    <OOMMModelProperty>
      <Name>GridVisibility</Name>
      <Value xsi:type="xsd:boolean">false</Value>
    </OOMMModelProperty>
  </Properties>
  <Name>Limited-bufffer Tandem Line Model</Name>
  <Description />
  <Creator>Donghun Kang &lt;donghun.kang@gmail.com&gt;</Creator>
  <EventObjectModels>
    <OOEGEventObjectModel>
      <ID>0fd782a1-d95b-48b7-bdca-c7990c91ed0b</ID>
      <Name>Blocked Machine</Name>
      <Description />
      <BackgroundColor>-1</BackgroundColor>
      <Functions />
      <Schedules />
      <EntityQueues />
      <EventTransitions>
        <OOEGEventTransition>
          <No>1</No>
          <Event>
            <ID>0</ID>
            <Name>Enter</Name>
            <Parameters />
            <Type>Regular</Type>
            <X>129.514984</X>
            <Y>103.606773</Y>
          </Event>
          <Action>Q++; JI++;</Action>
          <Edges>
            <OOEGEdgeTransition>
              <EdgeNo>1</EdgeNo>
              <Condition>M &gt; 0</Condition>
              <Delay>0</Delay>
              <Parameters />
              <NextEvent>Load</NextEvent>
              <IsCancelingEdge>false</IsCancelingEdge>
              <FromPort>0</FromPort>
              <ToPort>0</ToPort>
              <LinkStyle>0</LinkStyle>
              <AdjustingStyle>1</AdjustingStyle>
              <Curviness>10</Curviness>
              <Points>
                <OOEGPoint>
                  <X>190.985031</X>
                  <Y>114.305969</Y>
                </OOEGPoint>
                <OOEGPoint>
                  <X>214.416672</X>
                  <Y>110</Y>
                </OOEGPoint>
                <OOEGPoint>
                  <X>237.8483</X>
                  <Y>110</Y>
                </OOEGPoint>
                <OOEGPoint>
                  <X>261.279938</X>
                  <Y>114.492973</Y>
                </OOEGPoint>
              </Points>
            </OOEGEdgeTransition>
          </Edges>
          <InitialEvent>false</InitialEvent>
        </OOEGEventTransition>
        <OOEGEventTransition>
          <No>2</No>
          <Event>
            <ID>0</ID>
            <Name>Load</Name>
            <Parameters />
            <Type>Regular</Type>
            <X>261.779938</X>
            <Y>103.606773</Y>
          </Event>
          <Action>M--; Q--;</Action>
          <Edges />
          <InitialEvent>false</InitialEvent>
        </OOEGEventTransition>
        <OOEGEventTransition>
          <No>3</No>
          <Event>
            <ID>0</ID>
            <Name>Unload</Name>
            <Parameters />
            <Type>Regular</Type>
            <X>432.669922</X>
            <Y>103.606773</Y>
          </Event>
          <Action>M++; B--;
JO++;</Action>
          <Edges>
            <OOEGEdgeTransition>
              <EdgeNo>1</EdgeNo>
              <Condition>true</Condition>
              <Delay>0</Delay>
              <Parameters />
              <NextEvent>Depart</NextEvent>
              <IsCancelingEdge>false</IsCancelingEdge>
              <FromPort>0</FromPort>
              <ToPort>0</ToPort>
              <LinkStyle>0</LinkStyle>
              <AdjustingStyle>1</AdjustingStyle>
              <Curviness>10</Curviness>
              <Points>
                <OOEGPoint>
                  <X>507.830078</X>
                  <Y>113.998741</Y>
                </OOEGPoint>
                <OOEGPoint>
                  <X>533.0369</X>
                  <Y>110</Y>
                </OOEGPoint>
                <OOEGPoint>
                  <X>558.2438</X>
                  <Y>110</Y>
                </OOEGPoint>
                <OOEGPoint>
                  <X>583.4506</X>
                  <Y>114.076851</Y>
                </OOEGPoint>
              </Points>
            </OOEGEdgeTransition>
            <OOEGEdgeTransition>
              <EdgeNo>1</EdgeNo>
              <Condition>Q &gt; 0</Condition>
              <Delay>0</Delay>
              <Parameters />
              <NextEvent>Load</NextEvent>
              <IsCancelingEdge>false</IsCancelingEdge>
              <FromPort>0</FromPort>
              <ToPort>0</ToPort>
              <LinkStyle>1</LinkStyle>
              <AdjustingStyle>1</AdjustingStyle>
              <Curviness>10</Curviness>
              <Points>
                <OOEGPoint>
                  <X>432.169922</X>
                  <Y>120</Y>
                </OOEGPoint>
                <OOEGPoint>
                  <X>422.169922</X>
                  <Y>120</Y>
                </OOEGPoint>
                <OOEGPoint>
                  <X>381</X>
                  <Y>120</Y>
                </OOEGPoint>
                <OOEGPoint>
                  <X>381</X>
                  <Y>120</Y>
                </OOEGPoint>
                <OOEGPoint>
                  <X>328.720032</X>
                  <Y>120</Y>
                </OOEGPoint>
                <OOEGPoint>
                  <X>318.720032</X>
                  <Y>120</Y>
                </OOEGPoint>
              </Points>
            </OOEGEdgeTransition>
          </Edges>
          <InitialEvent>false</InitialEvent>
        </OOEGEventTransition>
        <OOEGEventTransition>
          <No>4</No>
          <Event>
            <ID>0</ID>
            <Name>Depart</Name>
            <Parameters />
            <Type>Mirror</Type>
            <X>583.9506</X>
            <Y>103.606773</Y>
          </Event>
          <Action />
          <Edges>
            <OOEGEdgeTransition>
              <EdgeNo>1</EdgeNo>
              <Condition>true</Condition>
              <Delay>0</Delay>
              <Parameters />
              <NextEvent />
              <IsCancelingEdge>false</IsCancelingEdge>
              <FromPort>0</FromPort>
              <ToPort>0</ToPort>
              <LinkStyle>0</LinkStyle>
              <AdjustingStyle>0</AdjustingStyle>
              <Curviness>0</Curviness>
              <Points />
            </OOEGEdgeTransition>
          </Edges>
          <InitialEvent>false</InitialEvent>
        </OOEGEventTransition>
        <OOEGEventTransition>
          <No>5</No>
          <Event>
            <ID>0</ID>
            <Name>Finish</Name>
            <Parameters />
            <Type>Regular</Type>
            <X>317.970062</X>
            <Y>183.606766</Y>
          </Event>
          <Action>B++;</Action>
          <Edges>
            <OOEGEdgeTransition>
              <EdgeNo>1</EdgeNo>
              <Condition>true</Condition>
              <Delay>0</Delay>
              <Parameters />
              <NextEvent>Unload</NextEvent>
              <IsCancelingEdge>false</IsCancelingEdge>
              <FromPort>0</FromPort>
              <ToPort>0</ToPort>
              <LinkStyle>2</LinkStyle>
              <AdjustingStyle>1</AdjustingStyle>
              <Curviness>10</Curviness>
              <Points>
                <OOEGPoint>
                  <X>367.842072</X>
                  <Y>183.106766</Y>
                </OOEGPoint>
                <OOEGPoint>
                  <X>392.899628</X>
                  <Y>159.38176</Y>
                </OOEGPoint>
                <OOEGPoint>
                  <X>416.006378</X>
                  <Y>143.977234</Y>
                </OOEGPoint>
                <OOEGPoint>
                  <X>432.169922</X>
                  <Y>136.799408</Y>
                </OOEGPoint>
              </Points>
            </OOEGEdgeTransition>
          </Edges>
          <InitialEvent>false</InitialEvent>
        </OOEGEventTransition>
      </EventTransitions>
      <StateVariables>
        <OOEGStateVariable>
          <Name>B</Name>
          <Row>1</Row>
          <Col>1</Col>
          <ValueType>int</ValueType>
          <InitialValue>0</InitialValue>
          <Description />
        </OOEGStateVariable>
        <OOEGStateVariable>
          <Name>JI</Name>
          <Row>1</Row>
          <Col>1</Col>
          <ValueType>int</ValueType>
          <InitialValue>0</InitialValue>
          <Description />
        </OOEGStateVariable>
        <OOEGStateVariable>
          <Name>JO</Name>
          <Row>1</Row>
          <Col>1</Col>
          <ValueType>int</ValueType>
          <InitialValue>0</InitialValue>
          <Description />
        </OOEGStateVariable>
        <OOEGStateVariable>
          <Name>M</Name>
          <Row>1</Row>
          <Col>1</Col>
          <ValueType>int</ValueType>
          <InitialValue>1</InitialValue>
          <Description />
        </OOEGStateVariable>
        <OOEGStateVariable>
          <Name>Q</Name>
          <Row>1</Row>
          <Col>1</Col>
          <ValueType>int</ValueType>
          <InitialValue>0</InitialValue>
          <Description />
        </OOEGStateVariable>
        <OOEGStateVariable>
          <Name>UB</Name>
          <Row>1</Row>
          <Col>1</Col>
          <ValueType>bool</ValueType>
          <InitialValue>False</InitialValue>
          <Description />
        </OOEGStateVariable>
      </StateVariables>
      <Parameters />
      <X>172.405792</X>
      <Y>66.69309</Y>
      <InitialEventName />
      <BoundaryEvents />
    </OOEGEventObjectModel>
    <OOEGEventObjectModel>
      <ID>439b139a-ee2d-4638-ba38-48b15788f0b1</ID>
      <Name>Job Generator</Name>
      <Description />
      <BackgroundColor>-1</BackgroundColor>
      <Functions />
      <Schedules />
      <EntityQueues />
      <EventTransitions>
        <OOEGEventTransition>
          <No>1</No>
          <Event>
            <ID>0</ID>
            <Name>Run</Name>
            <Parameters />
            <Type>Regular</Type>
            <X>40</X>
            <Y>120</Y>
          </Event>
          <Action />
          <Edges>
            <OOEGEdgeTransition>
              <EdgeNo>1</EdgeNo>
              <Condition>true</Condition>
              <Delay>0</Delay>
              <Parameters />
              <NextEvent>Arrive</NextEvent>
              <IsCancelingEdge>false</IsCancelingEdge>
              <FromPort>1</FromPort>
              <ToPort>3</ToPort>
              <LinkStyle>0</LinkStyle>
              <AdjustingStyle>1</AdjustingStyle>
              <Curviness>10</Curviness>
              <Points>
                <OOEGPoint>
                  <X>77.33073</X>
                  <Y>133.393219</Y>
                </OOEGPoint>
                <OOEGPoint>
                  <X>102.330727</X>
                  <Y>133.393219</Y>
                </OOEGPoint>
                <OOEGPoint>
                  <X>225</X>
                  <Y>133.393234</Y>
                </OOEGPoint>
                <OOEGPoint>
                  <X>250</X>
                  <Y>133.393234</Y>
                </OOEGPoint>
              </Points>
            </OOEGEdgeTransition>
          </Edges>
          <InitialEvent>true</InitialEvent>
        </OOEGEventTransition>
        <OOEGEventTransition>
          <No>2</No>
          <Event>
            <ID>0</ID>
            <Name>Arrive</Name>
            <Parameters />
            <Type>Regular</Type>
            <X>250</X>
            <Y>120</Y>
          </Event>
          <Action>JobIn++;</Action>
          <Edges>
            <OOEGEdgeTransition>
              <EdgeNo>1</EdgeNo>
              <Condition>true</Condition>
              <Delay>0</Delay>
              <Parameters />
              <NextEvent>Enter</NextEvent>
              <IsCancelingEdge>false</IsCancelingEdge>
              <FromPort>1</FromPort>
              <ToPort>3</ToPort>
              <LinkStyle>0</LinkStyle>
              <AdjustingStyle>1</AdjustingStyle>
              <Curviness>10</Curviness>
              <Points>
                <OOEGPoint>
                  <X>303.819</X>
                  <Y>133.393234</Y>
                </OOEGPoint>
                <OOEGPoint>
                  <X>328.819</X>
                  <Y>133.393234</Y>
                </OOEGPoint>
                <OOEGPoint>
                  <X>485</X>
                  <Y>133.393234</Y>
                </OOEGPoint>
                <OOEGPoint>
                  <X>510</X>
                  <Y>133.393234</Y>
                </OOEGPoint>
              </Points>
            </OOEGEdgeTransition>
            <OOEGEdgeTransition>
              <EdgeNo>1</EdgeNo>
              <Condition>true</Condition>
              <Delay>10</Delay>
              <Parameters />
              <NextEvent>Arrive</NextEvent>
              <IsCancelingEdge>false</IsCancelingEdge>
              <FromPort>0</FromPort>
              <ToPort>0</ToPort>
              <LinkStyle>2</LinkStyle>
              <AdjustingStyle>0</AdjustingStyle>
              <Curviness>0</Curviness>
              <Points>
                <OOEGPoint>
                  <X>276.909515</X>
                  <Y>120</Y>
                </OOEGPoint>
                <OOEGPoint>
                  <X>264.409515</X>
                  <Y>98.3493652</Y>
                </OOEGPoint>
                <OOEGPoint>
                  <X>289.409515</X>
                  <Y>98.3493652</Y>
                </OOEGPoint>
                <OOEGPoint>
                  <X>276.909515</X>
                  <Y>120</Y>
                </OOEGPoint>
              </Points>
            </OOEGEdgeTransition>
          </Edges>
          <InitialEvent>false</InitialEvent>
        </OOEGEventTransition>
        <OOEGEventTransition>
          <No>3</No>
          <Event>
            <ID>0</ID>
            <Name>Enter</Name>
            <Parameters />
            <Type>Mirror</Type>
            <X>510</X>
            <Y>120</Y>
          </Event>
          <Action />
          <Edges>
            <OOEGEdgeTransition>
              <EdgeNo>1</EdgeNo>
              <Condition>true</Condition>
              <Delay>0</Delay>
              <Parameters />
              <NextEvent />
              <IsCancelingEdge>false</IsCancelingEdge>
              <FromPort>0</FromPort>
              <ToPort>0</ToPort>
              <LinkStyle>0</LinkStyle>
              <AdjustingStyle>0</AdjustingStyle>
              <Curviness>0</Curviness>
              <Points />
            </OOEGEdgeTransition>
          </Edges>
          <InitialEvent>false</InitialEvent>
        </OOEGEventTransition>
      </EventTransitions>
      <StateVariables>
        <OOEGStateVariable>
          <Name>JobIn</Name>
          <Row>1</Row>
          <Col>1</Col>
          <ValueType>int</ValueType>
          <InitialValue>0</InitialValue>
          <Description />
        </OOEGStateVariable>
      </StateVariables>
      <Parameters />
      <X>24.9225845</X>
      <Y>66.6930847</Y>
      <InitialEventName />
      <BoundaryEvents />
    </OOEGEventObjectModel>
    <OOEGEventObjectModel>
      <ID>150a860d-1309-45e2-a54b-d8a8e2120a0d</ID>
      <Name>Machine</Name>
      <Description />
      <BackgroundColor>-1</BackgroundColor>
      <Functions />
      <Schedules />
      <EntityQueues />
      <EventTransitions>
        <OOEGEventTransition>
          <No>1</No>
          <Event>
            <ID>0</ID>
            <Name>Enter</Name>
            <Parameters />
            <Type>Regular</Type>
            <X>129.514984</X>
            <Y>103.606773</Y>
          </Event>
          <Action>Q++; JI++;</Action>
          <Edges>
            <OOEGEdgeTransition>
              <EdgeNo>1</EdgeNo>
              <Condition>M &gt; 0</Condition>
              <Delay>0</Delay>
              <Parameters />
              <NextEvent>Load</NextEvent>
              <IsCancelingEdge>false</IsCancelingEdge>
              <FromPort>0</FromPort>
              <ToPort>0</ToPort>
              <LinkStyle>0</LinkStyle>
              <AdjustingStyle>1</AdjustingStyle>
              <Curviness>10</Curviness>
              <Points>
                <OOEGPoint>
                  <X>190.638672</X>
                  <Y>114.345619</Y>
                </OOEGPoint>
                <OOEGPoint>
                  <X>214.18576</X>
                  <Y>110</Y>
                </OOEGPoint>
                <OOEGPoint>
                  <X>237.732849</X>
                  <Y>110</Y>
                </OOEGPoint>
                <OOEGPoint>
                  <X>261.279938</X>
                  <Y>114.505142</Y>
                </OOEGPoint>
              </Points>
            </OOEGEdgeTransition>
          </Edges>
          <InitialEvent>false</InitialEvent>
        </OOEGEventTransition>
        <OOEGEventTransition>
          <No>2</No>
          <Event>
            <ID>0</ID>
            <Name>Load</Name>
            <Parameters />
            <Type>Regular</Type>
            <X>261.779938</X>
            <Y>103.606773</Y>
          </Event>
          <Action>M--; Q--;</Action>
          <Edges>
            <OOEGEdgeTransition>
              <EdgeNo>1</EdgeNo>
              <Condition>true</Condition>
              <Delay>15</Delay>
              <Parameters />
              <NextEvent>Unload</NextEvent>
              <IsCancelingEdge>false</IsCancelingEdge>
              <FromPort>0</FromPort>
              <ToPort>0</ToPort>
              <LinkStyle>0</LinkStyle>
              <AdjustingStyle>1</AdjustingStyle>
              <Curviness>10</Curviness>
              <Points>
                <OOEGPoint>
                  <X>318.720032</X>
                  <Y>115.683578</Y>
                </OOEGPoint>
                <OOEGPoint>
                  <X>356.536652</X>
                  <Y>110</Y>
                </OOEGPoint>
                <OOEGPoint>
                  <X>394.3533</X>
                  <Y>110</Y>
                </OOEGPoint>
                <OOEGPoint>
                  <X>432.169922</X>
                  <Y>114.999107</Y>
                </OOEGPoint>
              </Points>
            </OOEGEdgeTransition>
          </Edges>
          <InitialEvent>false</InitialEvent>
        </OOEGEventTransition>
        <OOEGEventTransition>
          <No>3</No>
          <Event>
            <ID>0</ID>
            <Name>Unload</Name>
            <Parameters />
            <Type>Regular</Type>
            <X>432.669922</X>
            <Y>103.606773</Y>
          </Event>
          <Action>M++; JO++;</Action>
          <Edges>
            <OOEGEdgeTransition>
              <EdgeNo>1</EdgeNo>
              <Condition>true</Condition>
              <Delay>0</Delay>
              <Parameters />
              <NextEvent>Depart</NextEvent>
              <IsCancelingEdge>false</IsCancelingEdge>
              <FromPort>0</FromPort>
              <ToPort>0</ToPort>
              <LinkStyle>0</LinkStyle>
              <AdjustingStyle>1</AdjustingStyle>
              <Curviness>10</Curviness>
              <Points>
                <OOEGPoint>
                  <X>507.830078</X>
                  <Y>113.997589</Y>
                </OOEGPoint>
                <OOEGPoint>
                  <X>533.0248</X>
                  <Y>110</Y>
                </OOEGPoint>
                <OOEGPoint>
                  <X>558.2194</X>
                  <Y>110</Y>
                </OOEGPoint>
                <OOEGPoint>
                  <X>583.4141</X>
                  <Y>114.075684</Y>
                </OOEGPoint>
              </Points>
            </OOEGEdgeTransition>
            <OOEGEdgeTransition>
              <EdgeNo>1</EdgeNo>
              <Condition>Q &gt; 0</Condition>
              <Delay>0</Delay>
              <Parameters />
              <NextEvent>Load</NextEvent>
              <IsCancelingEdge>false</IsCancelingEdge>
              <FromPort>0</FromPort>
              <ToPort>0</ToPort>
              <LinkStyle>1</LinkStyle>
              <AdjustingStyle>1</AdjustingStyle>
              <Curviness>10</Curviness>
              <Points>
                <OOEGPoint>
                  <X>432.169922</X>
                  <Y>120</Y>
                </OOEGPoint>
                <OOEGPoint>
                  <X>422.169922</X>
                  <Y>120</Y>
                </OOEGPoint>
                <OOEGPoint>
                  <X>381</X>
                  <Y>120</Y>
                </OOEGPoint>
                <OOEGPoint>
                  <X>381</X>
                  <Y>120</Y>
                </OOEGPoint>
                <OOEGPoint>
                  <X>328.720032</X>
                  <Y>120</Y>
                </OOEGPoint>
                <OOEGPoint>
                  <X>318.720032</X>
                  <Y>120</Y>
                </OOEGPoint>
              </Points>
            </OOEGEdgeTransition>
          </Edges>
          <InitialEvent>false</InitialEvent>
        </OOEGEventTransition>
        <OOEGEventTransition>
          <No>4</No>
          <Event>
            <ID>0</ID>
            <Name>Depart</Name>
            <Parameters />
            <Type>Mirror</Type>
            <X>583.9141</X>
            <Y>103.606773</Y>
          </Event>
          <Action />
          <Edges>
            <OOEGEdgeTransition>
              <EdgeNo>1</EdgeNo>
              <Condition>true</Condition>
              <Delay>0</Delay>
              <Parameters />
              <NextEvent />
              <IsCancelingEdge>false</IsCancelingEdge>
              <FromPort>0</FromPort>
              <ToPort>0</ToPort>
              <LinkStyle>0</LinkStyle>
              <AdjustingStyle>0</AdjustingStyle>
              <Curviness>0</Curviness>
              <Points />
            </OOEGEdgeTransition>
          </Edges>
          <InitialEvent>false</InitialEvent>
        </OOEGEventTransition>
      </EventTransitions>
      <StateVariables>
        <OOEGStateVariable>
          <Name>JI</Name>
          <Row>1</Row>
          <Col>1</Col>
          <ValueType>int</ValueType>
          <InitialValue>0</InitialValue>
          <Description />
        </OOEGStateVariable>
        <OOEGStateVariable>
          <Name>JO</Name>
          <Row>1</Row>
          <Col>1</Col>
          <ValueType>int</ValueType>
          <InitialValue>0</InitialValue>
          <Description />
        </OOEGStateVariable>
        <OOEGStateVariable>
          <Name>M</Name>
          <Row>1</Row>
          <Col>1</Col>
          <ValueType>int</ValueType>
          <InitialValue>1</InitialValue>
          <Description />
        </OOEGStateVariable>
        <OOEGStateVariable>
          <Name>Q</Name>
          <Row>1</Row>
          <Col>1</Col>
          <ValueType>int</ValueType>
          <InitialValue>0</InitialValue>
          <Description />
        </OOEGStateVariable>
      </StateVariables>
      <Parameters />
      <X>194.923645</X>
      <Y>97.11409</Y>
      <InitialEventName />
      <BoundaryEvents />
    </OOEGEventObjectModel>
    <OOEGEventObjectModel>
      <ID>0ec7b573-0480-453c-84a8-210f3272f16d</ID>
      <Name>Machine with Limited capacity queue</Name>
      <Description />
      <BackgroundColor>-1</BackgroundColor>
      <Functions />
      <Schedules />
      <EntityQueues />
      <EventTransitions>
        <OOEGEventTransition>
          <No>1</No>
          <Event>
            <ID>0</ID>
            <Name>Enter</Name>
            <Parameters />
            <Type>Regular</Type>
            <X>19.514986</X>
            <Y>63.6067734</Y>
          </Event>
          <Action>Q++; UB=Q&lt;c; JI++;</Action>
          <Edges>
            <OOEGEdgeTransition>
              <EdgeNo>1</EdgeNo>
              <Condition>M &gt; 0</Condition>
              <Delay>0</Delay>
              <Parameters />
              <NextEvent>Load</NextEvent>
              <IsCancelingEdge>false</IsCancelingEdge>
              <FromPort>0</FromPort>
              <ToPort>0</ToPort>
              <LinkStyle>0</LinkStyle>
              <AdjustingStyle>1</AdjustingStyle>
              <Curviness>10</Curviness>
              <Points>
                <OOEGPoint>
                  <X>80.98503</X>
                  <Y>74.30597</Y>
                </OOEGPoint>
                <OOEGPoint>
                  <X>104.416664</X>
                  <Y>70</Y>
                </OOEGPoint>
                <OOEGPoint>
                  <X>127.848305</X>
                  <Y>70</Y>
                </OOEGPoint>
                <OOEGPoint>
                  <X>151.279938</X>
                  <Y>74.49298</Y>
                </OOEGPoint>
              </Points>
            </OOEGEdgeTransition>
          </Edges>
          <InitialEvent>false</InitialEvent>
        </OOEGEventTransition>
        <OOEGEventTransition>
          <No>2</No>
          <Event>
            <ID>0</ID>
            <Name>Load</Name>
            <Parameters />
            <Type>Regular</Type>
            <X>151.779938</X>
            <Y>63.6067734</Y>
          </Event>
          <Action>M--; Q--; UB=true;</Action>
          <Edges>
            <OOEGEdgeTransition>
              <EdgeNo>1</EdgeNo>
              <Condition>true</Condition>
              <Delay>15</Delay>
              <Parameters />
              <NextEvent>Unload</NextEvent>
              <IsCancelingEdge>false</IsCancelingEdge>
              <FromPort>0</FromPort>
              <ToPort>0</ToPort>
              <LinkStyle>0</LinkStyle>
              <AdjustingStyle>1</AdjustingStyle>
              <Curviness>10</Curviness>
              <Points>
                <OOEGPoint>
                  <X>208.720032</X>
                  <Y>75.68358</Y>
                </OOEGPoint>
                <OOEGPoint>
                  <X>246.536667</X>
                  <Y>70</Y>
                </OOEGPoint>
                <OOEGPoint>
                  <X>284.3533</X>
                  <Y>70</Y>
                </OOEGPoint>
                <OOEGPoint>
                  <X>322.169922</X>
                  <Y>74.99911</Y>
                </OOEGPoint>
              </Points>
            </OOEGEdgeTransition>
            <OOEGEdgeTransition>
              <EdgeNo>1</EdgeNo>
              <Condition>B==1</Condition>
              <Delay>0</Delay>
              <Parameters />
              <NextEvent>Unblock</NextEvent>
              <IsCancelingEdge>false</IsCancelingEdge>
              <FromPort>0</FromPort>
              <ToPort>0</ToPort>
              <LinkStyle>0</LinkStyle>
              <AdjustingStyle>1</AdjustingStyle>
              <Curviness>10</Curviness>
              <Points>
                <OOEGPoint>
                  <X>184.481766</X>
                  <Y>96.89323</Y>
                </OOEGPoint>
                <OOEGPoint>
                  <X>190.315735</X>
                  <Y>118.883286</Y>
                </OOEGPoint>
                <OOEGPoint>
                  <X>190.4948</X>
                  <Y>140.954468</Y>
                </OOEGPoint>
                <OOEGPoint>
                  <X>185.00087</X>
                  <Y>163.106766</Y>
                </OOEGPoint>
              </Points>
            </OOEGEdgeTransition>
          </Edges>
          <InitialEvent>false</InitialEvent>
        </OOEGEventTransition>
        <OOEGEventTransition>
          <No>3</No>
          <Event>
            <ID>0</ID>
            <Name>Unload</Name>
            <Parameters />
            <Type>Regular</Type>
            <X>322.669922</X>
            <Y>63.6067734</Y>
          </Event>
          <Action>M++; JO++;</Action>
          <Edges>
            <OOEGEdgeTransition>
              <EdgeNo>1</EdgeNo>
              <Condition>true</Condition>
              <Delay>0</Delay>
              <Parameters />
              <NextEvent>Depart</NextEvent>
              <IsCancelingEdge>false</IsCancelingEdge>
              <FromPort>0</FromPort>
              <ToPort>0</ToPort>
              <LinkStyle>0</LinkStyle>
              <AdjustingStyle>1</AdjustingStyle>
              <Curviness>10</Curviness>
              <Points>
                <OOEGPoint>
                  <X>397.830078</X>
                  <Y>73.99758</Y>
                </OOEGPoint>
                <OOEGPoint>
                  <X>423.02475</X>
                  <Y>70</Y>
                </OOEGPoint>
                <OOEGPoint>
                  <X>448.219452</X>
                  <Y>70</Y>
                </OOEGPoint>
                <OOEGPoint>
                  <X>473.414124</X>
                  <Y>74.07568</Y>
                </OOEGPoint>
              </Points>
            </OOEGEdgeTransition>
            <OOEGEdgeTransition>
              <EdgeNo>1</EdgeNo>
              <Condition>Q &gt; 0</Condition>
              <Delay>0</Delay>
              <Parameters />
              <NextEvent>Load</NextEvent>
              <IsCancelingEdge>false</IsCancelingEdge>
              <FromPort>0</FromPort>
              <ToPort>0</ToPort>
              <LinkStyle>1</LinkStyle>
              <AdjustingStyle>1</AdjustingStyle>
              <Curviness>10</Curviness>
              <Points>
                <OOEGPoint>
                  <X>322.169922</X>
                  <Y>80</Y>
                </OOEGPoint>
                <OOEGPoint>
                  <X>312.169922</X>
                  <Y>80</Y>
                </OOEGPoint>
                <OOEGPoint>
                  <X>271</X>
                  <Y>80</Y>
                </OOEGPoint>
                <OOEGPoint>
                  <X>271</X>
                  <Y>80</Y>
                </OOEGPoint>
                <OOEGPoint>
                  <X>218.720032</X>
                  <Y>80</Y>
                </OOEGPoint>
                <OOEGPoint>
                  <X>208.720032</X>
                  <Y>80</Y>
                </OOEGPoint>
              </Points>
            </OOEGEdgeTransition>
          </Edges>
          <InitialEvent>false</InitialEvent>
        </OOEGEventTransition>
        <OOEGEventTransition>
          <No>4</No>
          <Event>
            <ID>0</ID>
            <Name>Depart</Name>
            <Parameters />
            <Type>Mirror</Type>
            <X>473.914124</X>
            <Y>63.6067734</Y>
          </Event>
          <Action />
          <Edges>
            <OOEGEdgeTransition>
              <EdgeNo>1</EdgeNo>
              <Condition>true</Condition>
              <Delay>0</Delay>
              <Parameters />
              <NextEvent />
              <IsCancelingEdge>false</IsCancelingEdge>
              <FromPort>0</FromPort>
              <ToPort>0</ToPort>
              <LinkStyle>0</LinkStyle>
              <AdjustingStyle>0</AdjustingStyle>
              <Curviness>0</Curviness>
              <Points />
            </OOEGEdgeTransition>
          </Edges>
          <InitialEvent>false</InitialEvent>
        </OOEGEventTransition>
        <OOEGEventTransition>
          <No>5</No>
          <Event>
            <ID>0</ID>
            <Name>Unblock</Name>
            <Parameters />
            <Type>Mirror</Type>
            <X>140.168</X>
            <Y>163.606766</Y>
          </Event>
          <Action />
          <Edges>
            <OOEGEdgeTransition>
              <EdgeNo>1</EdgeNo>
              <Condition>true</Condition>
              <Delay>0</Delay>
              <Parameters />
              <NextEvent />
              <IsCancelingEdge>false</IsCancelingEdge>
              <FromPort>0</FromPort>
              <ToPort>0</ToPort>
              <LinkStyle>0</LinkStyle>
              <AdjustingStyle>0</AdjustingStyle>
              <Curviness>0</Curviness>
              <Points />
            </OOEGEdgeTransition>
          </Edges>
          <InitialEvent>false</InitialEvent>
        </OOEGEventTransition>
      </EventTransitions>
      <StateVariables>
        <OOEGStateVariable>
          <Name>B</Name>
          <Row>1</Row>
          <Col>1</Col>
          <ValueType>int</ValueType>
          <InitialValue>0</InitialValue>
          <Description />
        </OOEGStateVariable>
        <OOEGStateVariable>
          <Name>c</Name>
          <Row>1</Row>
          <Col>1</Col>
          <ValueType>int</ValueType>
          <InitialValue>5</InitialValue>
          <Description />
        </OOEGStateVariable>
        <OOEGStateVariable>
          <Name>JI</Name>
          <Row>1</Row>
          <Col>1</Col>
          <ValueType>int</ValueType>
          <InitialValue>0</InitialValue>
          <Description />
        </OOEGStateVariable>
        <OOEGStateVariable>
          <Name>JO</Name>
          <Row>1</Row>
          <Col>1</Col>
          <ValueType>int</ValueType>
          <InitialValue>0</InitialValue>
          <Description />
        </OOEGStateVariable>
        <OOEGStateVariable>
          <Name>M</Name>
          <Row>1</Row>
          <Col>1</Col>
          <ValueType>int</ValueType>
          <InitialValue>1</InitialValue>
          <Description />
        </OOEGStateVariable>
        <OOEGStateVariable>
          <Name>Q</Name>
          <Row>1</Row>
          <Col>1</Col>
          <ValueType>int</ValueType>
          <InitialValue>0</InitialValue>
          <Description />
        </OOEGStateVariable>
        <OOEGStateVariable>
          <Name>UB</Name>
          <Row>1</Row>
          <Col>1</Col>
          <ValueType>bool</ValueType>
          <InitialValue>False</InitialValue>
          <Description />
        </OOEGStateVariable>
      </StateVariables>
      <Parameters />
      <X>328.736328</X>
      <Y>66.6930847</Y>
      <InitialEventName />
      <BoundaryEvents />
    </OOEGEventObjectModel>
    <OOEGEventObjectModel>
      <ID>edecb0fc-74b9-43ba-9d79-6249eb51478d</ID>
      <Name>Time-out Machine</Name>
      <Description />
      <BackgroundColor>-1</BackgroundColor>
      <Functions />
      <Schedules />
      <EntityQueues />
      <EventTransitions>
        <OOEGEventTransition>
          <No>1</No>
          <Event>
            <ID>0</ID>
            <Name>Enter</Name>
            <Parameters />
            <Type>Regular</Type>
            <X>19.5149841</X>
            <Y>103.606773</Y>
          </Event>
          <Action>Q++; JI++;</Action>
          <Edges>
            <OOEGEdgeTransition>
              <EdgeNo>1</EdgeNo>
              <Condition>M &gt; 0</Condition>
              <Delay>0</Delay>
              <Parameters />
              <NextEvent>Load</NextEvent>
              <IsCancelingEdge>false</IsCancelingEdge>
              <FromPort>0</FromPort>
              <ToPort>0</ToPort>
              <LinkStyle>0</LinkStyle>
              <AdjustingStyle>1</AdjustingStyle>
              <Curviness>10</Curviness>
              <Points>
                <OOEGPoint>
                  <X>80.98503</X>
                  <Y>114.305969</Y>
                </OOEGPoint>
                <OOEGPoint>
                  <X>104.416672</X>
                  <Y>110</Y>
                </OOEGPoint>
                <OOEGPoint>
                  <X>127.8483</X>
                  <Y>110</Y>
                </OOEGPoint>
                <OOEGPoint>
                  <X>151.279938</X>
                  <Y>114.492973</Y>
                </OOEGPoint>
              </Points>
            </OOEGEdgeTransition>
            <OOEGEdgeTransition>
              <EdgeNo>1</EdgeNo>
              <Condition>M==0</Condition>
              <Delay>100</Delay>
              <Parameters />
              <NextEvent>TimeOut</NextEvent>
              <IsCancelingEdge>false</IsCancelingEdge>
              <FromPort>0</FromPort>
              <ToPort>0</ToPort>
              <LinkStyle>0</LinkStyle>
              <AdjustingStyle>1</AdjustingStyle>
              <Curviness>10</Curviness>
              <Points>
                <OOEGPoint>
                  <X>80.98503</X>
                  <Y>126.532494</Y>
                </OOEGPoint>
                <OOEGPoint>
                  <X>126.127075</X>
                  <Y>136.049683</Y>
                </OOEGPoint>
                <OOEGPoint>
                  <X>167.9656</X>
                  <Y>150.693176</Y>
                </OOEGPoint>
                <OOEGPoint>
                  <X>214.743378</X>
                  <Y>173.106766</Y>
                </OOEGPoint>
              </Points>
            </OOEGEdgeTransition>
          </Edges>
          <InitialEvent>false</InitialEvent>
        </OOEGEventTransition>
        <OOEGEventTransition>
          <No>2</No>
          <Event>
            <ID>0</ID>
            <Name>Load</Name>
            <Parameters />
            <Type>Regular</Type>
            <X>151.779938</X>
            <Y>103.606773</Y>
          </Event>
          <Action>M--; Q--;</Action>
          <Edges>
            <OOEGEdgeTransition>
              <EdgeNo>1</EdgeNo>
              <Condition>true</Condition>
              <Delay>15</Delay>
              <Parameters />
              <NextEvent>Unload</NextEvent>
              <IsCancelingEdge>false</IsCancelingEdge>
              <FromPort>0</FromPort>
              <ToPort>0</ToPort>
              <LinkStyle>0</LinkStyle>
              <AdjustingStyle>1</AdjustingStyle>
              <Curviness>10</Curviness>
              <Points>
                <OOEGPoint>
                  <X>208.720032</X>
                  <Y>115.683578</Y>
                </OOEGPoint>
                <OOEGPoint>
                  <X>246.536652</X>
                  <Y>110</Y>
                </OOEGPoint>
                <OOEGPoint>
                  <X>284.3533</X>
                  <Y>110</Y>
                </OOEGPoint>
                <OOEGPoint>
                  <X>322.169922</X>
                  <Y>114.999107</Y>
                </OOEGPoint>
              </Points>
            </OOEGEdgeTransition>
          </Edges>
          <InitialEvent>false</InitialEvent>
        </OOEGEventTransition>
        <OOEGEventTransition>
          <No>3</No>
          <Event>
            <ID>0</ID>
            <Name>Unload</Name>
            <Parameters />
            <Type>Regular</Type>
            <X>322.669922</X>
            <Y>103.606773</Y>
          </Event>
          <Action>M++; JO++;</Action>
          <Edges>
            <OOEGEdgeTransition>
              <EdgeNo>1</EdgeNo>
              <Condition>true</Condition>
              <Delay>0</Delay>
              <Parameters />
              <NextEvent>Depart</NextEvent>
              <IsCancelingEdge>false</IsCancelingEdge>
              <FromPort>0</FromPort>
              <ToPort>0</ToPort>
              <LinkStyle>0</LinkStyle>
              <AdjustingStyle>1</AdjustingStyle>
              <Curviness>10</Curviness>
              <Points>
                <OOEGPoint>
                  <X>397.830078</X>
                  <Y>113.999321</Y>
                </OOEGPoint>
                <OOEGPoint>
                  <X>423.04303</X>
                  <Y>110</Y>
                </OOEGPoint>
                <OOEGPoint>
                  <X>448.25592</X>
                  <Y>110</Y>
                </OOEGPoint>
                <OOEGPoint>
                  <X>473.468872</X>
                  <Y>114.077438</Y>
                </OOEGPoint>
              </Points>
            </OOEGEdgeTransition>
            <OOEGEdgeTransition>
              <EdgeNo>1</EdgeNo>
              <Condition>Q &gt; 0</Condition>
              <Delay>0</Delay>
              <Parameters />
              <NextEvent>TimeOut</NextEvent>
              <IsCancelingEdge>true</IsCancelingEdge>
              <FromPort>0</FromPort>
              <ToPort>0</ToPort>
              <LinkStyle>0</LinkStyle>
              <AdjustingStyle>1</AdjustingStyle>
              <Curviness>10</Curviness>
              <Points>
                <OOEGPoint>
                  <X>341.8666</X>
                  <Y>136.893219</Y>
                </OOEGPoint>
                <OOEGPoint>
                  <X>319.853271</X>
                  <Y>157.401</Y>
                </OOEGPoint>
                <OOEGPoint>
                  <X>300.884247</X>
                  <Y>169.472183</Y>
                </OOEGPoint>
                <OOEGPoint>
                  <X>291.874847</X>
                  <Y>173.106766</Y>
                </OOEGPoint>
              </Points>
            </OOEGEdgeTransition>
            <OOEGEdgeTransition>
              <EdgeNo>1</EdgeNo>
              <Condition>Q &gt; 0</Condition>
              <Delay>0</Delay>
              <Parameters />
              <NextEvent>Load</NextEvent>
              <IsCancelingEdge>false</IsCancelingEdge>
              <FromPort>0</FromPort>
              <ToPort>0</ToPort>
              <LinkStyle>2</LinkStyle>
              <AdjustingStyle>1</AdjustingStyle>
              <Curviness>10</Curviness>
              <Points>
                <OOEGPoint>
                  <X>322.169922</X>
                  <Y>125.000893</Y>
                </OOEGPoint>
                <OOEGPoint>
                  <X>284.3533</X>
                  <Y>130</Y>
                </OOEGPoint>
                <OOEGPoint>
                  <X>246.536652</X>
                  <Y>130</Y>
                </OOEGPoint>
                <OOEGPoint>
                  <X>208.720032</X>
                  <Y>124.316422</Y>
                </OOEGPoint>
              </Points>
            </OOEGEdgeTransition>
          </Edges>
          <InitialEvent>false</InitialEvent>
        </OOEGEventTransition>
        <OOEGEventTransition>
          <No>4</No>
          <Event>
            <ID>0</ID>
            <Name>Depart</Name>
            <Parameters />
            <Type>Mirror</Type>
            <X>473.877625</X>
            <Y>103.606773</Y>
          </Event>
          <Action />
          <Edges>
            <OOEGEdgeTransition>
              <EdgeNo>1</EdgeNo>
              <Condition>true</Condition>
              <Delay>0</Delay>
              <Parameters />
              <NextEvent />
              <IsCancelingEdge>false</IsCancelingEdge>
              <FromPort>0</FromPort>
              <ToPort>0</ToPort>
              <LinkStyle>0</LinkStyle>
              <AdjustingStyle>0</AdjustingStyle>
              <Curviness>0</Curviness>
              <Points />
            </OOEGEdgeTransition>
          </Edges>
          <InitialEvent>false</InitialEvent>
        </OOEGEventTransition>
        <OOEGEventTransition>
          <No>5</No>
          <Event>
            <ID>0</ID>
            <Name>TimeOut</Name>
            <Parameters />
            <Type>Regular</Type>
            <X>207.000671</X>
            <Y>173.606766</Y>
          </Event>
          <Action>Q--; JT++;</Action>
          <Edges>
            <OOEGEdgeTransition>
              <EdgeNo>1</EdgeNo>
              <Condition>true</Condition>
              <Delay>0</Delay>
              <Parameters />
              <NextEvent />
              <IsCancelingEdge>false</IsCancelingEdge>
              <FromPort>0</FromPort>
              <ToPort>0</ToPort>
              <LinkStyle>0</LinkStyle>
              <AdjustingStyle>0</AdjustingStyle>
              <Curviness>0</Curviness>
              <Points />
            </OOEGEdgeTransition>
          </Edges>
          <InitialEvent>false</InitialEvent>
        </OOEGEventTransition>
      </EventTransitions>
      <StateVariables>
        <OOEGStateVariable>
          <Name>JI</Name>
          <Row>1</Row>
          <Col>1</Col>
          <ValueType>int</ValueType>
          <InitialValue>0</InitialValue>
          <Description />
        </OOEGStateVariable>
        <OOEGStateVariable>
          <Name>JO</Name>
          <Row>1</Row>
          <Col>1</Col>
          <ValueType>int</ValueType>
          <InitialValue>0</InitialValue>
          <Description />
        </OOEGStateVariable>
        <OOEGStateVariable>
          <Name>JT</Name>
          <Row>1</Row>
          <Col>1</Col>
          <ValueType>int</ValueType>
          <InitialValue>0</InitialValue>
          <Description />
        </OOEGStateVariable>
        <OOEGStateVariable>
          <Name>M</Name>
          <Row>1</Row>
          <Col>1</Col>
          <ValueType>int</ValueType>
          <InitialValue>1</InitialValue>
          <Description />
        </OOEGStateVariable>
        <OOEGStateVariable>
          <Name>Q</Name>
          <Row>1</Row>
          <Col>1</Col>
          <ValueType>int</ValueType>
          <InitialValue>0</InitialValue>
          <Description />
        </OOEGStateVariable>
      </StateVariables>
      <Parameters />
      <X>356.3805</X>
      <Y>97.13273</Y>
      <InitialEventName />
      <BoundaryEvents />
    </OOEGEventObjectModel>
  </EventObjectModels>
  <StateObjectModels />
  <ActivityObjectModels />
  <Experiments>
    <OOMMExperiment>
      <ID>f7b8b8a2-3427-4561-ad37-259cdfeecfb8</ID>
      <Name>Simulation 1</Name>
      <Type>SIMULATION</Type>
      <EOSTime>3600</EOSTime>
      <EOSTimeUnit>Seconds</EOSTimeUnit>
      <UseRandSeed>false</UseRandSeed>
      <FastForward>true</FastForward>
      <Parallel>false</Parallel>
      <RandSeed>0</RandSeed>
    </OOMMExperiment>
  </Experiments>
  <DataSources />
  <Entities />
  <UserClasses />
  <FileName>C:\Users\dongh_000\Drive\My Shared Workspace\SEA Simulator\models\EG\limited_buffer_tandem_line.xml</FileName>
  <ObjectInteractionDiagram>
    <DataSourceNodes />
    <ObjectInteractionEdges>
      <OOMMObjectInteractionEdge>
        <ID>-2147483642</ID>
        <MirrorTriggerName>Enter</MirrorTriggerName>
        <MirrorObject>3fbcabb5-3146-4a35-adea-e54bf65df5a3</MirrorObject>
        <MirrorPort>17</MirrorPort>
        <BoundaryTriggerName>Enter</BoundaryTriggerName>
        <BoundaryObject>61ddea40-f5da-4deb-a655-4e11d8e08402</BoundaryObject>
        <BoundaryPort>16</BoundaryPort>
        <Type>SchedulingLink</Type>
        <StrokeStyle>0</StrokeStyle>
      </OOMMObjectInteractionEdge>
      <OOMMObjectInteractionEdge>
        <ID>-2147483641</ID>
        <MirrorTriggerName>Depart</MirrorTriggerName>
        <MirrorObject>61ddea40-f5da-4deb-a655-4e11d8e08402</MirrorObject>
        <MirrorPort>13</MirrorPort>
        <BoundaryTriggerName>Enter</BoundaryTriggerName>
        <BoundaryObject>1d34fe31-0969-4c7f-ab27-f31104e57fd9</BoundaryObject>
        <BoundaryPort>12</BoundaryPort>
        <Type>SchedulingLink</Type>
        <StrokeStyle>0</StrokeStyle>
      </OOMMObjectInteractionEdge>
      <OOMMObjectInteractionEdge>
        <ID>-2147483640</ID>
        <MirrorTriggerName>Unblock</MirrorTriggerName>
        <MirrorObject>1d34fe31-0969-4c7f-ab27-f31104e57fd9</MirrorObject>
        <MirrorPort>16</MirrorPort>
        <BoundaryTriggerName>Unload</BoundaryTriggerName>
        <BoundaryObject>61ddea40-f5da-4deb-a655-4e11d8e08402</BoundaryObject>
        <BoundaryPort>17</BoundaryPort>
        <Type>SchedulingLink</Type>
        <StrokeStyle>0</StrokeStyle>
      </OOMMObjectInteractionEdge>
    </ObjectInteractionEdges>
    <DataAssociations />
    <StateVariableUpdateEdges>
      <OOMMStateVariableUpdateEdge>
        <ID>0</ID>
        <SourceStateVariable />
        <SourceEventObject>1d34fe31-0969-4c7f-ab27-f31104e57fd9</SourceEventObject>
        <SourceEventPort>20</SourceEventPort>
        <DestinationStateVariable>UB</DestinationStateVariable>
        <DestinationEventObject>61ddea40-f5da-4deb-a655-4e11d8e08402</DestinationEventObject>
        <DestinationEventPort>21</DestinationEventPort>
        <Type>StateVariableUpdateLink</Type>
        <StrokeStyle>0</StrokeStyle>
      </OOMMStateVariableUpdateEdge>
      <OOMMStateVariableUpdateEdge>
        <ID>0</ID>
        <SourceStateVariable>B</SourceStateVariable>
        <SourceEventObject>61ddea40-f5da-4deb-a655-4e11d8e08402</SourceEventObject>
        <SourceEventPort>11</SourceEventPort>
        <DestinationStateVariable>B</DestinationStateVariable>
        <DestinationEventObject>1d34fe31-0969-4c7f-ab27-f31104e57fd9</DestinationEventObject>
        <DestinationEventPort>1</DestinationEventPort>
        <Type>StateVariableUpdateLink</Type>
        <StrokeStyle>0</StrokeStyle>
      </OOMMStateVariableUpdateEdge>
    </StateVariableUpdateEdges>
    <Texts />
    <Labels />
    <DataSetNodes />
    <HistogramDataNodes />
    <StatisticsNodes />
    <BarCharts />
    <PieCharts />
    <Plots />
    <TimePlots>
      <OOMMTimePlot>
        <Title>In &amp; Out Jobs</Title>
        <Description>dasdasdasd</Description>
        <Dimension>
          <X>26.357872</X>
          <Y>143.5495</Y>
          <Width>439.1282</Width>
          <Height>247.980835</Height>
        </Dimension>
        <Series>
          <Values>
            <OOMMSeries>
              <Name>M2_JI</Name>
              <Value>M2.JI</Value>
              <Type>Bar</Type>
              <Appearance>
                <MarkerColor>Black</MarkerColor>
                <LineColor>Indigo</LineColor>
                <MarkerType>Diamond</MarkerType>
                <BackgroundColor />
                <LineWidth>2</LineWidth>
              </Appearance>
            </OOMMSeries>
            <OOMMSeries>
              <Name>M1_JO</Name>
              <Value>M1.JO</Value>
              <Type>Bar</Type>
              <Appearance>
                <MarkerColor>Black</MarkerColor>
                <LineColor>Red</LineColor>
                <MarkerType>Diamond</MarkerType>
                <BackgroundColor />
                <LineWidth>2</LineWidth>
              </Appearance>
            </OOMMSeries>
            <OOMMSeries>
              <Name>M2_JO</Name>
              <Value>M2.JO</Value>
              <Type>Bar</Type>
              <Appearance>
                <MarkerColor>Black</MarkerColor>
                <LineColor>DeepSkyBlue</LineColor>
                <MarkerType>Diamond</MarkerType>
                <BackgroundColor />
                <LineWidth>2</LineWidth>
              </Appearance>
            </OOMMSeries>
            <OOMMSeries>
              <Name>M1_JI</Name>
              <Value>M1.JI</Value>
              <Type>Bar</Type>
              <Appearance>
                <MarkerColor>Black</MarkerColor>
                <LineColor>DimGray</LineColor>
                <MarkerType>Diamond</MarkerType>
                <BackgroundColor />
                <LineWidth>2</LineWidth>
              </Appearance>
            </OOMMSeries>
          </Values>
        </Series>
        <Appearance>
          <BackgroundColor>White</BackgroundColor>
          <NameColor>Black</NameColor>
          <DescriptionColor>Black</DescriptionColor>
          <BorderColor>Black</BorderColor>
          <BorderWeight>1</BorderWeight>
        </Appearance>
      </OOMMTimePlot>
    </TimePlots>
    <DonutCharts />
    <ScatterCharts />
    <BoxWhiskerCharts />
    <Histograms />
    <Tiles />
    <ObjectNodes>
      <OOMMObjectNode>
        <NodeID>3fbcabb5-3146-4a35-adea-e54bf65df5a3</NodeID>
        <ModelID>439b139a-ee2d-4638-ba38-48b15788f0b1</ModelID>
        <Name>Job Gen</Name>
        <X>24.9225845</X>
        <Y>66.6930847</Y>
        <BackgroundColor>-1</BackgroundColor>
        <StateVariables />
        <Type>EventObject</Type>
      </OOMMObjectNode>
      <OOMMObjectNode>
        <NodeID>1d34fe31-0969-4c7f-ab27-f31104e57fd9</NodeID>
        <ModelID>0ec7b573-0480-453c-84a8-210f3272f16d</ModelID>
        <Name>M2</Name>
        <X>328.736328</X>
        <Y>66.6930847</Y>
        <BackgroundColor>-1</BackgroundColor>
        <StateVariables>
          <OOMMObjectStateVariable>
            <Name>JI</Name>
            <Value>0</Value>
          </OOMMObjectStateVariable>
          <OOMMObjectStateVariable>
            <Name>JO</Name>
            <Value>0</Value>
          </OOMMObjectStateVariable>
          <OOMMObjectStateVariable>
            <Name>M</Name>
            <Value>1</Value>
          </OOMMObjectStateVariable>
          <OOMMObjectStateVariable>
            <Name>Q</Name>
            <Value>0</Value>
          </OOMMObjectStateVariable>
          <OOMMObjectStateVariable>
            <Name>c</Name>
            <Value>5</Value>
          </OOMMObjectStateVariable>
          <OOMMObjectStateVariable>
            <Name>UB</Name>
            <Value>0</Value>
          </OOMMObjectStateVariable>
        </StateVariables>
        <Type>EventObject</Type>
      </OOMMObjectNode>
      <OOMMObjectNode>
        <NodeID>61ddea40-f5da-4deb-a655-4e11d8e08402</NodeID>
        <ModelID>0fd782a1-d95b-48b7-bdca-c7990c91ed0b</ModelID>
        <Name>M1</Name>
        <X>172.405792</X>
        <Y>66.69309</Y>
        <BackgroundColor>-1</BackgroundColor>
        <StateVariables>
          <OOMMObjectStateVariable>
            <Name>JI</Name>
            <Value>0</Value>
          </OOMMObjectStateVariable>
          <OOMMObjectStateVariable>
            <Name>JO</Name>
            <Value>0</Value>
          </OOMMObjectStateVariable>
          <OOMMObjectStateVariable>
            <Name>M</Name>
            <Value>1</Value>
          </OOMMObjectStateVariable>
          <OOMMObjectStateVariable>
            <Name>Q</Name>
            <Value>0</Value>
          </OOMMObjectStateVariable>
          <OOMMObjectStateVariable>
            <Name>B</Name>
            <Value>0</Value>
          </OOMMObjectStateVariable>
          <OOMMObjectStateVariable>
            <Name>UB</Name>
            <Value>False</Value>
          </OOMMObjectStateVariable>
        </StateVariables>
        <Type>EventObject</Type>
      </OOMMObjectNode>
    </ObjectNodes>
  </ObjectInteractionDiagram>
  <ObjectNodes />
  <DataSourceNodes />
  <EventObjectSchedulingEdges />
  <DataAssociations />
  <Texts />
  <Labels />
  <DataSetNodes />
  <StatisticsNodes />
  <BarCharts />
  <PieCharts />
  <Plots />
  <TimePlots />
</OOMMModel>