<?xml version="1.0" encoding="utf-8"?>
<OOMMModel xmlns:xsi="http://www.w3.org/2001/XMLSchema-instance" xmlns:xsd="http://www.w3.org/2001/XMLSchema">
  <ID>37e9aa57-fe69-4e1c-afec-2b3bce0c5f10</ID>
  <Properties>
    <OOMMModelProperty>
      <Name>ViewScale</Name>
      <Value xsi:type="xsd:float">1.27628148</Value>
    </OOMMModelProperty>
    <OOMMModelProperty>
      <Name>GridVisibility</Name>
      <Value xsi:type="xsd:boolean">false</Value>
    </OOMMModelProperty>
  </Properties>
  <Name>Parameterzed Tandem Line Model without the machine reservation</Name>
  <Description>this model has a potential bug, which uses in-processing machine illegally. </Description>
  <Creator />
  <EventObjectModels>
    <OOEGEventObjectModel>
      <ID>439b139a-ee2d-4638-ba38-48b15788f0b1</ID>
      <Name>Job Generator</Name>
      <Description />
      <EventTransitions>
        <OOEGEventTransition>
          <No>1</No>
          <Event>
            <ID>0</ID>
            <Name>Run</Name>
            <Parameters />
            <Type>Regular</Type>
            <X>40.0000038</X>
            <Y>119.999992</Y>
          </Event>
          <Action />
          <Edges>
            <OOEGEdgeTransition>
              <EdgeNo>1</EdgeNo>
              <Condition>true</Condition>
              <Delay>0</Delay>
              <Parameters />
              <NextEvent>Arrive</NextEvent>
              <IsCancelingEdge>false</IsCancelingEdge>
              <FromPort>0</FromPort>
              <ToPort>0</ToPort>
              <LinkStyle>0</LinkStyle>
              <AdjustingStyle>1</AdjustingStyle>
              <Curviness>10</Curviness>
              <Points>
                <OOEGPoint>
                  <X>90.25</X>
                  <Y>133.159012</Y>
                </OOEGPoint>
                <OOEGPoint>
                  <X>143.333328</X>
                  <Y>126.393219</Y>
                </OOEGPoint>
                <OOEGPoint>
                  <X>196.416656</X>
                  <Y>126.393219</Y>
                </OOEGPoint>
                <OOEGPoint>
                  <X>249.499985</X>
                  <Y>132.530533</Y>
                </OOEGPoint>
              </Points>
            </OOEGEdgeTransition>
          </Edges>
          <InitialEvent>true</InitialEvent>
        </OOEGEventTransition>
        <OOEGEventTransition>
          <No>2</No>
          <Event>
            <ID>0</ID>
            <Name>Arrive</Name>
            <Parameters />
            <Type>Regular</Type>
            <X>249.999985</X>
            <Y>119.999992</Y>
          </Event>
          <Action>JobIn++;</Action>
          <Edges>
            <OOEGEdgeTransition>
              <EdgeNo>1</EdgeNo>
              <Condition>true</Condition>
              <Delay>0</Delay>
              <Parameters>0</Parameters>
              <NextEvent>Enter</NextEvent>
              <IsCancelingEdge>false</IsCancelingEdge>
              <FromPort>0</FromPort>
              <ToPort>0</ToPort>
              <LinkStyle>0</LinkStyle>
              <AdjustingStyle>1</AdjustingStyle>
              <Curviness>10</Curviness>
              <Points>
                <OOEGPoint>
                  <X>316.31897</X>
                  <Y>132.977234</Y>
                </OOEGPoint>
                <OOEGPoint>
                  <X>380.712646</X>
                  <Y>126.393219</Y>
                </OOEGPoint>
                <OOEGPoint>
                  <X>445.106354</X>
                  <Y>126.393219</Y>
                </OOEGPoint>
                <OOEGPoint>
                  <X>509.500031</X>
                  <Y>133.144592</Y>
                </OOEGPoint>
              </Points>
            </OOEGEdgeTransition>
            <OOEGEdgeTransition>
              <EdgeNo>1</EdgeNo>
              <Condition>true</Condition>
              <Delay>10</Delay>
              <Parameters />
              <NextEvent>Arrive</NextEvent>
              <IsCancelingEdge>false</IsCancelingEdge>
              <FromPort>0</FromPort>
              <ToPort>0</ToPort>
              <LinkStyle>2</LinkStyle>
              <AdjustingStyle>0</AdjustingStyle>
              <Curviness>0</Curviness>
              <Points>
                <OOEGPoint>
                  <X>276.909515</X>
                  <Y>120</Y>
                </OOEGPoint>
                <OOEGPoint>
                  <X>264.409515</X>
                  <Y>98.3493652</Y>
                </OOEGPoint>
                <OOEGPoint>
                  <X>289.409515</X>
                  <Y>98.3493652</Y>
                </OOEGPoint>
                <OOEGPoint>
                  <X>276.909515</X>
                  <Y>120</Y>
                </OOEGPoint>
              </Points>
            </OOEGEdgeTransition>
          </Edges>
          <InitialEvent>false</InitialEvent>
        </OOEGEventTransition>
        <OOEGEventTransition>
          <No>3</No>
          <Event>
            <ID>0</ID>
            <Name>Enter</Name>
            <Parameters>k</Parameters>
            <Type>Regular</Type>
            <X>510.000031</X>
            <Y>119.999992</Y>
          </Event>
          <Action />
          <Edges>
            <OOEGEdgeTransition>
              <EdgeNo>1</EdgeNo>
              <Condition>true</Condition>
              <Delay>0</Delay>
              <Parameters />
              <NextEvent />
              <IsCancelingEdge>false</IsCancelingEdge>
              <FromPort>0</FromPort>
              <ToPort>0</ToPort>
              <LinkStyle>0</LinkStyle>
              <AdjustingStyle>0</AdjustingStyle>
              <Curviness>0</Curviness>
              <Points />
            </OOEGEdgeTransition>
          </Edges>
          <InitialEvent>false</InitialEvent>
        </OOEGEventTransition>
      </EventTransitions>
      <StateVariables>
        <OOEGStateVariable>
          <Name>JobIn</Name>
          <Row>1</Row>
          <Col>1</Col>
          <ValueType>int</ValueType>
          <InitialValue>0</InitialValue>
          <Description />
        </OOEGStateVariable>
      </StateVariables>
      <Parameters />
      <Schedules />
      <X>15.2736349</X>
      <Y>142.86795</Y>
      <InitialEventName />
      <BackgroundColor>-1</BackgroundColor>
      <BoundaryEvents />
      <Functions />
    </OOEGEventObjectModel>
    <OOEGEventObjectModel>
      <ID>150a860d-1309-45e2-a54b-d8a8e2120a0d</ID>
      <Name>Tandem Line</Name>
      <Description />
      <EventTransitions>
        <OOEGEventTransition>
          <No>1</No>
          <Event>
            <ID>0</ID>
            <Name>Enter</Name>
            <Parameters>k</Parameters>
            <Type>Regular</Type>
            <X>129.514984</X>
            <Y>103.606773</Y>
          </Event>
          <Action>Q[k]++; JI[k]++;</Action>
          <Edges>
            <OOEGEdgeTransition>
              <EdgeNo>1</EdgeNo>
              <Condition>M[k] &gt; 0</Condition>
              <Delay>0</Delay>
              <Parameters>k</Parameters>
              <NextEvent>Load</NextEvent>
              <IsCancelingEdge>false</IsCancelingEdge>
              <FromPort>0</FromPort>
              <ToPort>0</ToPort>
              <LinkStyle>0</LinkStyle>
              <AdjustingStyle>1</AdjustingStyle>
              <Curviness>10</Curviness>
              <Points>
                <OOEGPoint>
                  <X>182.022324</X>
                  <Y>103.106773</Y>
                </OOEGPoint>
                <OOEGPoint>
                  <X>209.675674</X>
                  <Y>81.8940048</Y>
                </OOEGPoint>
                <OOEGPoint>
                  <X>233.1073</X>
                  <Y>69.27697</Y>
                </OOEGPoint>
                <OOEGPoint>
                  <X>261.279938</X>
                  <Y>59.7312279</Y>
                </OOEGPoint>
              </Points>
            </OOEGEdgeTransition>
          </Edges>
          <InitialEvent>false</InitialEvent>
        </OOEGEventTransition>
        <OOEGEventTransition>
          <No>2</No>
          <Event>
            <ID>0</ID>
            <Name>Load</Name>
            <Parameters>k</Parameters>
            <Type>Regular</Type>
            <X>261.779938</X>
            <Y>33.6067734</Y>
          </Event>
          <Action>M[k]--; Q[k]--;</Action>
          <Edges>
            <OOEGEdgeTransition>
              <EdgeNo>1</EdgeNo>
              <Condition>true</Condition>
              <Delay>15</Delay>
              <Parameters>k</Parameters>
              <NextEvent>Unload</NextEvent>
              <IsCancelingEdge>false</IsCancelingEdge>
              <FromPort>0</FromPort>
              <ToPort>0</ToPort>
              <LinkStyle>0</LinkStyle>
              <AdjustingStyle>1</AdjustingStyle>
              <Curviness>10</Curviness>
              <Points>
                <OOEGPoint>
                  <X>318.720032</X>
                  <Y>56.7768364</Y>
                </OOEGPoint>
                <OOEGPoint>
                  <X>360.1611</X>
                  <Y>66.55535</Y>
                </OOEGPoint>
                <OOEGPoint>
                  <X>397.977753</X>
                  <Y>81.26182</Y>
                </OOEGPoint>
                <OOEGPoint>
                  <X>438.592</X>
                  <Y>103.106773</Y>
                </OOEGPoint>
              </Points>
            </OOEGEdgeTransition>
          </Edges>
          <InitialEvent>false</InitialEvent>
        </OOEGEventTransition>
        <OOEGEventTransition>
          <No>3</No>
          <Event>
            <ID>0</ID>
            <Name>Unload</Name>
            <Parameters>k</Parameters>
            <Type>Regular</Type>
            <X>432.669922</X>
            <Y>103.606773</Y>
          </Event>
          <Action>M[k]++; JO[k]++;</Action>
          <Edges>
            <OOEGEdgeTransition>
              <EdgeNo>1</EdgeNo>
              <Condition>k == N</Condition>
              <Delay>0</Delay>
              <Parameters>k</Parameters>
              <NextEvent>Depart</NextEvent>
              <IsCancelingEdge>false</IsCancelingEdge>
              <FromPort>0</FromPort>
              <ToPort>0</ToPort>
              <LinkStyle>0</LinkStyle>
              <AdjustingStyle>1</AdjustingStyle>
              <Curviness>10</Curviness>
              <Points>
                <OOEGPoint>
                  <X>507.830078</X>
                  <Y>113.998741</Y>
                </OOEGPoint>
                <OOEGPoint>
                  <X>533.0369</X>
                  <Y>110</Y>
                </OOEGPoint>
                <OOEGPoint>
                  <X>558.2438</X>
                  <Y>110</Y>
                </OOEGPoint>
                <OOEGPoint>
                  <X>583.4506</X>
                  <Y>114.076851</Y>
                </OOEGPoint>
              </Points>
            </OOEGEdgeTransition>
            <OOEGEdgeTransition>
              <EdgeNo>1</EdgeNo>
              <Condition>Q[k] &gt; 0</Condition>
              <Delay>0</Delay>
              <Parameters>k</Parameters>
              <NextEvent>Load</NextEvent>
              <IsCancelingEdge>false</IsCancelingEdge>
              <FromPort>0</FromPort>
              <ToPort>0</ToPort>
              <LinkStyle>2</LinkStyle>
              <AdjustingStyle>1</AdjustingStyle>
              <Curviness>10</Curviness>
              <Points>
                <OOEGPoint>
                  <X>432.169922</X>
                  <Y>110.408684</Y>
                </OOEGPoint>
                <OOEGPoint>
                  <X>390.728851</X>
                  <Y>99.90185</Y>
                </OOEGPoint>
                <OOEGPoint>
                  <X>352.9122</X>
                  <Y>85.19538</Y>
                </OOEGPoint>
                <OOEGPoint>
                  <X>318.720032</X>
                  <Y>66.06703</Y>
                </OOEGPoint>
              </Points>
            </OOEGEdgeTransition>
            <OOEGEdgeTransition>
              <EdgeNo>1</EdgeNo>
              <Condition>k &lt; N</Condition>
              <Delay>0</Delay>
              <Parameters>k + 1</Parameters>
              <NextEvent>Enter</NextEvent>
              <IsCancelingEdge>false</IsCancelingEdge>
              <FromPort>0</FromPort>
              <ToPort>0</ToPort>
              <LinkStyle>2</LinkStyle>
              <AdjustingStyle>1</AdjustingStyle>
              <Curviness>10</Curviness>
              <Points>
                <OOEGPoint>
                  <X>432.169922</X>
                  <Y>123.199837</Y>
                </OOEGPoint>
                <OOEGPoint>
                  <X>351.774963</X>
                  <Y>130</Y>
                </OOEGPoint>
                <OOEGPoint>
                  <X>271.38</X>
                  <Y>130</Y>
                </OOEGPoint>
                <OOEGPoint>
                  <X>190.985031</X>
                  <Y>122.781921</Y>
                </OOEGPoint>
              </Points>
            </OOEGEdgeTransition>
          </Edges>
          <InitialEvent>false</InitialEvent>
        </OOEGEventTransition>
        <OOEGEventTransition>
          <No>4</No>
          <Event>
            <ID>0</ID>
            <Name>Depart</Name>
            <Parameters>k</Parameters>
            <Type>Mirror</Type>
            <X>583.9506</X>
            <Y>103.606773</Y>
          </Event>
          <Action />
          <Edges>
            <OOEGEdgeTransition>
              <EdgeNo>1</EdgeNo>
              <Condition>true</Condition>
              <Delay>0</Delay>
              <Parameters />
              <NextEvent />
              <IsCancelingEdge>false</IsCancelingEdge>
              <FromPort>0</FromPort>
              <ToPort>0</ToPort>
              <LinkStyle>0</LinkStyle>
              <AdjustingStyle>0</AdjustingStyle>
              <Curviness>0</Curviness>
            </OOEGEdgeTransition>
          </Edges>
          <InitialEvent>false</InitialEvent>
        </OOEGEventTransition>
      </EventTransitions>
      <StateVariables>
        <OOEGStateVariable>
          <Name>JI</Name>
          <Row>1</Row>
          <Col>10</Col>
          <ValueType>int</ValueType>
          <InitialValue>{0,0,0,0,0,0,0,0,0,0}</InitialValue>
        </OOEGStateVariable>
        <OOEGStateVariable>
          <Name>JO</Name>
          <Row>1</Row>
          <Col>10</Col>
          <ValueType>int</ValueType>
          <InitialValue>{0,0,0,0,0,0,0,0,0,0}</InitialValue>
        </OOEGStateVariable>
        <OOEGStateVariable>
          <Name>M</Name>
          <Row>1</Row>
          <Col>10</Col>
          <ValueType>int</ValueType>
          <InitialValue>{1,1,1,1,1,1,1,1,1,0}</InitialValue>
        </OOEGStateVariable>
        <OOEGStateVariable>
          <Name>N</Name>
          <Row>1</Row>
          <Col>1</Col>
          <ValueType>int</ValueType>
          <InitialValue>9</InitialValue>
        </OOEGStateVariable>
        <OOEGStateVariable>
          <Name>Q</Name>
          <Row>1</Row>
          <Col>10</Col>
          <ValueType>int</ValueType>
          <InitialValue>{0,0,0,0,0,0,0,0,0,0}</InitialValue>
        </OOEGStateVariable>
        <OOEGStateVariable>
          <Name>k</Name>
          <Row>1</Row>
          <Col>1</Col>
          <ValueType>int</ValueType>
          <InitialValue>0</InitialValue>
        </OOEGStateVariable>
      </StateVariables>
      <Parameters />
      <Schedules />
      <X>165.273636</X>
      <Y>142.86795</Y>
      <InitialEventName />
      <BackgroundColor>-1</BackgroundColor>
      <BoundaryEvents />
      <Functions />
    </OOEGEventObjectModel>
  </EventObjectModels>
  <StateObjectModels />
  <ActivityObjectModels />
  <Experiments>
    <OOMMExperiment>
      <ID>f7b8b8a2-3427-4561-ad37-259cdfeecfb8</ID>
      <Name>Simulation 1</Name>
      <Type>SIMULATION</Type>
      <EOSTime>3600</EOSTime>
      <EOSTimeUnit>Seconds</EOSTimeUnit>
      <UseRandSeed>false</UseRandSeed>
      <FastForward>true</FastForward>
      <RandSeed>0</RandSeed>
    </OOMMExperiment>
  </Experiments>
  <DataSources />
  <Entities />
  <UserClasses />
  <FileName>C:\Users\donghun.kang\Google Drive\My Shared Workspace\SEA Simulator\models\EG\parameterzied_tandem_line_wo_rsv.xml</FileName>
  <ObjectInteractionDiagram>
    <DataSourceNodes />
    <ObjectInteractionEdges>
      <OOMMObjectInteractionEdge>
        <ID>-2147483647</ID>
        <MirrorTriggerName>Enter</MirrorTriggerName>
        <MirrorObject>3fbcabb5-3146-4a35-adea-e54bf65df5a3</MirrorObject>
        <MirrorPort>17</MirrorPort>
        <BoundaryTriggerName>Enter</BoundaryTriggerName>
        <BoundaryObject>f00280e1-1f44-4be0-8566-675f8e241c7f</BoundaryObject>
        <BoundaryPort>16</BoundaryPort>
        <Type>SchedulingLink</Type>
        <StrokeStyle>0</StrokeStyle>
      </OOMMObjectInteractionEdge>
    </ObjectInteractionEdges>
    <DataAssociations />
    <StateVariableUpdateEdges />
    <Texts />
    <Labels />
    <DataSetNodes />
    <StatisticsNodes />
    <BarCharts />
    <PieCharts />
    <Plots />
    <TimePlots>
      <OOMMTimePlot>
        <Title>Time Plot</Title>
        <Dimension>
          <X>253.385254</X>
          <Y>97.50375</Y>
          <Width>400</Width>
          <Height>164</Height>
        </Dimension>
        <Series>
          <Values>
            <OOMMSeries>
              <Name>M</Name>
              <Value>M1.M</Value>
              <Type>Bar</Type>
              <Appearance>
                <MarkerColor>Black</MarkerColor>
                <LineColor>Orange</LineColor>
                <MarkerType>Diamond</MarkerType>
                <BackgroundColor />
                <LineWidth>2</LineWidth>
              </Appearance>
            </OOMMSeries>
            <OOMMSeries>
              <Name>Q</Name>
              <Value>M1.Q</Value>
              <Type>Bar</Type>
              <Appearance>
                <MarkerColor>Black</MarkerColor>
                <LineColor>Red</LineColor>
                <MarkerType>Diamond</MarkerType>
                <BackgroundColor />
                <LineWidth>2</LineWidth>
              </Appearance>
            </OOMMSeries>
            <OOMMSeries>
              <Name>In</Name>
              <Value>Job Gen.JobIn</Value>
              <Type>Bar</Type>
              <Appearance>
                <MarkerColor>Black</MarkerColor>
                <LineColor>Gainsboro</LineColor>
                <MarkerType>Diamond</MarkerType>
                <BackgroundColor />
                <LineWidth>2</LineWidth>
              </Appearance>
            </OOMMSeries>
            <OOMMSeries>
              <Name>Out</Name>
              <Value>M1.JobOut</Value>
              <Type>Bar</Type>
              <Appearance>
                <MarkerColor>Black</MarkerColor>
                <LineColor>DimGray</LineColor>
                <MarkerType>Diamond</MarkerType>
                <BackgroundColor />
                <LineWidth>2</LineWidth>
              </Appearance>
            </OOMMSeries>
          </Values>
        </Series>
        <Appearance>
          <BackgroundColor>White</BackgroundColor>
          <BorderColor>Black</BorderColor>
          <BorderWeight>1</BorderWeight>
        </Appearance>
      </OOMMTimePlot>
    </TimePlots>
    <ObjectNodes>
      <OOMMObjectNode>
        <NodeID>3fbcabb5-3146-4a35-adea-e54bf65df5a3</NodeID>
        <ModelID>439b139a-ee2d-4638-ba38-48b15788f0b1</ModelID>
        <Name>Job Gen</Name>
        <X>15.2736349</X>
        <Y>142.86795</Y>
        <BackgroundColor>-1</BackgroundColor>
        <StateVariables />
        <Type>EventObject</Type>
      </OOMMObjectNode>
      <OOMMObjectNode>
        <NodeID>f00280e1-1f44-4be0-8566-675f8e241c7f</NodeID>
        <ModelID>150a860d-1309-45e2-a54b-d8a8e2120a0d</ModelID>
        <Name>M1</Name>
        <X>165.273636</X>
        <Y>142.86795</Y>
        <BackgroundColor>-1</BackgroundColor>
        <StateVariables>
          <OOMMObjectStateVariable>
            <Name>M</Name>
            <Value>{1}</Value>
          </OOMMObjectStateVariable>
          <OOMMObjectStateVariable>
            <Name>Q</Name>
            <Value>{0}</Value>
          </OOMMObjectStateVariable>
        </StateVariables>
        <Type>EventObject</Type>
      </OOMMObjectNode>
    </ObjectNodes>
  </ObjectInteractionDiagram>
  <ObjectNodes />
  <DataSourceNodes />
  <EventObjectSchedulingEdges />
  <DataAssociations />
  <Texts />
  <Labels />
  <DataSetNodes />
  <StatisticsNodes />
  <BarCharts />
  <PieCharts />
  <Plots />
  <TimePlots />
</OOMMModel>