<?xml version="1.0" encoding="utf-8"?>
<OOMMModel xmlns:xsi="http://www.w3.org/2001/XMLSchema-instance" xmlns:xsd="http://www.w3.org/2001/XMLSchema">
  <ID>2293010d-d078-4d42-b766-e332253d38ed</ID>
  <Properties>
    <OOMMModelProperty>
      <Name>ViewScale</Name>
      <Value xsi:type="xsd:float">1.3792032</Value>
    </OOMMModelProperty>
    <OOMMModelProperty>
      <Name>GridVisibility</Name>
      <Value xsi:type="xsd:boolean">false</Value>
    </OOMMModelProperty>
  </Properties>
  <Name>Parameterzed Limited Buffer Tandem Line Model with the machine reservation</Name>
  <Description>This model makes use of the machine reservation to prevent illegal use of the machine.
</Description>
  <Creator>Donghun Kang &lt;donghun.kang@gmail.com&gt;</Creator>
  <EventObjectModels>
    <OOEGEventObjectModel>
      <ID>439b139a-ee2d-4638-ba38-48b15788f0b1</ID>
      <Name>Job Generator</Name>
      <Description />
      <EventTransitions>
        <OOEGEventTransition>
          <No>1</No>
          <Event>
            <ID>0</ID>
            <Name>Run</Name>
            <Parameters />
            <Type>Regular</Type>
            <X>45.1250038</X>
            <Y>93.60677</Y>
          </Event>
          <Action />
          <Edges>
            <OOEGEdgeTransition>
              <EdgeNo>1</EdgeNo>
              <Condition>true</Condition>
              <Delay>0</Delay>
              <Parameters />
              <NextEvent>Arrive</NextEvent>
              <IsCancelingEdge>false</IsCancelingEdge>
              <FromPort>0</FromPort>
              <ToPort>0</ToPort>
              <LinkStyle>0</LinkStyle>
              <AdjustingStyle>1</AdjustingStyle>
              <Curviness>10</Curviness>
              <Points>
                <OOEGPoint>
                  <X>95.375</X>
                  <Y>106.7658</Y>
                </OOEGPoint>
                <OOEGPoint>
                  <X>149.117355</X>
                  <Y>99.94771</Y>
                </OOEGPoint>
                <OOEGPoint>
                  <X>202.855743</X>
                  <Y>99.9789</Y>
                </OOEGPoint>
                <OOEGPoint>
                  <X>256.5905</X>
                  <Y>106.223137</Y>
                </OOEGPoint>
              </Points>
            </OOEGEdgeTransition>
          </Edges>
          <InitialEvent>true</InitialEvent>
        </OOEGEventTransition>
        <OOEGEventTransition>
          <No>2</No>
          <Event>
            <ID>0</ID>
            <Name>Arrive</Name>
            <Parameters />
            <Type>Regular</Type>
            <X>257.0905</X>
            <Y>93.60677</Y>
          </Event>
          <Action>JobIn++;</Action>
          <Edges>
            <OOEGEdgeTransition>
              <EdgeNo>1</EdgeNo>
              <Condition>true</Condition>
              <Delay>0</Delay>
              <Parameters>0</Parameters>
              <NextEvent>Enter</NextEvent>
              <IsCancelingEdge>false</IsCancelingEdge>
              <FromPort>0</FromPort>
              <ToPort>0</ToPort>
              <LinkStyle>0</LinkStyle>
              <AdjustingStyle>1</AdjustingStyle>
              <Curviness>10</Curviness>
              <Points>
                <OOEGPoint>
                  <X>323.409515</X>
                  <Y>106.522324</Y>
                </OOEGPoint>
                <OOEGPoint>
                  <X>388.7336</X>
                  <Y>99.92582</Y>
                </OOEGPoint>
                <OOEGPoint>
                  <X>454.050934</X>
                  <Y>99.9920349</Y>
                </OOEGPoint>
                <OOEGPoint>
                  <X>519.3613</X>
                  <Y>106.914749</Y>
                </OOEGPoint>
              </Points>
            </OOEGEdgeTransition>
            <OOEGEdgeTransition>
              <EdgeNo>1</EdgeNo>
              <Condition>true</Condition>
              <Delay>10</Delay>
              <Parameters />
              <NextEvent>Arrive</NextEvent>
              <IsCancelingEdge>false</IsCancelingEdge>
              <FromPort>0</FromPort>
              <ToPort>0</ToPort>
              <LinkStyle>2</LinkStyle>
              <AdjustingStyle>0</AdjustingStyle>
              <Curviness>0</Curviness>
              <Points>
                <OOEGPoint>
                  <X>299.7533</X>
                  <Y>126.893227</Y>
                </OOEGPoint>
                <OOEGPoint>
                  <X>312.2533</X>
                  <Y>148.543854</Y>
                </OOEGPoint>
                <OOEGPoint>
                  <X>267.7467</X>
                  <Y>148.543854</Y>
                </OOEGPoint>
                <OOEGPoint>
                  <X>280.2467</X>
                  <Y>126.893227</Y>
                </OOEGPoint>
              </Points>
            </OOEGEdgeTransition>
          </Edges>
          <InitialEvent>false</InitialEvent>
        </OOEGEventTransition>
        <OOEGEventTransition>
          <No>3</No>
          <Event>
            <ID>0</ID>
            <Name>Enter</Name>
            <Parameters>k</Parameters>
            <Type>Mirror</Type>
            <X>519.8613</X>
            <Y>93.60677</Y>
          </Event>
          <Action />
          <Edges>
            <OOEGEdgeTransition>
              <EdgeNo>1</EdgeNo>
              <Condition>true</Condition>
              <Delay>0</Delay>
              <Parameters />
              <NextEvent />
              <IsCancelingEdge>false</IsCancelingEdge>
              <FromPort>0</FromPort>
              <ToPort>0</ToPort>
              <LinkStyle>0</LinkStyle>
              <AdjustingStyle>0</AdjustingStyle>
              <Curviness>0</Curviness>
              <Points />
            </OOEGEdgeTransition>
          </Edges>
          <InitialEvent>false</InitialEvent>
        </OOEGEventTransition>
      </EventTransitions>
      <StateVariables>
        <OOEGStateVariable>
          <Name>JobIn</Name>
          <Row>1</Row>
          <Col>1</Col>
          <ValueType>int</ValueType>
          <InitialValue>0</InitialValue>
          <Description />
        </OOEGStateVariable>
        <OOEGStateVariable>
          <Name>k</Name>
          <Row>1</Row>
          <Col>1</Col>
          <ValueType>int</ValueType>
          <InitialValue>0</InitialValue>
          <Description />
        </OOEGStateVariable>
      </StateVariables>
      <Parameters />
      <Schedules />
      <X>126.878212</X>
      <Y>52.7486267</Y>
      <InitialEventName />
      <BackgroundColor>-1</BackgroundColor>
      <BoundaryEvents />
      <Functions />
    </OOEGEventObjectModel>
    <OOEGEventObjectModel>
      <ID>150a860d-1309-45e2-a54b-d8a8e2120a0d</ID>
      <Name>Tandem Line</Name>
      <Description />
      <EventTransitions>
        <OOEGEventTransition>
          <No>1</No>
          <Event>
            <ID>0</ID>
            <Name>Enter</Name>
            <Parameters>k</Parameters>
            <Type>Regular</Type>
            <X>119.514984</X>
            <Y>93.60677</Y>
          </Event>
          <Action>Q[k]++; JI[k]++;
rsv = false;
if (M[k]&gt;0){rsv = true; M[k]=-1;}</Action>
          <Edges>
            <OOEGEdgeTransition>
              <EdgeNo>1</EdgeNo>
              <Condition>rsv</Condition>
              <Delay>0</Delay>
              <Parameters>k</Parameters>
              <NextEvent>Load</NextEvent>
              <IsCancelingEdge>false</IsCancelingEdge>
              <FromPort>0</FromPort>
              <ToPort>0</ToPort>
              <LinkStyle>0</LinkStyle>
              <AdjustingStyle>1</AdjustingStyle>
              <Curviness>10</Curviness>
              <Points>
                <OOEGPoint>
                  <X>173.004028</X>
                  <Y>93.10677</Y>
                </OOEGPoint>
                <OOEGPoint>
                  <X>206.377441</X>
                  <Y>68.59869</Y>
                </OOEGPoint>
                <OOEGPoint>
                  <X>236.475784</X>
                  <Y>52.5462875</Y>
                </OOEGPoint>
                <OOEGPoint>
                  <X>271.279968</X>
                  <Y>40.1934471</Y>
                </OOEGPoint>
              </Points>
            </OOEGEdgeTransition>
          </Edges>
          <InitialEvent>false</InitialEvent>
        </OOEGEventTransition>
        <OOEGEventTransition>
          <No>2</No>
          <Event>
            <ID>0</ID>
            <Name>Load</Name>
            <Parameters>k</Parameters>
            <Type>Regular</Type>
            <X>271.779938</X>
            <Y>13.6067734</Y>
          </Event>
          <Action>M[k]=0; Q[k]--;</Action>
          <Edges>
            <OOEGEdgeTransition>
              <EdgeNo>1</EdgeNo>
              <Condition>true</Condition>
              <Delay>15</Delay>
              <Parameters>k</Parameters>
              <NextEvent>Finish</NextEvent>
              <IsCancelingEdge>false</IsCancelingEdge>
              <FromPort>0</FromPort>
              <ToPort>0</ToPort>
              <LinkStyle>2</LinkStyle>
              <AdjustingStyle>1</AdjustingStyle>
              <Curviness>10</Curviness>
              <Points>
                <OOEGPoint>
                  <X>303.230164</X>
                  <Y>46.8932266</Y>
                </OOEGPoint>
                <OOEGPoint>
                  <X>309.999969</X>
                  <Y>82.29774</Y>
                </OOEGPoint>
                <OOEGPoint>
                  <X>309.999969</X>
                  <Y>117.702255</Y>
                </OOEGPoint>
                <OOEGPoint>
                  <X>303.230164</X>
                  <Y>153.106766</Y>
                </OOEGPoint>
              </Points>
            </OOEGEdgeTransition>
            <OOEGEdgeTransition>
              <EdgeNo>1</EdgeNo>
              <Condition>k &gt; 0 &amp;&amp; B[k] &gt; 0</Condition>
              <Delay>0</Delay>
              <Parameters>k - 1</Parameters>
              <NextEvent>Unload</NextEvent>
              <IsCancelingEdge>false</IsCancelingEdge>
              <FromPort>0</FromPort>
              <ToPort>0</ToPort>
              <LinkStyle>2</LinkStyle>
              <AdjustingStyle>1</AdjustingStyle>
              <Curviness>10</Curviness>
              <Points>
                <OOEGPoint>
                  <X>328.720032</X>
                  <Y>39.47191</Y>
                </OOEGPoint>
                <OOEGPoint>
                  <X>365.69</X>
                  <Y>51.6646576</Y>
                </OOEGPoint>
                <OOEGPoint>
                  <X>398.187866</X>
                  <Y>67.91358</Y>
                </OOEGPoint>
                <OOEGPoint>
                  <X>435.189</X>
                  <Y>93.10677</Y>
                </OOEGPoint>
              </Points>
            </OOEGEdgeTransition>
          </Edges>
          <InitialEvent>false</InitialEvent>
        </OOEGEventTransition>
        <OOEGEventTransition>
          <No>3</No>
          <Event>
            <ID>0</ID>
            <Name>Unload</Name>
            <Parameters>k</Parameters>
            <Type>Regular</Type>
            <X>422.669922</X>
            <Y>93.60677</Y>
          </Event>
          <Action>M[k]++; JO[k]++;
rsv = false;
if (Q[k]&gt;0){rsv = true; M[k]=-1;}</Action>
          <Edges>
            <OOEGEdgeTransition>
              <EdgeNo>1</EdgeNo>
              <Condition>k == N</Condition>
              <Delay>0</Delay>
              <Parameters>k</Parameters>
              <NextEvent>Depart</NextEvent>
              <IsCancelingEdge>false</IsCancelingEdge>
              <FromPort>0</FromPort>
              <ToPort>0</ToPort>
              <LinkStyle>0</LinkStyle>
              <AdjustingStyle>1</AdjustingStyle>
              <Curviness>10</Curviness>
              <Points>
                <OOEGPoint>
                  <X>497.830078</X>
                  <Y>104.000481</Y>
                </OOEGPoint>
                <OOEGPoint>
                  <X>523.0552</X>
                  <Y>100</Y>
                </OOEGPoint>
                <OOEGPoint>
                  <X>548.2803</X>
                  <Y>100</Y>
                </OOEGPoint>
                <OOEGPoint>
                  <X>573.5054</X>
                  <Y>104.0786</Y>
                </OOEGPoint>
              </Points>
            </OOEGEdgeTransition>
            <OOEGEdgeTransition>
              <EdgeNo>1</EdgeNo>
              <Condition>rsv</Condition>
              <Delay>0</Delay>
              <Parameters>k</Parameters>
              <NextEvent>Load</NextEvent>
              <IsCancelingEdge>false</IsCancelingEdge>
              <FromPort>0</FromPort>
              <ToPort>0</ToPort>
              <LinkStyle>1</LinkStyle>
              <AdjustingStyle>1</AdjustingStyle>
              <Curviness>10</Curviness>
              <Points>
                <OOEGPoint>
                  <X>422.169922</X>
                  <Y>99.50649</Y>
                </OOEGPoint>
                <OOEGPoint>
                  <X>413.8323</X>
                  <Y>94.86892</Y>
                </OOEGPoint>
                <OOEGPoint>
                  <X>379.50647</X>
                  <Y>75.77605</Y>
                </OOEGPoint>
                <OOEGPoint>
                  <X>379.50647</X>
                  <Y>75.77605</Y>
                </OOEGPoint>
                <OOEGPoint>
                  <X>335.917542</X>
                  <Y>51.5308037</Y>
                </OOEGPoint>
                <OOEGPoint>
                  <X>327.579926</X>
                  <Y>46.8932266</Y>
                </OOEGPoint>
              </Points>
            </OOEGEdgeTransition>
            <OOEGEdgeTransition>
              <EdgeNo>1</EdgeNo>
              <Condition>k &lt; N</Condition>
              <Delay>0</Delay>
              <Parameters>k + 1</Parameters>
              <NextEvent>Enter</NextEvent>
              <IsCancelingEdge>false</IsCancelingEdge>
              <FromPort>0</FromPort>
              <ToPort>0</ToPort>
              <LinkStyle>2</LinkStyle>
              <AdjustingStyle>1</AdjustingStyle>
              <Curviness>10</Curviness>
              <Points>
                <OOEGPoint>
                  <X>422.169922</X>
                  <Y>113.199837</Y>
                </OOEGPoint>
                <OOEGPoint>
                  <X>341.774963</X>
                  <Y>120</Y>
                </OOEGPoint>
                <OOEGPoint>
                  <X>261.38</X>
                  <Y>120</Y>
                </OOEGPoint>
                <OOEGPoint>
                  <X>180.985031</X>
                  <Y>112.781921</Y>
                </OOEGPoint>
              </Points>
            </OOEGEdgeTransition>
          </Edges>
          <InitialEvent>false</InitialEvent>
        </OOEGEventTransition>
        <OOEGEventTransition>
          <No>4</No>
          <Event>
            <ID>0</ID>
            <Name>Depart</Name>
            <Parameters>k</Parameters>
            <Type>Mirror</Type>
            <X>573.8776</X>
            <Y>93.60677</Y>
          </Event>
          <Action />
          <Edges>
            <OOEGEdgeTransition>
              <EdgeNo>1</EdgeNo>
              <Condition>true</Condition>
              <Delay>0</Delay>
              <Parameters />
              <NextEvent />
              <IsCancelingEdge>false</IsCancelingEdge>
              <FromPort>0</FromPort>
              <ToPort>0</ToPort>
              <LinkStyle>0</LinkStyle>
              <AdjustingStyle>0</AdjustingStyle>
              <Curviness>0</Curviness>
            </OOEGEdgeTransition>
          </Edges>
          <InitialEvent>false</InitialEvent>
        </OOEGEventTransition>
        <OOEGEventTransition>
          <No>5</No>
          <Event>
            <ID>0</ID>
            <Name>Finish</Name>
            <Parameters>k</Parameters>
            <Type>Regular</Type>
            <X>267.970062</X>
            <Y>153.606766</Y>
          </Event>
          <Action>B[k]++;</Action>
          <Edges>
            <OOEGEdgeTransition>
              <EdgeNo>1</EdgeNo>
              <Condition>Q[k+1] &lt; c[k+1]</Condition>
              <Delay>0</Delay>
              <Parameters>k</Parameters>
              <NextEvent>Unload</NextEvent>
              <IsCancelingEdge>false</IsCancelingEdge>
              <FromPort>0</FromPort>
              <ToPort>0</ToPort>
              <LinkStyle>2</LinkStyle>
              <AdjustingStyle>1</AdjustingStyle>
              <Curviness>10</Curviness>
              <Points>
                <OOEGPoint>
                  <X>330.3656</X>
                  <Y>153.106766</Y>
                </OOEGPoint>
                <OOEGPoint>
                  <X>358.8987</X>
                  <Y>137.232986</Y>
                </OOEGPoint>
                <OOEGPoint>
                  <X>388.778717</X>
                  <Y>126.028</Y>
                </OOEGPoint>
                <OOEGPoint>
                  <X>422.169922</X>
                  <Y>118.513474</Y>
                </OOEGPoint>
              </Points>
            </OOEGEdgeTransition>
          </Edges>
          <InitialEvent>false</InitialEvent>
        </OOEGEventTransition>
      </EventTransitions>
      <StateVariables>
        <OOEGStateVariable>
          <Name>B</Name>
          <Row>1</Row>
          <Col>10</Col>
          <ValueType>int</ValueType>
          <InitialValue>{0,0,0,0,0,0,0,0,0,0}</InitialValue>
        </OOEGStateVariable>
        <OOEGStateVariable>
          <Name>c</Name>
          <Row>1</Row>
          <Col>10</Col>
          <ValueType>int</ValueType>
          <InitialValue>{5,5,5,5,5,5,5,5,5,5}</InitialValue>
        </OOEGStateVariable>
        <OOEGStateVariable>
          <Name>JI</Name>
          <Row>1</Row>
          <Col>10</Col>
          <ValueType>int</ValueType>
          <InitialValue>{0,0,0,0,0,0,0,0,0,0}</InitialValue>
        </OOEGStateVariable>
        <OOEGStateVariable>
          <Name>JO</Name>
          <Row>1</Row>
          <Col>10</Col>
          <ValueType>int</ValueType>
          <InitialValue>{0,0,0,0,0,0,0,0,0,0}</InitialValue>
        </OOEGStateVariable>
        <OOEGStateVariable>
          <Name>k</Name>
          <Row>1</Row>
          <Col>1</Col>
          <ValueType>int</ValueType>
          <InitialValue>0</InitialValue>
        </OOEGStateVariable>
        <OOEGStateVariable>
          <Name>M</Name>
          <Row>1</Row>
          <Col>10</Col>
          <ValueType>int</ValueType>
          <InitialValue>{1,1,1,1,1,1,1,1,1,0}</InitialValue>
        </OOEGStateVariable>
        <OOEGStateVariable>
          <Name>N</Name>
          <Row>1</Row>
          <Col>1</Col>
          <ValueType>int</ValueType>
          <InitialValue>9</InitialValue>
        </OOEGStateVariable>
        <OOEGStateVariable>
          <Name>Q</Name>
          <Row>1</Row>
          <Col>10</Col>
          <ValueType>int</ValueType>
          <InitialValue>{0,0,0,0,0,0,0,0,0,0}</InitialValue>
        </OOEGStateVariable>
        <OOEGStateVariable>
          <Name>rsv</Name>
          <Row>1</Row>
          <Col>1</Col>
          <ValueType>bool</ValueType>
          <InitialValue>False</InitialValue>
        </OOEGStateVariable>
      </StateVariables>
      <Parameters />
      <Schedules />
      <X>279.529846</X>
      <Y>52.7486267</Y>
      <InitialEventName />
      <BackgroundColor>-1</BackgroundColor>
      <BoundaryEvents />
      <Functions />
    </OOEGEventObjectModel>
  </EventObjectModels>
  <StateObjectModels />
  <ActivityObjectModels />
  <Experiments>
    <OOMMExperiment>
      <ID>f7b8b8a2-3427-4561-ad37-259cdfeecfb8</ID>
      <Name>Simulation 1</Name>
      <Type>SIMULATION</Type>
      <EOSTime>3600</EOSTime>
      <EOSTimeUnit>Seconds</EOSTimeUnit>
      <UseRandSeed>false</UseRandSeed>
      <FastForward>true</FastForward>
      <RandSeed>0</RandSeed>
    </OOMMExperiment>
  </Experiments>
  <DataSources />
  <Entities />
  <UserClasses />
  <FileName>C:\Users\donghun.kang\Google Drive\My Shared Workspace\SEA Simulator\models\EG\Parameterzed Limited Buffer Tandem Line Model v2.xml</FileName>
  <ObjectInteractionDiagram>
    <DataSourceNodes />
    <ObjectInteractionEdges>
      <OOMMObjectInteractionEdge>
        <ID>-2147483647</ID>
        <MirrorTriggerName>Enter</MirrorTriggerName>
        <MirrorObject>3fbcabb5-3146-4a35-adea-e54bf65df5a3</MirrorObject>
        <MirrorPort>17</MirrorPort>
        <BoundaryTriggerName>Enter</BoundaryTriggerName>
        <BoundaryObject>f00280e1-1f44-4be0-8566-675f8e241c7f</BoundaryObject>
        <BoundaryPort>16</BoundaryPort>
        <Type>SchedulingLink</Type>
        <StrokeStyle>0</StrokeStyle>
      </OOMMObjectInteractionEdge>
    </ObjectInteractionEdges>
    <DataAssociations />
    <StateVariableUpdateEdges />
    <Texts />
    <Labels />
    <DataSetNodes />
    <StatisticsNodes />
    <BarCharts />
    <PieCharts />
    <Plots />
    <TimePlots>
      <OOMMTimePlot>
        <Title>Time Plot</Title>
        <Dimension>
          <X>35.52776</X>
          <Y>118.909233</Y>
          <Width>436.4839</Width>
          <Height>138.485748</Height>
        </Dimension>
        <Series>
          <Values>
            <OOMMSeries>
              <Name>JI[0]</Name>
              <Value>M1.JI[0]</Value>
              <Type>Bar</Type>
              <Appearance>
                <MarkerColor>Black</MarkerColor>
                <LineColor>Red</LineColor>
                <MarkerType>Diamond</MarkerType>
                <BackgroundColor />
                <LineWidth>2</LineWidth>
              </Appearance>
            </OOMMSeries>
            <OOMMSeries>
              <Name>JO[0]</Name>
              <Value>M1.JO[0]</Value>
              <Type>Bar</Type>
              <Appearance>
                <MarkerColor>Black</MarkerColor>
                <LineColor>DimGray</LineColor>
                <MarkerType>Diamond</MarkerType>
                <BackgroundColor />
                <LineWidth>2</LineWidth>
              </Appearance>
            </OOMMSeries>
          </Values>
        </Series>
        <Appearance>
          <BackgroundColor>White</BackgroundColor>
          <BorderColor>Black</BorderColor>
          <BorderWeight>1</BorderWeight>
        </Appearance>
      </OOMMTimePlot>
    </TimePlots>
    <ObjectNodes>
      <OOMMObjectNode>
        <NodeID>3fbcabb5-3146-4a35-adea-e54bf65df5a3</NodeID>
        <ModelID>439b139a-ee2d-4638-ba38-48b15788f0b1</ModelID>
        <Name>Job Gen</Name>
        <X>126.878212</X>
        <Y>52.7486267</Y>
        <BackgroundColor>-1</BackgroundColor>
        <StateVariables />
        <Type>EventObject</Type>
      </OOMMObjectNode>
      <OOMMObjectNode>
        <NodeID>f00280e1-1f44-4be0-8566-675f8e241c7f</NodeID>
        <ModelID>150a860d-1309-45e2-a54b-d8a8e2120a0d</ModelID>
        <Name>M1</Name>
        <X>279.529846</X>
        <Y>52.7486267</Y>
        <BackgroundColor>-1</BackgroundColor>
        <StateVariables>
          <OOMMObjectStateVariable>
            <Name>M</Name>
            <Value>{1}</Value>
          </OOMMObjectStateVariable>
          <OOMMObjectStateVariable>
            <Name>Q</Name>
            <Value>{0}</Value>
          </OOMMObjectStateVariable>
        </StateVariables>
        <Type>EventObject</Type>
      </OOMMObjectNode>
    </ObjectNodes>
  </ObjectInteractionDiagram>
  <ObjectNodes />
  <DataSourceNodes />
  <EventObjectSchedulingEdges />
  <DataAssociations />
  <Texts />
  <Labels />
  <DataSetNodes />
  <StatisticsNodes />
  <BarCharts />
  <PieCharts />
  <Plots />
  <TimePlots />
</OOMMModel>