<?xml version="1.0" encoding="utf-8"?>
<OOMMModel xmlns:xsi="http://www.w3.org/2001/XMLSchema-instance" xmlns:xsd="http://www.w3.org/2001/XMLSchema">
  <ID>338b7279-d092-4653-9569-a3537f3b33f1</ID>
  <Properties>
    <OOMMModelProperty>
      <Name>ViewScale</Name>
      <Value xsi:type="xsd:float">1.27628148</Value>
    </OOMMModelProperty>
    <OOMMModelProperty>
      <Name>GridVisibility</Name>
      <Value xsi:type="xsd:boolean">false</Value>
    </OOMMModelProperty>
  </Properties>
  <Name>Single Server System with resource failure</Name>
  <Description />
  <Creator />
  <EventObjectModels>
    <OOEGEventObjectModel>
      <ID>439b139a-ee2d-4638-ba38-48b15788f0b1</ID>
      <Name>Job Generator</Name>
      <Description />
      <EventTransitions>
        <OOEGEventTransition>
          <No>1</No>
          <Event>
            <ID>0</ID>
            <Name>Run</Name>
            <Parameters />
            <Type>Regular</Type>
            <X>40.8385353</X>
            <Y>119.999992</Y>
          </Event>
          <Action />
          <Edges>
            <OOEGEdgeTransition>
              <EdgeNo>1</EdgeNo>
              <Condition>true</Condition>
              <Delay>0</Delay>
              <Parameters />
              <NextEvent>Arrive</NextEvent>
              <IsCancelingEdge>false</IsCancelingEdge>
              <FromPort>0</FromPort>
              <ToPort>0</ToPort>
              <LinkStyle>0</LinkStyle>
              <AdjustingStyle>1</AdjustingStyle>
              <Curviness>10</Curviness>
              <Points>
                <OOEGPoint>
                  <X>91.08853</X>
                  <Y>133.147461</Y>
                </OOEGPoint>
                <OOEGPoint>
                  <X>143.892349</X>
                  <Y>126.393219</Y>
                </OOEGPoint>
                <OOEGPoint>
                  <X>196.696167</X>
                  <Y>126.393219</Y>
                </OOEGPoint>
                <OOEGPoint>
                  <X>249.499985</X>
                  <Y>132.518</Y>
                </OOEGPoint>
              </Points>
            </OOEGEdgeTransition>
          </Edges>
          <InitialEvent>true</InitialEvent>
        </OOEGEventTransition>
        <OOEGEventTransition>
          <No>2</No>
          <Event>
            <ID>0</ID>
            <Name>Arrive</Name>
            <Parameters />
            <Type>Regular</Type>
            <X>250</X>
            <Y>120</Y>
          </Event>
          <Action>JobIn++;</Action>
          <Edges>
            <OOEGEdgeTransition>
              <EdgeNo>1</EdgeNo>
              <Condition>Q &lt; 5</Condition>
              <Delay>0</Delay>
              <Parameters />
              <NextEvent>Enter</NextEvent>
              <IsCancelingEdge>false</IsCancelingEdge>
              <FromPort>0</FromPort>
              <ToPort>0</ToPort>
              <LinkStyle>0</LinkStyle>
              <AdjustingStyle>1</AdjustingStyle>
              <Curviness>10</Curviness>
              <Points>
                <OOEGPoint>
                  <X>316.31897</X>
                  <Y>132.997269</Y>
                </OOEGPoint>
                <OOEGPoint>
                  <X>381.289948</X>
                  <Y>126.393219</Y>
                </OOEGPoint>
                <OOEGPoint>
                  <X>446.2609</X>
                  <Y>126.393219</Y>
                </OOEGPoint>
                <OOEGPoint>
                  <X>511.231873</X>
                  <Y>133.18866</Y>
                </OOEGPoint>
              </Points>
            </OOEGEdgeTransition>
            <OOEGEdgeTransition>
              <EdgeNo>1</EdgeNo>
              <Condition>true</Condition>
              <Delay>10</Delay>
              <Parameters />
              <NextEvent>Arrive</NextEvent>
              <IsCancelingEdge>false</IsCancelingEdge>
              <FromPort>0</FromPort>
              <ToPort>0</ToPort>
              <LinkStyle>2</LinkStyle>
              <AdjustingStyle>0</AdjustingStyle>
              <Curviness>0</Curviness>
              <Points>
                <OOEGPoint>
                  <X>276.909515</X>
                  <Y>120</Y>
                </OOEGPoint>
                <OOEGPoint>
                  <X>264.409515</X>
                  <Y>98.3493652</Y>
                </OOEGPoint>
                <OOEGPoint>
                  <X>289.409515</X>
                  <Y>98.3493652</Y>
                </OOEGPoint>
                <OOEGPoint>
                  <X>276.909515</X>
                  <Y>120</Y>
                </OOEGPoint>
              </Points>
            </OOEGEdgeTransition>
          </Edges>
          <InitialEvent>false</InitialEvent>
        </OOEGEventTransition>
        <OOEGEventTransition>
          <No>3</No>
          <Event>
            <ID>0</ID>
            <Name>Enter</Name>
            <Parameters />
            <Type>Mirror</Type>
            <X>511.731873</X>
            <Y>119.999992</Y>
          </Event>
          <Action />
          <Edges>
            <OOEGEdgeTransition>
              <EdgeNo>1</EdgeNo>
              <Condition>true</Condition>
              <Delay>0</Delay>
              <Parameters />
              <NextEvent />
              <IsCancelingEdge>false</IsCancelingEdge>
              <FromPort>0</FromPort>
              <ToPort>0</ToPort>
              <LinkStyle>0</LinkStyle>
              <AdjustingStyle>0</AdjustingStyle>
              <Curviness>0</Curviness>
              <Points />
            </OOEGEdgeTransition>
          </Edges>
          <InitialEvent>false</InitialEvent>
        </OOEGEventTransition>
      </EventTransitions>
      <StateVariables>
        <OOEGStateVariable>
          <Name>JobIn</Name>
          <Row>1</Row>
          <Col>1</Col>
          <ValueType>int</ValueType>
          <InitialValue>0</InitialValue>
          <Description />
        </OOEGStateVariable>
        <OOEGStateVariable>
          <Name>Q</Name>
          <Row>1</Row>
          <Col>1</Col>
          <ValueType>int</ValueType>
          <InitialValue>0</InitialValue>
          <Description />
        </OOEGStateVariable>
        <OOEGStateVariable>
          <Name>TA</Name>
          <Row>1</Row>
          <Col>1</Col>
          <ValueType>RandomVariate</ValueType>
          <InitialValue>pois(20)</InitialValue>
          <Description />
        </OOEGStateVariable>
      </StateVariables>
      <Parameters />
      <Schedules />
      <X>107.729721</X>
      <Y>71.3008957</Y>
      <InitialEventName />
      <BackgroundColor>-1</BackgroundColor>
      <BoundaryEvents />
      <Functions />
    </OOEGEventObjectModel>
    <OOEGEventObjectModel>
      <ID>150a860d-1309-45e2-a54b-d8a8e2120a0d</ID>
      <Name>Server</Name>
      <Description />
      <EventTransitions>
        <OOEGEventTransition>
          <No>1</No>
          <Event>
            <ID>0</ID>
            <Name>Enter</Name>
            <Parameters />
            <Type>Regular</Type>
            <X>129.514984</X>
            <Y>103.606773</Y>
          </Event>
          <Action>Q++;</Action>
          <Edges>
            <OOEGEdgeTransition>
              <EdgeNo>1</EdgeNo>
              <Condition>M &gt; 0</Condition>
              <Delay>0</Delay>
              <Parameters />
              <NextEvent>Load</NextEvent>
              <IsCancelingEdge>false</IsCancelingEdge>
              <FromPort>0</FromPort>
              <ToPort>0</ToPort>
              <LinkStyle>0</LinkStyle>
              <AdjustingStyle>1</AdjustingStyle>
              <Curviness>10</Curviness>
              <Points>
                <OOEGPoint>
                  <X>190.985031</X>
                  <Y>113.744225</Y>
                </OOEGPoint>
                <OOEGPoint>
                  <X>214.4837</X>
                  <Y>111.0518</Y>
                </OOEGPoint>
                <OOEGPoint>
                  <X>237.916046</X>
                  <Y>111.540459</Y>
                </OOEGPoint>
                <OOEGPoint>
                  <X>261.279938</X>
                  <Y>115.3111</Y>
                </OOEGPoint>
              </Points>
            </OOEGEdgeTransition>
          </Edges>
          <InitialEvent>false</InitialEvent>
        </OOEGEventTransition>
        <OOEGEventTransition>
          <No>2</No>
          <Event>
            <ID>0</ID>
            <Name>Load</Name>
            <Parameters />
            <Type>Regular</Type>
            <X>261.779938</X>
            <Y>103.606773</Y>
          </Event>
          <Action>M--; Q--;</Action>
          <Edges>
            <OOEGEdgeTransition>
              <EdgeNo>1</EdgeNo>
              <Condition>true</Condition>
              <Delay>15</Delay>
              <Parameters />
              <NextEvent>Unload</NextEvent>
              <IsCancelingEdge>false</IsCancelingEdge>
              <FromPort>0</FromPort>
              <ToPort>0</ToPort>
              <LinkStyle>0</LinkStyle>
              <AdjustingStyle>1</AdjustingStyle>
              <Curviness>10</Curviness>
              <Points>
                <OOEGPoint>
                  <X>318.720032</X>
                  <Y>115.697182</Y>
                </OOEGPoint>
                <OOEGPoint>
                  <X>356.536865</X>
                  <Y>111.646034</Y>
                </OOEGPoint>
                <OOEGPoint>
                  <X>394.352783</X>
                  <Y>111.722191</Y>
                </OOEGPoint>
                <OOEGPoint>
                  <X>432.169922</X>
                  <Y>115.553833</Y>
                </OOEGPoint>
              </Points>
            </OOEGEdgeTransition>
          </Edges>
          <InitialEvent>false</InitialEvent>
        </OOEGEventTransition>
        <OOEGEventTransition>
          <No>3</No>
          <Event>
            <ID>0</ID>
            <Name>Unload</Name>
            <Parameters />
            <Type>Regular</Type>
            <X>432.669922</X>
            <Y>103.606773</Y>
          </Event>
          <Action>M++; JobOut++;</Action>
          <Edges>
            <OOEGEdgeTransition>
              <EdgeNo>1</EdgeNo>
              <Condition>true</Condition>
              <Delay>0</Delay>
              <Parameters />
              <NextEvent>Depart</NextEvent>
              <IsCancelingEdge>false</IsCancelingEdge>
              <FromPort>0</FromPort>
              <ToPort>0</ToPort>
              <LinkStyle>0</LinkStyle>
              <AdjustingStyle>1</AdjustingStyle>
              <Curviness>10</Curviness>
              <Points>
                <OOEGPoint>
                  <X>507.830078</X>
                  <Y>114.780716</Y>
                </OOEGPoint>
                <OOEGPoint>
                  <X>532.948547</X>
                  <Y>111.487495</Y>
                </OOEGPoint>
                <OOEGPoint>
                  <X>558.124634</X>
                  <Y>110.876106</Y>
                </OOEGPoint>
                <OOEGPoint>
                  <X>583.3594</X>
                  <Y>112.979347</Y>
                </OOEGPoint>
              </Points>
            </OOEGEdgeTransition>
            <OOEGEdgeTransition>
              <EdgeNo>1</EdgeNo>
              <Condition>Q &gt; 0</Condition>
              <Delay>0</Delay>
              <Parameters />
              <NextEvent>Load</NextEvent>
              <IsCancelingEdge>false</IsCancelingEdge>
              <FromPort>0</FromPort>
              <ToPort>0</ToPort>
              <LinkStyle>1</LinkStyle>
              <AdjustingStyle>1</AdjustingStyle>
              <Curviness>10</Curviness>
              <Points>
                <OOEGPoint>
                  <X>432.169922</X>
                  <Y>120</Y>
                </OOEGPoint>
                <OOEGPoint>
                  <X>422.169922</X>
                  <Y>120</Y>
                </OOEGPoint>
                <OOEGPoint>
                  <X>381</X>
                  <Y>120</Y>
                </OOEGPoint>
                <OOEGPoint>
                  <X>381</X>
                  <Y>120</Y>
                </OOEGPoint>
                <OOEGPoint>
                  <X>328.720032</X>
                  <Y>120</Y>
                </OOEGPoint>
                <OOEGPoint>
                  <X>318.720032</X>
                  <Y>120</Y>
                </OOEGPoint>
              </Points>
            </OOEGEdgeTransition>
          </Edges>
          <InitialEvent>false</InitialEvent>
        </OOEGEventTransition>
        <OOEGEventTransition>
          <No>4</No>
          <Event>
            <ID>0</ID>
            <Name>Depart</Name>
            <Parameters />
            <Type>Regular</Type>
            <X>583.8594</X>
            <Y>103.606773</Y>
          </Event>
          <Action />
          <Edges>
            <OOEGEdgeTransition>
              <EdgeNo>1</EdgeNo>
              <Condition>true</Condition>
              <Delay>0</Delay>
              <Parameters />
              <NextEvent />
              <IsCancelingEdge>false</IsCancelingEdge>
              <FromPort>0</FromPort>
              <ToPort>0</ToPort>
              <LinkStyle>0</LinkStyle>
              <AdjustingStyle>0</AdjustingStyle>
              <Curviness>0</Curviness>
              <Points />
            </OOEGEdgeTransition>
          </Edges>
          <InitialEvent>false</InitialEvent>
        </OOEGEventTransition>
      </EventTransitions>
      <StateVariables>
        <OOEGStateVariable>
          <Name>JobOut</Name>
          <Row>1</Row>
          <Col>1</Col>
          <ValueType>int</ValueType>
          <InitialValue>0</InitialValue>
          <Description />
        </OOEGStateVariable>
        <OOEGStateVariable>
          <Name>M</Name>
          <Row>1</Row>
          <Col>1</Col>
          <ValueType>int</ValueType>
          <InitialValue>1</InitialValue>
          <Description />
        </OOEGStateVariable>
        <OOEGStateVariable>
          <Name>Q</Name>
          <Row>1</Row>
          <Col>1</Col>
          <ValueType>int</ValueType>
          <InitialValue>0</InitialValue>
          <Description />
        </OOEGStateVariable>
      </StateVariables>
      <Parameters />
      <Schedules />
      <X>165.273636</X>
      <Y>142.86795</Y>
      <InitialEventName />
      <BackgroundColor>-1</BackgroundColor>
      <BoundaryEvents />
      <Functions />
    </OOEGEventObjectModel>
    <OOEGEventObjectModel>
      <ID>9fa0c262-22ab-40bf-b92d-3179ca826d9a</ID>
      <Name>Machine</Name>
      <Description>a machine with a limited-capacity queue</Description>
      <EventTransitions>
        <OOEGEventTransition>
          <No>1</No>
          <Event>
            <ID>0</ID>
            <Name>Enter</Name>
            <Parameters />
            <Type>Regular</Type>
            <X>129.514984</X>
            <Y>103.606773</Y>
          </Event>
          <Action>Q++;</Action>
          <Edges>
            <OOEGEdgeTransition>
              <EdgeNo>1</EdgeNo>
              <Condition>M &gt; 0</Condition>
              <Delay>0</Delay>
              <Parameters />
              <NextEvent>Load</NextEvent>
              <IsCancelingEdge>false</IsCancelingEdge>
              <FromPort>0</FromPort>
              <ToPort>0</ToPort>
              <LinkStyle>0</LinkStyle>
              <AdjustingStyle>1</AdjustingStyle>
              <Curviness>10</Curviness>
              <Points>
                <OOEGPoint>
                  <X>190.985031</X>
                  <Y>114.305969</Y>
                </OOEGPoint>
                <OOEGPoint>
                  <X>214.416672</X>
                  <Y>110</Y>
                </OOEGPoint>
                <OOEGPoint>
                  <X>237.8483</X>
                  <Y>110</Y>
                </OOEGPoint>
                <OOEGPoint>
                  <X>261.279938</X>
                  <Y>114.492973</Y>
                </OOEGPoint>
              </Points>
            </OOEGEdgeTransition>
            <OOEGEdgeTransition>
              <EdgeNo>1</EdgeNo>
              <Condition>M == 0</Condition>
              <Delay>TR</Delay>
              <Parameters />
              <NextEvent>Leave</NextEvent>
              <IsCancelingEdge>false</IsCancelingEdge>
              <FromPort>0</FromPort>
              <ToPort>0</ToPort>
              <LinkStyle>2</LinkStyle>
              <AdjustingStyle>1</AdjustingStyle>
              <Curviness>10</Curviness>
              <Points>
                <OOEGPoint>
                  <X>190.985031</X>
                  <Y>134.847382</Y>
                </OOEGPoint>
                <OOEGPoint>
                  <X>217.195923</X>
                  <Y>147.4071</Y>
                </OOEGPoint>
                <OOEGPoint>
                  <X>244.2826</X>
                  <Y>166.144943</Y>
                </OOEGPoint>
                <OOEGPoint>
                  <X>272.451019</X>
                  <Y>193.106766</Y>
                </OOEGPoint>
              </Points>
            </OOEGEdgeTransition>
          </Edges>
          <InitialEvent>false</InitialEvent>
        </OOEGEventTransition>
        <OOEGEventTransition>
          <No>2</No>
          <Event>
            <ID>0</ID>
            <Name>Load</Name>
            <Parameters />
            <Type>Regular</Type>
            <X>261.779938</X>
            <Y>103.606773</Y>
          </Event>
          <Action>M=0; Q--;</Action>
          <Edges>
            <OOEGEdgeTransition>
              <EdgeNo>1</EdgeNo>
              <Condition>true</Condition>
              <Delay>TS</Delay>
              <Parameters />
              <NextEvent>Unload</NextEvent>
              <IsCancelingEdge>false</IsCancelingEdge>
              <FromPort>0</FromPort>
              <ToPort>0</ToPort>
              <LinkStyle>0</LinkStyle>
              <AdjustingStyle>1</AdjustingStyle>
              <Curviness>10</Curviness>
              <Points>
                <OOEGPoint>
                  <X>318.720032</X>
                  <Y>115.683578</Y>
                </OOEGPoint>
                <OOEGPoint>
                  <X>356.536652</X>
                  <Y>110</Y>
                </OOEGPoint>
                <OOEGPoint>
                  <X>394.3533</X>
                  <Y>110</Y>
                </OOEGPoint>
                <OOEGPoint>
                  <X>432.169922</X>
                  <Y>114.999107</Y>
                </OOEGPoint>
              </Points>
            </OOEGEdgeTransition>
          </Edges>
          <InitialEvent>false</InitialEvent>
        </OOEGEventTransition>
        <OOEGEventTransition>
          <No>3</No>
          <Event>
            <ID>0</ID>
            <Name>Unload</Name>
            <Parameters />
            <Type>Regular</Type>
            <X>432.669922</X>
            <Y>103.606773</Y>
          </Event>
          <Action>M=1; JobOut++;</Action>
          <Edges>
            <OOEGEdgeTransition>
              <EdgeNo>1</EdgeNo>
              <Condition>Q &gt; 0</Condition>
              <Delay>0</Delay>
              <Parameters />
              <NextEvent>Load</NextEvent>
              <IsCancelingEdge>true</IsCancelingEdge>
              <FromPort>0</FromPort>
              <ToPort>0</ToPort>
              <LinkStyle>2</LinkStyle>
              <AdjustingStyle>1</AdjustingStyle>
              <Curviness>10</Curviness>
              <Points>
                <OOEGPoint>
                  <X>432.169922</X>
                  <Y>125.000893</Y>
                </OOEGPoint>
                <OOEGPoint>
                  <X>394.3533</X>
                  <Y>130</Y>
                </OOEGPoint>
                <OOEGPoint>
                  <X>356.536652</X>
                  <Y>130</Y>
                </OOEGPoint>
                <OOEGPoint>
                  <X>318.720032</X>
                  <Y>124.316422</Y>
                </OOEGPoint>
              </Points>
            </OOEGEdgeTransition>
            <OOEGEdgeTransition>
              <EdgeNo>1</EdgeNo>
              <Condition>Q &gt; 0</Condition>
              <Delay>0</Delay>
              <Parameters />
              <NextEvent>Leave</NextEvent>
              <IsCancelingEdge>true</IsCancelingEdge>
              <FromPort>0</FromPort>
              <ToPort>0</ToPort>
              <LinkStyle>2</LinkStyle>
              <AdjustingStyle>1</AdjustingStyle>
              <Curviness>10</Curviness>
              <Points>
                <OOEGPoint>
                  <X>444.659882</X>
                  <Y>136.893219</Y>
                </OOEGPoint>
                <OOEGPoint>
                  <X>402.795074</X>
                  <Y>164.802765</Y>
                </OOEGPoint>
                <OOEGPoint>
                  <X>364.8836</X>
                  <Y>183.769043</Y>
                </OOEGPoint>
                <OOEGPoint>
                  <X>322.498047</X>
                  <Y>198.636185</Y>
                </OOEGPoint>
              </Points>
            </OOEGEdgeTransition>
          </Edges>
          <InitialEvent>false</InitialEvent>
        </OOEGEventTransition>
        <OOEGEventTransition>
          <No>4</No>
          <Event>
            <ID>0</ID>
            <Name>Leave</Name>
            <Parameters />
            <Type>Regular</Type>
            <X>258.202484</X>
            <Y>193.606766</Y>
          </Event>
          <Action>Q--;</Action>
          <Edges>
            <OOEGEdgeTransition>
              <EdgeNo>1</EdgeNo>
              <Condition>true</Condition>
              <Delay>0</Delay>
              <Parameters />
              <NextEvent />
              <IsCancelingEdge>false</IsCancelingEdge>
              <FromPort>0</FromPort>
              <ToPort>0</ToPort>
              <LinkStyle>0</LinkStyle>
              <AdjustingStyle>0</AdjustingStyle>
              <Curviness>0</Curviness>
              <Points />
            </OOEGEdgeTransition>
          </Edges>
          <InitialEvent>false</InitialEvent>
        </OOEGEventTransition>
      </EventTransitions>
      <StateVariables>
        <OOEGStateVariable>
          <Name>JobOut</Name>
          <Row>1</Row>
          <Col>1</Col>
          <ValueType>int</ValueType>
          <InitialValue>0</InitialValue>
          <Description />
        </OOEGStateVariable>
        <OOEGStateVariable>
          <Name>M</Name>
          <Row>1</Row>
          <Col>1</Col>
          <ValueType>int</ValueType>
          <InitialValue>1</InitialValue>
          <Description />
        </OOEGStateVariable>
        <OOEGStateVariable>
          <Name>Q</Name>
          <Row>1</Row>
          <Col>1</Col>
          <ValueType>int</ValueType>
          <InitialValue>0</InitialValue>
          <Description />
        </OOEGStateVariable>
        <OOEGStateVariable>
          <Name>TR</Name>
          <Row>1</Row>
          <Col>1</Col>
          <ValueType>RandomVariate</ValueType>
          <InitialValue>normal(100, 10)</InitialValue>
          <Description />
        </OOEGStateVariable>
        <OOEGStateVariable>
          <Name>TS</Name>
          <Row>1</Row>
          <Col>1</Col>
          <ValueType>RandomVariate</ValueType>
          <InitialValue>norm(20, 5)</InitialValue>
          <Description />
        </OOEGStateVariable>
      </StateVariables>
      <Parameters />
      <Schedules />
      <X>307.925781</X>
      <Y>71.3008957</Y>
      <InitialEventName />
      <BackgroundColor>-1</BackgroundColor>
      <BoundaryEvents />
      <Functions />
    </OOEGEventObjectModel>
    <OOEGEventObjectModel>
      <ID>ade5e8a3-bd16-4c2a-9fc8-470c7412c0a6</ID>
      <Name>Machine having Failure</Name>
      <Description>a machine with a limited-capacity queue</Description>
      <EventTransitions>
        <OOEGEventTransition>
          <No>1</No>
          <Event>
            <ID>0</ID>
            <Name>Enter</Name>
            <Parameters />
            <Type>Regular</Type>
            <X>129.514984</X>
            <Y>103.606773</Y>
          </Event>
          <Action>Q++;</Action>
          <Edges>
            <OOEGEdgeTransition>
              <EdgeNo>1</EdgeNo>
              <Condition>M &gt; 0</Condition>
              <Delay>0</Delay>
              <Parameters />
              <NextEvent>Load</NextEvent>
              <IsCancelingEdge>false</IsCancelingEdge>
              <FromPort>0</FromPort>
              <ToPort>0</ToPort>
              <LinkStyle>0</LinkStyle>
              <AdjustingStyle>1</AdjustingStyle>
              <Curviness>10</Curviness>
              <Points>
                <OOEGPoint>
                  <X>190.985031</X>
                  <Y>114.305969</Y>
                </OOEGPoint>
                <OOEGPoint>
                  <X>214.416672</X>
                  <Y>110</Y>
                </OOEGPoint>
                <OOEGPoint>
                  <X>237.8483</X>
                  <Y>110</Y>
                </OOEGPoint>
                <OOEGPoint>
                  <X>261.279938</X>
                  <Y>114.492973</Y>
                </OOEGPoint>
              </Points>
            </OOEGEdgeTransition>
          </Edges>
          <InitialEvent>false</InitialEvent>
        </OOEGEventTransition>
        <OOEGEventTransition>
          <No>2</No>
          <Event>
            <ID>0</ID>
            <Name>Load</Name>
            <Parameters />
            <Type>Regular</Type>
            <X>261.779938</X>
            <Y>103.606773</Y>
          </Event>
          <Action>M=0; Q--;</Action>
          <Edges>
            <OOEGEdgeTransition>
              <EdgeNo>1</EdgeNo>
              <Condition>true</Condition>
              <Delay>TS</Delay>
              <Parameters />
              <NextEvent>Unload</NextEvent>
              <IsCancelingEdge>false</IsCancelingEdge>
              <FromPort>0</FromPort>
              <ToPort>0</ToPort>
              <LinkStyle>0</LinkStyle>
              <AdjustingStyle>1</AdjustingStyle>
              <Curviness>10</Curviness>
              <Points>
                <OOEGPoint>
                  <X>318.720032</X>
                  <Y>115.683578</Y>
                </OOEGPoint>
                <OOEGPoint>
                  <X>356.536652</X>
                  <Y>110</Y>
                </OOEGPoint>
                <OOEGPoint>
                  <X>394.3533</X>
                  <Y>110</Y>
                </OOEGPoint>
                <OOEGPoint>
                  <X>432.169922</X>
                  <Y>114.999107</Y>
                </OOEGPoint>
              </Points>
            </OOEGEdgeTransition>
          </Edges>
          <InitialEvent>false</InitialEvent>
        </OOEGEventTransition>
        <OOEGEventTransition>
          <No>3</No>
          <Event>
            <ID>0</ID>
            <Name>Unload</Name>
            <Parameters />
            <Type>Regular</Type>
            <X>432.669922</X>
            <Y>103.606773</Y>
          </Event>
          <Action>M=1; JobOut++;</Action>
          <Edges>
            <OOEGEdgeTransition>
              <EdgeNo>1</EdgeNo>
              <Condition>Q &gt; 0</Condition>
              <Delay>0</Delay>
              <Parameters />
              <NextEvent>Load</NextEvent>
              <IsCancelingEdge>false</IsCancelingEdge>
              <FromPort>0</FromPort>
              <ToPort>0</ToPort>
              <LinkStyle>2</LinkStyle>
              <AdjustingStyle>1</AdjustingStyle>
              <Curviness>10</Curviness>
              <Points>
                <OOEGPoint>
                  <X>432.169922</X>
                  <Y>125.000893</Y>
                </OOEGPoint>
                <OOEGPoint>
                  <X>394.3533</X>
                  <Y>130</Y>
                </OOEGPoint>
                <OOEGPoint>
                  <X>356.536652</X>
                  <Y>130</Y>
                </OOEGPoint>
                <OOEGPoint>
                  <X>318.720032</X>
                  <Y>124.316422</Y>
                </OOEGPoint>
              </Points>
            </OOEGEdgeTransition>
          </Edges>
          <InitialEvent>false</InitialEvent>
        </OOEGEventTransition>
        <OOEGEventTransition>
          <No>4</No>
          <Event>
            <ID>0</ID>
            <Name>Repair</Name>
            <Parameters />
            <Type>Regular</Type>
            <X>275.5365</X>
            <Y>173.606766</Y>
          </Event>
          <Action>M=1;</Action>
          <Edges>
            <OOEGEdgeTransition>
              <EdgeNo>1</EdgeNo>
              <Condition>true</Condition>
              <Delay>TF</Delay>
              <Parameters />
              <NextEvent>Fail</NextEvent>
              <IsCancelingEdge>false</IsCancelingEdge>
              <FromPort>0</FromPort>
              <ToPort>0</ToPort>
              <LinkStyle>2</LinkStyle>
              <AdjustingStyle>1</AdjustingStyle>
              <Curviness>10</Curviness>
              <Points>
                <OOEGPoint>
                  <X>344.963562</X>
                  <Y>186.777054</Y>
                </OOEGPoint>
                <OOEGPoint>
                  <X>414.667938</X>
                  <Y>181.542313</Y>
                </OOEGPoint>
                <OOEGPoint>
                  <X>484.154</X>
                  <Y>182.972183</Y>
                </OOEGPoint>
                <OOEGPoint>
                  <X>553.4219</X>
                  <Y>191.0512</Y>
                </OOEGPoint>
              </Points>
            </OOEGEdgeTransition>
            <OOEGEdgeTransition>
              <EdgeNo>1</EdgeNo>
              <Condition>Q&gt;0</Condition>
              <Delay>0</Delay>
              <Parameters />
              <NextEvent>Load</NextEvent>
              <IsCancelingEdge>false</IsCancelingEdge>
              <FromPort>0</FromPort>
              <ToPort>0</ToPort>
              <LinkStyle>2</LinkStyle>
              <AdjustingStyle>1</AdjustingStyle>
              <Curviness>10</Curviness>
              <Points>
                <OOEGPoint>
                  <X>298.471954</X>
                  <Y>173.106766</Y>
                </OOEGPoint>
                <OOEGPoint>
                  <X>292.109222</X>
                  <Y>163.782791</Y>
                </OOEGPoint>
                <OOEGPoint>
                  <X>288.6603</X>
                  <Y>151.711609</Y>
                </OOEGPoint>
                <OOEGPoint>
                  <X>289.286316</X>
                  <Y>136.893219</Y>
                </OOEGPoint>
              </Points>
            </OOEGEdgeTransition>
          </Edges>
          <InitialEvent>false</InitialEvent>
        </OOEGEventTransition>
        <OOEGEventTransition>
          <No>5</No>
          <Event>
            <ID>0</ID>
            <Name>Fail</Name>
            <Parameters />
            <Type>Regular</Type>
            <X>553.9219</X>
            <Y>176.999985</Y>
          </Event>
          <Action>M=-1</Action>
          <Edges>
            <OOEGEdgeTransition>
              <EdgeNo>1</EdgeNo>
              <Condition>true</Condition>
              <Delay>TR</Delay>
              <Parameters />
              <NextEvent>Repair</NextEvent>
              <IsCancelingEdge>false</IsCancelingEdge>
              <FromPort>0</FromPort>
              <ToPort>0</ToPort>
              <LinkStyle>2</LinkStyle>
              <AdjustingStyle>1</AdjustingStyle>
              <Curviness>10</Curviness>
              <Points>
                <OOEGPoint>
                  <X>553.4219</X>
                  <Y>195.64357</Y>
                </OOEGPoint>
                <OOEGPoint>
                  <X>483.808838</X>
                  <Y>202.206085</Y>
                </OOEGPoint>
                <OOEGPoint>
                  <X>414.322754</X>
                  <Y>201.323975</Y>
                </OOEGPoint>
                <OOEGPoint>
                  <X>344.963562</X>
                  <Y>193.795212</Y>
                </OOEGPoint>
              </Points>
            </OOEGEdgeTransition>
            <OOEGEdgeTransition>
              <EdgeNo>1</EdgeNo>
              <Condition>true</Condition>
              <Delay>0</Delay>
              <Parameters />
              <NextEvent>Unload</NextEvent>
              <IsCancelingEdge>true</IsCancelingEdge>
              <FromPort>0</FromPort>
              <ToPort>0</ToPort>
              <LinkStyle>2</LinkStyle>
              <AdjustingStyle>1</AdjustingStyle>
              <Curviness>10</Curviness>
              <Points>
                <OOEGPoint>
                  <X>553.4219</X>
                  <Y>182.955627</Y>
                </OOEGPoint>
                <OOEGPoint>
                  <X>528.2007</X>
                  <Y>171.9277</Y>
                </OOEGPoint>
                <OOEGPoint>
                  <X>508.625458</X>
                  <Y>158.5373</Y>
                </OOEGPoint>
                <OOEGPoint>
                  <X>486.931854</X>
                  <Y>136.893219</Y>
                </OOEGPoint>
              </Points>
            </OOEGEdgeTransition>
          </Edges>
          <InitialEvent>false</InitialEvent>
        </OOEGEventTransition>
        <OOEGEventTransition>
          <No>6</No>
          <Event>
            <ID>0</ID>
            <Name>Run</Name>
            <Parameters />
            <Type>Initial</Type>
            <X>714.8373</X>
            <Y>170.999985</Y>
          </Event>
          <Action />
          <Edges>
            <OOEGEdgeTransition>
              <EdgeNo>1</EdgeNo>
              <Condition>true</Condition>
              <Delay>TF</Delay>
              <Parameters />
              <NextEvent>Fail</NextEvent>
              <IsCancelingEdge>false</IsCancelingEdge>
              <FromPort>0</FromPort>
              <ToPort>0</ToPort>
              <LinkStyle>2</LinkStyle>
              <AdjustingStyle>1</AdjustingStyle>
              <Curviness>10</Curviness>
              <Points>
                <OOEGPoint>
                  <X>714.1276</X>
                  <Y>192.341858</Y>
                </OOEGPoint>
                <OOEGPoint>
                  <X>676.6237</X>
                  <Y>199.716827</Y>
                </OOEGPoint>
                <OOEGPoint>
                  <X>638.7505</X>
                  <Y>201.1167</Y>
                </OOEGPoint>
                <OOEGPoint>
                  <X>600.5078</X>
                  <Y>196.3362</Y>
                </OOEGPoint>
              </Points>
            </OOEGEdgeTransition>
          </Edges>
          <InitialEvent>false</InitialEvent>
        </OOEGEventTransition>
      </EventTransitions>
      <StateVariables>
        <OOEGStateVariable>
          <Name>JobOut</Name>
          <Row>1</Row>
          <Col>1</Col>
          <ValueType>int</ValueType>
          <InitialValue>0</InitialValue>
          <Description />
        </OOEGStateVariable>
        <OOEGStateVariable>
          <Name>M</Name>
          <Row>1</Row>
          <Col>1</Col>
          <ValueType>int</ValueType>
          <InitialValue>1</InitialValue>
          <Description />
        </OOEGStateVariable>
        <OOEGStateVariable>
          <Name>Q</Name>
          <Row>1</Row>
          <Col>1</Col>
          <ValueType>int</ValueType>
          <InitialValue>0</InitialValue>
          <Description />
        </OOEGStateVariable>
        <OOEGStateVariable>
          <Name>TF</Name>
          <Row>1</Row>
          <Col>1</Col>
          <ValueType>RandomVariate</ValueType>
          <InitialValue>exp(1000)</InitialValue>
          <Description />
        </OOEGStateVariable>
        <OOEGStateVariable>
          <Name>TR</Name>
          <Row>1</Row>
          <Col>1</Col>
          <ValueType>RandomVariate</ValueType>
          <InitialValue>normal(100, 10)</InitialValue>
          <Description />
        </OOEGStateVariable>
        <OOEGStateVariable>
          <Name>TS</Name>
          <Row>1</Row>
          <Col>1</Col>
          <ValueType>RandomVariate</ValueType>
          <InitialValue>norm(20, 5)</InitialValue>
          <Description />
        </OOEGStateVariable>
      </StateVariables>
      <Parameters />
      <Schedules />
      <X>294.605835</X>
      <Y>71.30089</Y>
      <InitialEventName />
      <BackgroundColor>-1</BackgroundColor>
      <BoundaryEvents />
      <Functions />
    </OOEGEventObjectModel>
  </EventObjectModels>
  <StateObjectModels />
  <ActivityObjectModels />
  <Experiments>
    <OOMMExperiment>
      <ID>f7b8b8a2-3427-4561-ad37-259cdfeecfb8</ID>
      <Name>Simulation 1</Name>
      <Type>SIMULATION</Type>
      <EOSTime>3600</EOSTime>
      <EOSTimeUnit>Seconds</EOSTimeUnit>
      <UseRandSeed>false</UseRandSeed>
      <FastForward>true</FastForward>
      <RandSeed>0</RandSeed>
    </OOMMExperiment>
  </Experiments>
  <DataSources />
  <Entities />
  <UserClasses />
  <FileName>C:\Users\donghun.kang\Google Drive\My Shared Workspace\SEA Simulator\models\EG\resource_failure_v1.xml</FileName>
  <ObjectInteractionDiagram>
    <DataSourceNodes />
    <ObjectInteractionEdges>
      <OOMMObjectInteractionEdge>
        <ID>1</ID>
        <MirrorTriggerName>Enter</MirrorTriggerName>
        <MirrorObject>3fbcabb5-3146-4a35-adea-e54bf65df5a3</MirrorObject>
        <MirrorPort>13</MirrorPort>
        <BoundaryTriggerName>Enter</BoundaryTriggerName>
        <BoundaryObject>913b068d-506c-4512-9e9c-0962e9323282</BoundaryObject>
        <BoundaryPort>12</BoundaryPort>
        <Type>SchedulingLink</Type>
        <StrokeStyle>0</StrokeStyle>
      </OOMMObjectInteractionEdge>
    </ObjectInteractionEdges>
    <DataAssociations />
    <StateVariableUpdateEdges>
      <OOMMStateVariableUpdateEdge>
        <ID>0</ID>
        <SourceStateVariable>Q</SourceStateVariable>
        <SourceEventObject>913b068d-506c-4512-9e9c-0962e9323282</SourceEventObject>
        <SourceEventPort>20</SourceEventPort>
        <DestinationStateVariable>Q</DestinationStateVariable>
        <DestinationEventObject>3fbcabb5-3146-4a35-adea-e54bf65df5a3</DestinationEventObject>
        <DestinationEventPort>21</DestinationEventPort>
        <Type>StateVariableUpdateLink</Type>
        <StrokeStyle>0</StrokeStyle>
      </OOMMStateVariableUpdateEdge>
    </StateVariableUpdateEdges>
    <Texts />
    <Labels />
    <DataSetNodes />
    <StatisticsNodes />
    <BarCharts />
    <PieCharts />
    <Plots />
    <TimePlots>
      <OOMMTimePlot>
        <Title>Time Plot</Title>
        <Dimension>
          <X>62.2048645</X>
          <Y>142.164749</Y>
          <Width>400</Width>
          <Height>163.999985</Height>
        </Dimension>
        <Series>
          <Values>
            <OOMMSeries>
              <Name>Q</Name>
              <Value>Machine.Q</Value>
              <Type>Bar</Type>
              <Appearance>
                <MarkerColor>Black</MarkerColor>
                <LineColor>LightGrey</LineColor>
                <MarkerType>Diamond</MarkerType>
                <BackgroundColor />
                <LineWidth>2</LineWidth>
              </Appearance>
            </OOMMSeries>
            <OOMMSeries>
              <Name>M</Name>
              <Value>Machine.M</Value>
              <Type>Bar</Type>
              <Appearance>
                <MarkerColor>Black</MarkerColor>
                <LineColor>DarkRed</LineColor>
                <MarkerType>Diamond</MarkerType>
                <BackgroundColor />
                <LineWidth>2</LineWidth>
              </Appearance>
            </OOMMSeries>
            <OOMMSeries>
              <Name>Job Out</Name>
              <Value>Machine.JobOut</Value>
              <Type>Bar</Type>
              <Appearance>
                <MarkerColor>Black</MarkerColor>
                <LineColor>DodgerBlue</LineColor>
                <MarkerType>Diamond</MarkerType>
                <BackgroundColor />
                <LineWidth>2</LineWidth>
              </Appearance>
            </OOMMSeries>
          </Values>
        </Series>
        <Appearance>
          <BackgroundColor>White</BackgroundColor>
          <BorderColor>Black</BorderColor>
          <BorderWeight>1</BorderWeight>
        </Appearance>
      </OOMMTimePlot>
    </TimePlots>
    <ObjectNodes>
      <OOMMObjectNode>
        <NodeID>3fbcabb5-3146-4a35-adea-e54bf65df5a3</NodeID>
        <ModelID>439b139a-ee2d-4638-ba38-48b15788f0b1</ModelID>
        <Name>Job Gen</Name>
        <X>107.729721</X>
        <Y>71.3008957</Y>
        <BackgroundColor>-1</BackgroundColor>
        <StateVariables />
        <Type>EventObject</Type>
      </OOMMObjectNode>
      <OOMMObjectNode>
        <NodeID>913b068d-506c-4512-9e9c-0962e9323282</NodeID>
        <ModelID>ade5e8a3-bd16-4c2a-9fc8-470c7412c0a6</ModelID>
        <Name>Machine</Name>
        <X>294.605835</X>
        <Y>71.30089</Y>
        <BackgroundColor>-1</BackgroundColor>
        <StateVariables>
          <OOMMObjectStateVariable>
            <Name>JobOut</Name>
            <Value>0</Value>
          </OOMMObjectStateVariable>
          <OOMMObjectStateVariable>
            <Name>M</Name>
            <Value>1</Value>
          </OOMMObjectStateVariable>
          <OOMMObjectStateVariable>
            <Name>Q</Name>
            <Value>0</Value>
          </OOMMObjectStateVariable>
          <OOMMObjectStateVariable>
            <Name>TF</Name>
            <Value>exp(1000)</Value>
          </OOMMObjectStateVariable>
          <OOMMObjectStateVariable>
            <Name>TR</Name>
            <Value>normal(100, 10)</Value>
          </OOMMObjectStateVariable>
          <OOMMObjectStateVariable>
            <Name>TS</Name>
            <Value>norm(20, 5)</Value>
          </OOMMObjectStateVariable>
        </StateVariables>
        <Type>EventObject</Type>
      </OOMMObjectNode>
    </ObjectNodes>
  </ObjectInteractionDiagram>
  <ObjectNodes />
  <DataSourceNodes />
  <EventObjectSchedulingEdges />
  <DataAssociations />
  <Texts />
  <Labels />
  <DataSetNodes />
  <StatisticsNodes />
  <BarCharts />
  <PieCharts />
  <Plots />
  <TimePlots />
</OOMMModel>