<?xml version="1.0" encoding="utf-8"?>
<OOMMModel xmlns:xsi="http://www.w3.org/2001/XMLSchema-instance" xmlns:xsd="http://www.w3.org/2001/XMLSchema">
  <ID>37e9aa57-fe69-4e1c-afec-2b3bce0c5f10</ID>
  <Properties>
    <OOMMModelProperty>
      <Name>ViewScale</Name>
      <Value xsi:type="xsd:float">1.11447465</Value>
    </OOMMModelProperty>
    <OOMMModelProperty>
      <Name>GridVisibility</Name>
      <Value xsi:type="xsd:boolean">false</Value>
    </OOMMModelProperty>
  </Properties>
  <Name>Simple Job Shop</Name>
  <Description>this model has a potential bug, which uses in-processing machine illegally. </Description>
  <Creator>Donghun Kang &lt;donghun.kang@gmail.com&gt;</Creator>
  <EventObjectModels>
    <OOEGEventObjectModel>
      <ID>439b139a-ee2d-4638-ba38-48b15788f0b1</ID>
      <Name>Job Generator</Name>
      <Description />
      <EventTransitions>
        <OOEGEventTransition>
          <No>1</No>
          <Event>
            <ID>0</ID>
            <Name>Run</Name>
            <Parameters />
            <Type>Regular</Type>
            <X>63.00095</X>
            <Y>83.2966843</Y>
          </Event>
          <Action />
          <Edges>
            <OOEGEdgeTransition>
              <EdgeNo>1</EdgeNo>
              <Condition>true</Condition>
              <Delay>0</Delay>
              <Parameters />
              <NextEvent>Arrive</NextEvent>
              <IsCancelingEdge>false</IsCancelingEdge>
              <FromPort>0</FromPort>
              <ToPort>0</ToPort>
              <LinkStyle>0</LinkStyle>
              <AdjustingStyle>1</AdjustingStyle>
              <Curviness>10</Curviness>
              <Points>
                <OOEGPoint>
                  <X>113.250946</X>
                  <Y>96.48249</Y>
                </OOEGPoint>
                <OOEGPoint>
                  <X>166.989456</X>
                  <Y>89.68991</Y>
                </OOEGPoint>
                <OOEGPoint>
                  <X>220.727982</X>
                  <Y>89.68991</Y>
                </OOEGPoint>
                <OOEGPoint>
                  <X>274.4665</X>
                  <Y>95.85626</Y>
                </OOEGPoint>
              </Points>
            </OOEGEdgeTransition>
          </Edges>
          <InitialEvent>true</InitialEvent>
        </OOEGEventTransition>
        <OOEGEventTransition>
          <No>2</No>
          <Event>
            <ID>0</ID>
            <Name>Arrive</Name>
            <Parameters />
            <Type>Regular</Type>
            <X>274.9665</X>
            <Y>83.2966843</Y>
          </Event>
          <Action>JobIn++; 
J = new Job(); 
J.j=0; J.p=0; </Action>
          <Edges>
            <OOEGEdgeTransition>
              <EdgeNo>1</EdgeNo>
              <Condition>true</Condition>
              <Delay>0</Delay>
              <Parameters>J</Parameters>
              <NextEvent>Enter</NextEvent>
              <IsCancelingEdge>false</IsCancelingEdge>
              <FromPort>0</FromPort>
              <ToPort>0</ToPort>
              <LinkStyle>0</LinkStyle>
              <AdjustingStyle>1</AdjustingStyle>
              <Curviness>10</Curviness>
              <Points>
                <OOEGPoint>
                  <X>341.2855</X>
                  <Y>96.30983</Y>
                </OOEGPoint>
                <OOEGPoint>
                  <X>406.718231</X>
                  <Y>89.68991</Y>
                </OOEGPoint>
                <OOEGPoint>
                  <X>472.15094</X>
                  <Y>89.68991</Y>
                </OOEGPoint>
                <OOEGPoint>
                  <X>537.5837</X>
                  <Y>96.5007553</Y>
                </OOEGPoint>
              </Points>
            </OOEGEdgeTransition>
            <OOEGEdgeTransition>
              <EdgeNo>1</EdgeNo>
              <Condition>true</Condition>
              <Delay>5</Delay>
              <Parameters />
              <NextEvent>Arrive</NextEvent>
              <IsCancelingEdge>false</IsCancelingEdge>
              <FromPort>0</FromPort>
              <ToPort>0</ToPort>
              <LinkStyle>2</LinkStyle>
              <AdjustingStyle>0</AdjustingStyle>
              <Curviness>0</Curviness>
              <Points>
                <OOEGPoint>
                  <X>317.629242</X>
                  <Y>116.58313</Y>
                </OOEGPoint>
                <OOEGPoint>
                  <X>330.129242</X>
                  <Y>138.233765</Y>
                </OOEGPoint>
                <OOEGPoint>
                  <X>285.62265</X>
                  <Y>138.233765</Y>
                </OOEGPoint>
                <OOEGPoint>
                  <X>298.12265</X>
                  <Y>116.58313</Y>
                </OOEGPoint>
              </Points>
            </OOEGEdgeTransition>
          </Edges>
          <InitialEvent>false</InitialEvent>
        </OOEGEventTransition>
        <OOEGEventTransition>
          <No>3</No>
          <Event>
            <ID>0</ID>
            <Name>Enter</Name>
            <Parameters>J</Parameters>
            <Type>Mirror</Type>
            <X>538.0837</X>
            <Y>83.2966843</Y>
          </Event>
          <Action />
          <Edges>
            <OOEGEdgeTransition>
              <EdgeNo>1</EdgeNo>
              <Condition>true</Condition>
              <Delay>0</Delay>
              <Parameters />
              <NextEvent />
              <IsCancelingEdge>false</IsCancelingEdge>
              <FromPort>0</FromPort>
              <ToPort>0</ToPort>
              <LinkStyle>0</LinkStyle>
              <AdjustingStyle>0</AdjustingStyle>
              <Curviness>0</Curviness>
              <Points />
            </OOEGEdgeTransition>
          </Edges>
          <InitialEvent>false</InitialEvent>
        </OOEGEventTransition>
      </EventTransitions>
      <StateVariables>
        <OOEGStateVariable>
          <Name>J</Name>
          <Row>1</Row>
          <Col>1</Col>
          <ValueType>Job</ValueType>
          <InitialValue>0</InitialValue>
          <Description />
        </OOEGStateVariable>
        <OOEGStateVariable>
          <Name>JobIn</Name>
          <Row>1</Row>
          <Col>1</Col>
          <ValueType>int</ValueType>
          <InitialValue>0</InitialValue>
          <Description />
        </OOEGStateVariable>
      </StateVariables>
      <Parameters />
      <Schedules />
      <X>50</X>
      <Y>60</Y>
      <InitialEventName />
      <BackgroundColor>-1</BackgroundColor>
      <BoundaryEvents />
      <Functions />
    </OOEGEventObjectModel>
    <OOEGEventObjectModel>
      <ID>150a860d-1309-45e2-a54b-d8a8e2120a0d</ID>
      <Name>Station</Name>
      <Description />
      <EventTransitions>
        <OOEGEventTransition>
          <No>1</No>
          <Event>
            <ID>0</ID>
            <Name>Enter</Name>
            <Parameters>J</Parameters>
            <Type>Regular</Type>
            <X>139.514984</X>
            <Y>103.606773</Y>
          </Event>
          <Action>Q[J.s].Enqueue(J);
JI[J.s]++; 
rsv = false;
if (M[J.s] &gt; 0) { 
   M[J.s]=-1; rsv = true;
}</Action>
          <Edges>
            <OOEGEdgeTransition>
              <EdgeNo>1</EdgeNo>
              <Condition>rsv</Condition>
              <Delay>0</Delay>
              <Parameters>J.s</Parameters>
              <NextEvent>Load</NextEvent>
              <IsCancelingEdge>false</IsCancelingEdge>
              <FromPort>0</FromPort>
              <ToPort>0</ToPort>
              <LinkStyle>0</LinkStyle>
              <AdjustingStyle>1</AdjustingStyle>
              <Curviness>10</Curviness>
              <Points>
                <OOEGPoint>
                  <X>190.054657</X>
                  <Y>103.106773</Y>
                </OOEGPoint>
                <OOEGPoint>
                  <X>214.694489</X>
                  <Y>82.35118</Y>
                </OOEGPoint>
                <OOEGPoint>
                  <X>235.46785</X>
                  <Y>70.2333755</Y>
                </OOEGPoint>
                <OOEGPoint>
                  <X>261.279938</X>
                  <Y>60.65617</Y>
                </OOEGPoint>
              </Points>
            </OOEGEdgeTransition>
          </Edges>
          <InitialEvent>false</InitialEvent>
        </OOEGEventTransition>
        <OOEGEventTransition>
          <No>2</No>
          <Event>
            <ID>0</ID>
            <Name>Load</Name>
            <Parameters>s</Parameters>
            <Type>Regular</Type>
            <X>261.779938</X>
            <Y>33.6067734</Y>
          </Event>
          <Action>M[s]=1; J = (Job)Q[s].Dequeue();
tp = T[J.p];</Action>
          <Edges>
            <OOEGEdgeTransition>
              <EdgeNo>1</EdgeNo>
              <Condition>true</Condition>
              <Delay>tp</Delay>
              <Parameters>J</Parameters>
              <NextEvent>Unload</NextEvent>
              <IsCancelingEdge>false</IsCancelingEdge>
              <FromPort>0</FromPort>
              <ToPort>0</ToPort>
              <LinkStyle>0</LinkStyle>
              <AdjustingStyle>1</AdjustingStyle>
              <Curviness>10</Curviness>
              <Points>
                <OOEGPoint>
                  <X>318.720032</X>
                  <Y>56.7768364</Y>
                </OOEGPoint>
                <OOEGPoint>
                  <X>360.1611</X>
                  <Y>66.55535</Y>
                </OOEGPoint>
                <OOEGPoint>
                  <X>397.977753</X>
                  <Y>81.26182</Y>
                </OOEGPoint>
                <OOEGPoint>
                  <X>438.592</X>
                  <Y>103.106773</Y>
                </OOEGPoint>
              </Points>
            </OOEGEdgeTransition>
          </Edges>
          <InitialEvent>false</InitialEvent>
        </OOEGEventTransition>
        <OOEGEventTransition>
          <No>3</No>
          <Event>
            <ID>0</ID>
            <Name>Unload</Name>
            <Parameters>J</Parameters>
            <Type>Regular</Type>
            <X>432.669922</X>
            <Y>103.606773</Y>
          </Event>
          <Action>M[J.s]=1; JO[J.s]++;
J.p = J.p+1;
rsv = false;
if (Q[J.s] &gt; 0) { 
   M[J.s]=-1; rsv=true;
}</Action>
          <Edges>
            <OOEGEdgeTransition>
              <EdgeNo>1</EdgeNo>
              <Condition>true</Condition>
              <Delay>0</Delay>
              <Parameters>J</Parameters>
              <NextEvent>Depart</NextEvent>
              <IsCancelingEdge>false</IsCancelingEdge>
              <FromPort>0</FromPort>
              <ToPort>0</ToPort>
              <LinkStyle>0</LinkStyle>
              <AdjustingStyle>1</AdjustingStyle>
              <Curviness>10</Curviness>
              <Points>
                <OOEGPoint>
                  <X>507.830078</X>
                  <Y>114.009148</Y>
                </OOEGPoint>
                <OOEGPoint>
                  <X>533.1464</X>
                  <Y>110</Y>
                </OOEGPoint>
                <OOEGPoint>
                  <X>558.462769</X>
                  <Y>110</Y>
                </OOEGPoint>
                <OOEGPoint>
                  <X>583.7791</X>
                  <Y>114.087318</Y>
                </OOEGPoint>
              </Points>
            </OOEGEdgeTransition>
            <OOEGEdgeTransition>
              <EdgeNo>1</EdgeNo>
              <Condition>rsv</Condition>
              <Delay>0</Delay>
              <Parameters>J.s</Parameters>
              <NextEvent>Load</NextEvent>
              <IsCancelingEdge>false</IsCancelingEdge>
              <FromPort>0</FromPort>
              <ToPort>0</ToPort>
              <LinkStyle>2</LinkStyle>
              <AdjustingStyle>1</AdjustingStyle>
              <Curviness>10</Curviness>
              <Points>
                <OOEGPoint>
                  <X>432.169922</X>
                  <Y>110.408684</Y>
                </OOEGPoint>
                <OOEGPoint>
                  <X>390.728851</X>
                  <Y>99.90185</Y>
                </OOEGPoint>
                <OOEGPoint>
                  <X>352.9122</X>
                  <Y>85.19538</Y>
                </OOEGPoint>
                <OOEGPoint>
                  <X>318.720032</X>
                  <Y>66.06703</Y>
                </OOEGPoint>
              </Points>
            </OOEGEdgeTransition>
          </Edges>
          <InitialEvent>false</InitialEvent>
        </OOEGEventTransition>
        <OOEGEventTransition>
          <No>4</No>
          <Event>
            <ID>0</ID>
            <Name>Depart</Name>
            <Parameters>J</Parameters>
            <Type>Mirror</Type>
            <X>584.2791</X>
            <Y>103.606773</Y>
          </Event>
          <Action />
          <Edges>
            <OOEGEdgeTransition>
              <EdgeNo>1</EdgeNo>
              <Condition>true</Condition>
              <Delay>0</Delay>
              <Parameters />
              <NextEvent />
              <IsCancelingEdge>false</IsCancelingEdge>
              <FromPort>0</FromPort>
              <ToPort>0</ToPort>
              <LinkStyle>0</LinkStyle>
              <AdjustingStyle>0</AdjustingStyle>
              <Curviness>0</Curviness>
              <Points />
            </OOEGEdgeTransition>
          </Edges>
          <InitialEvent>false</InitialEvent>
        </OOEGEventTransition>
      </EventTransitions>
      <StateVariables>
        <OOEGStateVariable>
          <Name>J</Name>
          <Row>1</Row>
          <Col>1</Col>
          <ValueType>Job</ValueType>
          <InitialValue>0</InitialValue>
          <Description />
        </OOEGStateVariable>
        <OOEGStateVariable>
          <Name>JI</Name>
          <Row>1</Row>
          <Col>10</Col>
          <ValueType>int</ValueType>
          <InitialValue>{0,0,0,0,0,0,0,0,0,0}</InitialValue>
          <Description />
        </OOEGStateVariable>
        <OOEGStateVariable>
          <Name>JO</Name>
          <Row>1</Row>
          <Col>10</Col>
          <ValueType>int</ValueType>
          <InitialValue>{0,0,0,0,0,0,0,0,0,0}</InitialValue>
          <Description />
        </OOEGStateVariable>
        <OOEGStateVariable>
          <Name>M</Name>
          <Row>1</Row>
          <Col>10</Col>
          <ValueType>int</ValueType>
          <InitialValue>{1,1,1,1,1,1,1,1,1,1}</InitialValue>
          <Description />
        </OOEGStateVariable>
        <OOEGStateVariable>
          <Name>Q</Name>
          <Row>1</Row>
          <Col>10</Col>
          <ValueType>EntityQueue</ValueType>
          <InitialValue>{,,,,,,,,,}</InitialValue>
          <Description />
        </OOEGStateVariable>
        <OOEGStateVariable>
          <Name>rsv</Name>
          <Row>1</Row>
          <Col>1</Col>
          <ValueType>bool</ValueType>
          <InitialValue>false</InitialValue>
          <Description />
        </OOEGStateVariable>
        <OOEGStateVariable>
          <Name>s</Name>
          <Row>1</Row>
          <Col>1</Col>
          <ValueType>int</ValueType>
          <InitialValue>0</InitialValue>
          <Description />
        </OOEGStateVariable>
        <OOEGStateVariable>
          <Name>T</Name>
          <Row>1</Row>
          <Col>3</Col>
          <ValueType>int</ValueType>
          <InitialValue>{50,50,30}</InitialValue>
          <Description />
        </OOEGStateVariable>
        <OOEGStateVariable>
          <Name>tp</Name>
          <Row>1</Row>
          <Col>1</Col>
          <ValueType>int</ValueType>
          <InitialValue>0</InitialValue>
          <Description />
        </OOEGStateVariable>
      </StateVariables>
      <Parameters />
      <Schedules />
      <X>380</X>
      <Y>60</Y>
      <InitialEventName />
      <BackgroundColor>-1</BackgroundColor>
      <BoundaryEvents />
      <Functions />
    </OOEGEventObjectModel>
    <OOEGEventObjectModel>
      <ID>1e702f86-9b9b-4a04-9230-2663e823ead9</ID>
      <Name>Transporter</Name>
      <Description />
      <EventTransitions>
        <OOEGEventTransition>
          <No>1</No>
          <Event>
            <ID>0</ID>
            <Name>Depart</Name>
            <Parameters>J</Parameters>
            <Type>Regular</Type>
            <X>223.859375</X>
            <Y>23.6067657</Y>
          </Event>
          <Action>ns = route[J.p];
if (ns == -1) { JobOut++; J.Dispose();}</Action>
          <Edges>
            <OOEGEdgeTransition>
              <EdgeNo>1</EdgeNo>
              <Condition>ns == -1</Condition>
              <Delay>0</Delay>
              <Parameters>J</Parameters>
              <NextEvent>Exit</NextEvent>
              <IsCancelingEdge>false</IsCancelingEdge>
              <FromPort>0</FromPort>
              <ToPort>0</ToPort>
              <LinkStyle>2</LinkStyle>
              <AdjustingStyle>1</AdjustingStyle>
              <Curviness>10</Curviness>
              <Points>
                <OOEGPoint>
                  <X>296.640625</X>
                  <Y>42.6436958</Y>
                </OOEGPoint>
                <OOEGPoint>
                  <X>343.220154</X>
                  <Y>39.66219</Y>
                </OOEGPoint>
                <OOEGPoint>
                  <X>389.551117</X>
                  <Y>40.27476</Y>
                </OOEGPoint>
                <OOEGPoint>
                  <X>435.632141</X>
                  <Y>44.45018</Y>
                </OOEGPoint>
              </Points>
            </OOEGEdgeTransition>
            <OOEGEdgeTransition>
              <EdgeNo>1</EdgeNo>
              <Condition>ns != -1</Condition>
              <Delay>0</Delay>
              <Parameters>J, ns</Parameters>
              <NextEvent>Move</NextEvent>
              <IsCancelingEdge>false</IsCancelingEdge>
              <FromPort>0</FromPort>
              <ToPort>0</ToPort>
              <LinkStyle>2</LinkStyle>
              <AdjustingStyle>1</AdjustingStyle>
              <Curviness>10</Curviness>
              <Points>
                <OOEGPoint>
                  <X>263.384521</X>
                  <Y>56.89322</Y>
                </OOEGPoint>
                <OOEGPoint>
                  <X>266.08432</X>
                  <Y>93.22307</Y>
                </OOEGPoint>
                <OOEGPoint>
                  <X>261.553467</X>
                  <Y>128.627579</Y>
                </OOEGPoint>
                <OOEGPoint>
                  <X>249.791962</X>
                  <Y>163.106766</Y>
                </OOEGPoint>
              </Points>
            </OOEGEdgeTransition>
          </Edges>
          <InitialEvent>false</InitialEvent>
        </OOEGEventTransition>
        <OOEGEventTransition>
          <No>2</No>
          <Event>
            <ID>0</ID>
            <Name>Exit</Name>
            <Parameters>J</Parameters>
            <Type>Mirror</Type>
            <X>436.132141</X>
            <Y>23.6067657</Y>
          </Event>
          <Action />
          <Edges>
            <OOEGEdgeTransition>
              <EdgeNo>1</EdgeNo>
              <Condition>true</Condition>
              <Delay>0</Delay>
              <Parameters />
              <NextEvent />
              <IsCancelingEdge>false</IsCancelingEdge>
              <FromPort>0</FromPort>
              <ToPort>0</ToPort>
              <LinkStyle>0</LinkStyle>
              <AdjustingStyle>0</AdjustingStyle>
              <Curviness>0</Curviness>
              <Points />
            </OOEGEdgeTransition>
          </Edges>
          <InitialEvent>false</InitialEvent>
        </OOEGEventTransition>
        <OOEGEventTransition>
          <No>3</No>
          <Event>
            <ID>0</ID>
            <Name>Move</Name>
            <Parameters>J,ns</Parameters>
            <Type>Regular</Type>
            <X>208.238937</X>
            <Y>163.606766</Y>
          </Event>
          <Action>td = delay[J.s, ns];
J.s = ns;</Action>
          <Edges>
            <OOEGEdgeTransition>
              <EdgeNo>1</EdgeNo>
              <Condition>true</Condition>
              <Delay>td</Delay>
              <Parameters>J</Parameters>
              <NextEvent>Enter</NextEvent>
              <IsCancelingEdge>false</IsCancelingEdge>
              <FromPort>0</FromPort>
              <ToPort>0</ToPort>
              <LinkStyle>2</LinkStyle>
              <AdjustingStyle>1</AdjustingStyle>
              <Curviness>10</Curviness>
              <Points>
                <OOEGPoint>
                  <X>272.261047</X>
                  <Y>177.4724</Y>
                </OOEGPoint>
                <OOEGPoint>
                  <X>319.402161</X>
                  <Y>172.2519</Y>
                </OOEGPoint>
                <OOEGPoint>
                  <X>364.572784</X>
                  <Y>171.7046</Y>
                </OOEGPoint>
                <OOEGPoint>
                  <X>430.40033</X>
                  <Y>177.383881</Y>
                </OOEGPoint>
              </Points>
            </OOEGEdgeTransition>
          </Edges>
          <InitialEvent>false</InitialEvent>
        </OOEGEventTransition>
        <OOEGEventTransition>
          <No>4</No>
          <Event>
            <ID>0</ID>
            <Name>Enter</Name>
            <Parameters>J</Parameters>
            <Type>Mirror</Type>
            <X>433.324738</X>
            <Y>163.606766</Y>
          </Event>
          <Action />
          <Edges>
            <OOEGEdgeTransition>
              <EdgeNo>1</EdgeNo>
              <Condition>true</Condition>
              <Delay>0</Delay>
              <Parameters />
              <NextEvent />
              <IsCancelingEdge>false</IsCancelingEdge>
              <FromPort>0</FromPort>
              <ToPort>0</ToPort>
              <LinkStyle>0</LinkStyle>
              <AdjustingStyle>0</AdjustingStyle>
              <Curviness>0</Curviness>
              <Points />
            </OOEGEdgeTransition>
          </Edges>
          <InitialEvent>false</InitialEvent>
        </OOEGEventTransition>
      </EventTransitions>
      <StateVariables>
        <OOEGStateVariable>
          <Name>delay</Name>
          <Row>3</Row>
          <Col>3</Col>
          <ValueType>int</ValueType>
          <InitialValue>{0,0,5};{0,0,0};{5,5,0}</InitialValue>
          <Description />
        </OOEGStateVariable>
        <OOEGStateVariable>
          <Name>j</Name>
          <Row>1</Row>
          <Col>1</Col>
          <ValueType>int</ValueType>
          <InitialValue>0</InitialValue>
          <Description />
        </OOEGStateVariable>
        <OOEGStateVariable>
          <Name>J</Name>
          <Row>1</Row>
          <Col>1</Col>
          <ValueType>Job</ValueType>
          <InitialValue>0</InitialValue>
          <Description />
        </OOEGStateVariable>
        <OOEGStateVariable>
          <Name>JobOut</Name>
          <Row>1</Row>
          <Col>1</Col>
          <ValueType>int</ValueType>
          <InitialValue>0</InitialValue>
          <Description />
        </OOEGStateVariable>
        <OOEGStateVariable>
          <Name>ns</Name>
          <Row>1</Row>
          <Col>1</Col>
          <ValueType>int</ValueType>
          <InitialValue>0</InitialValue>
          <Description />
        </OOEGStateVariable>
        <OOEGStateVariable>
          <Name>route</Name>
          <Row>1</Row>
          <Col>4</Col>
          <ValueType>int</ValueType>
          <InitialValue>{0,2,1,-1}</InitialValue>
          <Description />
        </OOEGStateVariable>
        <OOEGStateVariable>
          <Name>td</Name>
          <Row>1</Row>
          <Col>1</Col>
          <ValueType>int</ValueType>
          <InitialValue>0</InitialValue>
          <Description />
        </OOEGStateVariable>
      </StateVariables>
      <Parameters />
      <Schedules />
      <X>210</X>
      <Y>60</Y>
      <InitialEventName />
      <BackgroundColor>-1</BackgroundColor>
      <BoundaryEvents />
      <Functions />
    </OOEGEventObjectModel>
  </EventObjectModels>
  <StateObjectModels />
  <ActivityObjectModels />
  <Experiments>
    <OOMMExperiment>
      <ID>f7b8b8a2-3427-4561-ad37-259cdfeecfb8</ID>
      <Name>Simulation 1</Name>
      <Type>SIMULATION</Type>
      <EOSTime>1</EOSTime>
      <EOSTimeUnit>Hours</EOSTimeUnit>
      <UseRandSeed>false</UseRandSeed>
      <FastForward>true</FastForward>
      <Parallel>false</Parallel>
      <RandSeed>0</RandSeed>
    </OOMMExperiment>
  </Experiments>
  <DataSources />
  <Entities>
    <OOMMEntity>
      <ID>a741ba72-296d-414e-b216-cc86814997f2</ID>
      <Name>Job</Name>
      <Attributes>
        <OOMMEntityAttribute>
          <Name>j</Name>
          <Type>int</Type>
          <InitialValue>0</InitialValue>
        </OOMMEntityAttribute>
        <OOMMEntityAttribute>
          <Name>p</Name>
          <Type>int</Type>
          <InitialValue>0</InitialValue>
        </OOMMEntityAttribute>
        <OOMMEntityAttribute>
          <Name>s</Name>
          <Type>int</Type>
          <InitialValue>0</InitialValue>
        </OOMMEntityAttribute>
      </Attributes>
    </OOMMEntity>
  </Entities>
  <UserClasses />
  <FileName>C:\Users\donghun.kang\Google Drive\My Shared Workspace\SEA Simulator\models\EG\simple_job_shop.xml</FileName>
  <ObjectInteractionDiagram>
    <DataSourceNodes />
    <ObjectInteractionEdges>
      <OOMMObjectInteractionEdge>
        <ID>-2147483646</ID>
        <MirrorTriggerName>Enter</MirrorTriggerName>
        <MirrorObject>3fbcabb5-3146-4a35-adea-e54bf65df5a3</MirrorObject>
        <MirrorPort>17</MirrorPort>
        <BoundaryTriggerName>Depart</BoundaryTriggerName>
        <BoundaryObject>e7814748-f8b6-431f-98be-40283bb69ed6</BoundaryObject>
        <BoundaryPort>16</BoundaryPort>
        <Type>SchedulingLink</Type>
        <StrokeStyle>0</StrokeStyle>
      </OOMMObjectInteractionEdge>
      <OOMMObjectInteractionEdge>
        <ID>-2147483645</ID>
        <MirrorTriggerName>Enter</MirrorTriggerName>
        <MirrorObject>e7814748-f8b6-431f-98be-40283bb69ed6</MirrorObject>
        <MirrorPort>17</MirrorPort>
        <BoundaryTriggerName>Enter</BoundaryTriggerName>
        <BoundaryObject>f00280e1-1f44-4be0-8566-675f8e241c7f</BoundaryObject>
        <BoundaryPort>16</BoundaryPort>
        <Type>SchedulingLink</Type>
        <StrokeStyle>0</StrokeStyle>
      </OOMMObjectInteractionEdge>
      <OOMMObjectInteractionEdge>
        <ID>-2147483644</ID>
        <MirrorTriggerName>Depart</MirrorTriggerName>
        <MirrorObject>f00280e1-1f44-4be0-8566-675f8e241c7f</MirrorObject>
        <MirrorPort>7</MirrorPort>
        <BoundaryTriggerName>Depart</BoundaryTriggerName>
        <BoundaryObject>e7814748-f8b6-431f-98be-40283bb69ed6</BoundaryObject>
        <BoundaryPort>7</BoundaryPort>
        <Type>SchedulingLink</Type>
        <StrokeStyle>0</StrokeStyle>
      </OOMMObjectInteractionEdge>
    </ObjectInteractionEdges>
    <DataAssociations />
    <StateVariableUpdateEdges />
    <Texts />
    <Labels />
    <DataSetNodes />
    <StatisticsNodes>
      <OOMMStatisticsNode>
        <NodeID>1ed632b7-c309-49f8-b239-4bc873a502ea</NodeID>
        <StatisticsName>Statistics 1</StatisticsName>
        <Source>S.Q[0]</Source>
        <Type>TimeDependent</Type>
        <X>495.448517</X>
        <Y>335.9795</Y>
      </OOMMStatisticsNode>
    </StatisticsNodes>
    <BarCharts>
      <OOMMBarChart>
        <Title>Resource Utilization</Title>
        <Dimension>
          <X>591.9851</X>
          <Y>-114.587936</Y>
          <Width>494.635</Width>
          <Height>449.459839</Height>
        </Dimension>
        <Series>
          <Values>
            <OOMMSeries>
              <Name>Q[0]</Name>
              <Value>S.Q[0]</Value>
              <Type>Bar</Type>
              <Appearance>
                <MarkerColor>Black</MarkerColor>
                <LineColor>Black</LineColor>
                <MarkerType>None</MarkerType>
                <BackgroundColor />
                <LineWidth>2</LineWidth>
              </Appearance>
            </OOMMSeries>
            <OOMMSeries>
              <Name>Q[1]</Name>
              <Value>S.Q[1]</Value>
              <Type>Bar</Type>
              <Appearance>
                <MarkerColor>Black</MarkerColor>
                <LineColor>Black</LineColor>
                <MarkerType>None</MarkerType>
                <BackgroundColor />
                <LineWidth>2</LineWidth>
              </Appearance>
            </OOMMSeries>
            <OOMMSeries>
              <Name>Q[2]</Name>
              <Value>S.Q[2]</Value>
              <Type>Bar</Type>
              <Appearance>
                <MarkerColor>Black</MarkerColor>
                <LineColor>Black</LineColor>
                <MarkerType>None</MarkerType>
                <BackgroundColor />
                <LineWidth>2</LineWidth>
              </Appearance>
            </OOMMSeries>
          </Values>
        </Series>
        <Appearance>
          <BackgroundColor>White</BackgroundColor>
          <BorderColor>#408080</BorderColor>
          <BorderWeight>1</BorderWeight>
        </Appearance>
      </OOMMBarChart>
    </BarCharts>
    <PieCharts />
    <Plots />
    <TimePlots>
      <OOMMTimePlot>
        <Title>Time Plot</Title>
        <Dimension>
          <X>64.9433</X>
          <Y>157.433868</Y>
          <Width>402.5505</Width>
          <Height>131.56131</Height>
        </Dimension>
        <Series>
          <Values>
            <OOMMSeries>
              <Name>JI[0]</Name>
              <Value>S.JI[0]</Value>
              <Type>Bar</Type>
              <Appearance>
                <MarkerColor>Black</MarkerColor>
                <LineColor>SandyBrown</LineColor>
                <MarkerType>Diamond</MarkerType>
                <BackgroundColor />
                <LineWidth>2</LineWidth>
              </Appearance>
            </OOMMSeries>
            <OOMMSeries>
              <Name>JO[0]</Name>
              <Value>S.JO[0]</Value>
              <Type>Bar</Type>
              <Appearance>
                <MarkerColor>Black</MarkerColor>
                <LineColor>DodgerBlue</LineColor>
                <MarkerType>Diamond</MarkerType>
                <BackgroundColor />
                <LineWidth>2</LineWidth>
              </Appearance>
            </OOMMSeries>
            <OOMMSeries>
              <Name>JI[1]</Name>
              <Value>S.JI[1]</Value>
              <Type>Bar</Type>
              <Appearance>
                <MarkerColor>Black</MarkerColor>
                <LineColor>Black</LineColor>
                <MarkerType>Diamond</MarkerType>
                <BackgroundColor />
                <LineWidth>2</LineWidth>
              </Appearance>
            </OOMMSeries>
            <OOMMSeries>
              <Name>JO[1]</Name>
              <Value>S.JO[1]</Value>
              <Type>Bar</Type>
              <Appearance>
                <MarkerColor>Black</MarkerColor>
                <LineColor>Black</LineColor>
                <MarkerType>Diamond</MarkerType>
                <BackgroundColor />
                <LineWidth>2</LineWidth>
              </Appearance>
            </OOMMSeries>
            <OOMMSeries>
              <Name>JI[2]</Name>
              <Value>S.JI[2]</Value>
              <Type>Bar</Type>
              <Appearance>
                <MarkerColor>Black</MarkerColor>
                <LineColor>Black</LineColor>
                <MarkerType>Diamond</MarkerType>
                <BackgroundColor />
                <LineWidth>2</LineWidth>
              </Appearance>
            </OOMMSeries>
            <OOMMSeries>
              <Name>JO[2]</Name>
              <Value>S.JO[2]</Value>
              <Type>Bar</Type>
              <Appearance>
                <MarkerColor>Black</MarkerColor>
                <LineColor>Black</LineColor>
                <MarkerType>Diamond</MarkerType>
                <BackgroundColor />
                <LineWidth>2</LineWidth>
              </Appearance>
            </OOMMSeries>
          </Values>
        </Series>
        <Appearance>
          <BackgroundColor>White</BackgroundColor>
          <BorderColor>Silver</BorderColor>
          <BorderWeight>1</BorderWeight>
        </Appearance>
      </OOMMTimePlot>
      <OOMMTimePlot>
        <Title>Time Plot 2</Title>
        <Dimension>
          <X>43.99974</X>
          <Y>320.1712</Y>
          <Width>413.431458</Width>
          <Height>140.623627</Height>
        </Dimension>
        <Series>
          <Values>
            <OOMMSeries>
              <Name>Q[0]</Name>
              <Value>S.Q[0]</Value>
              <Type>Bar</Type>
              <Appearance>
                <MarkerColor>Black</MarkerColor>
                <LineColor>Black</LineColor>
                <MarkerType>Diamond</MarkerType>
                <BackgroundColor />
                <LineWidth>2</LineWidth>
              </Appearance>
            </OOMMSeries>
            <OOMMSeries>
              <Name>Q[1]</Name>
              <Value>S.Q[1]</Value>
              <Type>Bar</Type>
              <Appearance>
                <MarkerColor>Black</MarkerColor>
                <LineColor>Black</LineColor>
                <MarkerType>Diamond</MarkerType>
                <BackgroundColor />
                <LineWidth>2</LineWidth>
              </Appearance>
            </OOMMSeries>
            <OOMMSeries>
              <Name>Q[2]</Name>
              <Value>S.Q[2]</Value>
              <Type>Bar</Type>
              <Appearance>
                <MarkerColor>Black</MarkerColor>
                <LineColor>Black</LineColor>
                <MarkerType>Diamond</MarkerType>
                <BackgroundColor />
                <LineWidth>2</LineWidth>
              </Appearance>
            </OOMMSeries>
          </Values>
        </Series>
        <Appearance>
          <BackgroundColor>White</BackgroundColor>
          <BorderColor>Black</BorderColor>
          <BorderWeight>1</BorderWeight>
        </Appearance>
      </OOMMTimePlot>
    </TimePlots>
    <ObjectNodes>
      <OOMMObjectNode>
        <NodeID>3fbcabb5-3146-4a35-adea-e54bf65df5a3</NodeID>
        <ModelID>439b139a-ee2d-4638-ba38-48b15788f0b1</ModelID>
        <Name>Job Gen</Name>
        <X>50</X>
        <Y>60</Y>
        <BackgroundColor>-1</BackgroundColor>
        <StateVariables />
        <Type>EventObject</Type>
      </OOMMObjectNode>
      <OOMMObjectNode>
        <NodeID>f00280e1-1f44-4be0-8566-675f8e241c7f</NodeID>
        <ModelID>150a860d-1309-45e2-a54b-d8a8e2120a0d</ModelID>
        <Name>S</Name>
        <X>380</X>
        <Y>60</Y>
        <BackgroundColor>-1</BackgroundColor>
        <StateVariables>
          <OOMMObjectStateVariable>
            <Name>M</Name>
            <Value>{1}</Value>
          </OOMMObjectStateVariable>
          <OOMMObjectStateVariable>
            <Name>Q</Name>
            <Value>{0}</Value>
          </OOMMObjectStateVariable>
        </StateVariables>
        <Type>EventObject</Type>
      </OOMMObjectNode>
      <OOMMObjectNode>
        <NodeID>e7814748-f8b6-431f-98be-40283bb69ed6</NodeID>
        <ModelID>1e702f86-9b9b-4a04-9230-2663e823ead9</ModelID>
        <Name>T</Name>
        <X>210</X>
        <Y>60</Y>
        <BackgroundColor>-1</BackgroundColor>
        <StateVariables>
          <OOMMObjectStateVariable>
            <Name>J</Name>
            <Value>0</Value>
          </OOMMObjectStateVariable>
          <OOMMObjectStateVariable>
            <Name>j</Name>
            <Value>0</Value>
          </OOMMObjectStateVariable>
          <OOMMObjectStateVariable>
            <Name>td</Name>
            <Value>0</Value>
          </OOMMObjectStateVariable>
          <OOMMObjectStateVariable>
            <Name>delay</Name>
            <Value>{0,0,5};{0,0,0};{0,5,0}</Value>
          </OOMMObjectStateVariable>
          <OOMMObjectStateVariable>
            <Name>route</Name>
            <Value>{0,2,1,-1}</Value>
          </OOMMObjectStateVariable>
          <OOMMObjectStateVariable>
            <Name>ns</Name>
            <Value>0</Value>
          </OOMMObjectStateVariable>
        </StateVariables>
        <Type>EventObject</Type>
      </OOMMObjectNode>
    </ObjectNodes>
  </ObjectInteractionDiagram>
  <ObjectNodes />
  <DataSourceNodes />
  <EventObjectSchedulingEdges />
  <DataAssociations />
  <Texts />
  <Labels />
  <DataSetNodes />
  <StatisticsNodes />
  <BarCharts />
  <PieCharts />
  <Plots />
  <TimePlots />
</OOMMModel>