<?xml version="1.0" encoding="utf-8"?>
<OOMMModel xmlns:xsi="http://www.w3.org/2001/XMLSchema-instance" xmlns:xsd="http://www.w3.org/2001/XMLSchema">
  <ID>cda0ea1d-0c2a-4b1d-8093-301292746886</ID>
  <Properties>
    <OOMMModelProperty>
      <Name>ViewScale</Name>
      <Value xsi:type="xsd:float">1.27628148</Value>
    </OOMMModelProperty>
    <OOMMModelProperty>
      <Name>GridVisibility</Name>
      <Value xsi:type="xsd:boolean">false</Value>
    </OOMMModelProperty>
  </Properties>
  <Name>Single Server System</Name>
  <Description />
  <Creator />
  <EventObjectModels>
    <OOEGEventObjectModel>
      <ID>439b139a-ee2d-4638-ba38-48b15788f0b1</ID>
      <Name>Job Generator</Name>
      <Description />
      <BackgroundColor>-1</BackgroundColor>
      <Functions />
      <Schedules />
      <EntityQueues />
      <EventTransitions>
        <OOEGEventTransition>
          <No>1</No>
          <Event>
            <ID>0</ID>
            <Name>Run</Name>
            <Parameters />
            <Type>Regular</Type>
            <X>40</X>
            <Y>120</Y>
          </Event>
          <Action />
          <Edges>
            <OOEGEdgeTransition>
              <EdgeNo>1</EdgeNo>
              <Condition>true</Condition>
              <Delay>0</Delay>
              <Parameters />
              <NextEvent>Arrive</NextEvent>
              <IsCancelingEdge>false</IsCancelingEdge>
              <FromPort>1</FromPort>
              <ToPort>3</ToPort>
              <LinkStyle>0</LinkStyle>
              <AdjustingStyle>1</AdjustingStyle>
              <Curviness>10</Curviness>
              <Points>
                <OOEGPoint>
                  <X>77.33073</X>
                  <Y>133.393219</Y>
                </OOEGPoint>
                <OOEGPoint>
                  <X>102.330727</X>
                  <Y>133.393219</Y>
                </OOEGPoint>
                <OOEGPoint>
                  <X>225</X>
                  <Y>133.393234</Y>
                </OOEGPoint>
                <OOEGPoint>
                  <X>250</X>
                  <Y>133.393234</Y>
                </OOEGPoint>
              </Points>
            </OOEGEdgeTransition>
          </Edges>
          <InitialEvent>true</InitialEvent>
        </OOEGEventTransition>
        <OOEGEventTransition>
          <No>2</No>
          <Event>
            <ID>0</ID>
            <Name>Arrive</Name>
            <Parameters />
            <Type>Regular</Type>
            <X>250</X>
            <Y>120</Y>
          </Event>
          <Action>JobIn++;</Action>
          <Edges>
            <OOEGEdgeTransition>
              <EdgeNo>1</EdgeNo>
              <Condition>true</Condition>
              <Delay>0</Delay>
              <Parameters />
              <NextEvent>Enter</NextEvent>
              <IsCancelingEdge>false</IsCancelingEdge>
              <FromPort>1</FromPort>
              <ToPort>3</ToPort>
              <LinkStyle>0</LinkStyle>
              <AdjustingStyle>1</AdjustingStyle>
              <Curviness>10</Curviness>
              <Points>
                <OOEGPoint>
                  <X>303.819</X>
                  <Y>133.393234</Y>
                </OOEGPoint>
                <OOEGPoint>
                  <X>328.819</X>
                  <Y>133.393234</Y>
                </OOEGPoint>
                <OOEGPoint>
                  <X>485</X>
                  <Y>133.393234</Y>
                </OOEGPoint>
                <OOEGPoint>
                  <X>510</X>
                  <Y>133.393234</Y>
                </OOEGPoint>
              </Points>
            </OOEGEdgeTransition>
            <OOEGEdgeTransition>
              <EdgeNo>1</EdgeNo>
              <Condition>true</Condition>
              <Delay>10</Delay>
              <Parameters />
              <NextEvent>Arrive</NextEvent>
              <IsCancelingEdge>false</IsCancelingEdge>
              <FromPort>0</FromPort>
              <ToPort>0</ToPort>
              <LinkStyle>2</LinkStyle>
              <AdjustingStyle>0</AdjustingStyle>
              <Curviness>0</Curviness>
              <Points>
                <OOEGPoint>
                  <X>276.909515</X>
                  <Y>120</Y>
                </OOEGPoint>
                <OOEGPoint>
                  <X>264.409515</X>
                  <Y>98.3493652</Y>
                </OOEGPoint>
                <OOEGPoint>
                  <X>289.409515</X>
                  <Y>98.3493652</Y>
                </OOEGPoint>
                <OOEGPoint>
                  <X>276.909515</X>
                  <Y>120</Y>
                </OOEGPoint>
              </Points>
            </OOEGEdgeTransition>
          </Edges>
          <InitialEvent>false</InitialEvent>
        </OOEGEventTransition>
        <OOEGEventTransition>
          <No>3</No>
          <Event>
            <ID>0</ID>
            <Name>Enter</Name>
            <Parameters />
            <Type>Regular</Type>
            <X>510</X>
            <Y>120</Y>
          </Event>
          <Action />
          <Edges>
            <OOEGEdgeTransition>
              <EdgeNo>1</EdgeNo>
              <Condition>true</Condition>
              <Delay>0</Delay>
              <Parameters />
              <NextEvent />
              <IsCancelingEdge>false</IsCancelingEdge>
              <FromPort>0</FromPort>
              <ToPort>0</ToPort>
              <LinkStyle>0</LinkStyle>
              <AdjustingStyle>0</AdjustingStyle>
              <Curviness>0</Curviness>
              <Points />
            </OOEGEdgeTransition>
          </Edges>
          <InitialEvent>false</InitialEvent>
        </OOEGEventTransition>
      </EventTransitions>
      <StateVariables>
        <OOEGStateVariable>
          <Name>JobIn</Name>
          <Row>1</Row>
          <Col>1</Col>
          <ValueType>int</ValueType>
          <InitialValue>0</InitialValue>
          <Description />
        </OOEGStateVariable>
      </StateVariables>
      <Parameters />
      <X>15.2736349</X>
      <Y>142.86795</Y>
      <InitialEventName />
      <BoundaryEvents />
    </OOEGEventObjectModel>
    <OOEGEventObjectModel>
      <ID>150a860d-1309-45e2-a54b-d8a8e2120a0d</ID>
      <Name>Server</Name>
      <Description />
      <BackgroundColor>-1</BackgroundColor>
      <Functions />
      <Schedules />
      <EntityQueues />
      <EventTransitions>
        <OOEGEventTransition>
          <No>1</No>
          <Event>
            <ID>0</ID>
            <Name>Enter</Name>
            <Parameters />
            <Type>Regular</Type>
            <X>129.514984</X>
            <Y>103.606773</Y>
          </Event>
          <Action>Q++;</Action>
          <Edges>
            <OOEGEdgeTransition>
              <EdgeNo>1</EdgeNo>
              <Condition>M &gt; 0</Condition>
              <Delay>0</Delay>
              <Parameters />
              <NextEvent>Load</NextEvent>
              <IsCancelingEdge>false</IsCancelingEdge>
              <FromPort>0</FromPort>
              <ToPort>0</ToPort>
              <LinkStyle>0</LinkStyle>
              <AdjustingStyle>1</AdjustingStyle>
              <Curviness>10</Curviness>
              <Points>
                <OOEGPoint>
                  <X>190.985031</X>
                  <Y>113.744225</Y>
                </OOEGPoint>
                <OOEGPoint>
                  <X>214.4837</X>
                  <Y>111.0518</Y>
                </OOEGPoint>
                <OOEGPoint>
                  <X>237.916046</X>
                  <Y>111.540459</Y>
                </OOEGPoint>
                <OOEGPoint>
                  <X>261.279938</X>
                  <Y>115.3111</Y>
                </OOEGPoint>
              </Points>
            </OOEGEdgeTransition>
          </Edges>
          <InitialEvent>false</InitialEvent>
        </OOEGEventTransition>
        <OOEGEventTransition>
          <No>2</No>
          <Event>
            <ID>0</ID>
            <Name>Load</Name>
            <Parameters />
            <Type>Regular</Type>
            <X>261.779938</X>
            <Y>103.606773</Y>
          </Event>
          <Action>M--; Q--;</Action>
          <Edges>
            <OOEGEdgeTransition>
              <EdgeNo>1</EdgeNo>
              <Condition>true</Condition>
              <Delay>15</Delay>
              <Parameters />
              <NextEvent>Unload</NextEvent>
              <IsCancelingEdge>false</IsCancelingEdge>
              <FromPort>0</FromPort>
              <ToPort>0</ToPort>
              <LinkStyle>0</LinkStyle>
              <AdjustingStyle>1</AdjustingStyle>
              <Curviness>10</Curviness>
              <Points>
                <OOEGPoint>
                  <X>318.720032</X>
                  <Y>115.697182</Y>
                </OOEGPoint>
                <OOEGPoint>
                  <X>356.536865</X>
                  <Y>111.646034</Y>
                </OOEGPoint>
                <OOEGPoint>
                  <X>394.352783</X>
                  <Y>111.722191</Y>
                </OOEGPoint>
                <OOEGPoint>
                  <X>432.169922</X>
                  <Y>115.553833</Y>
                </OOEGPoint>
              </Points>
            </OOEGEdgeTransition>
          </Edges>
          <InitialEvent>false</InitialEvent>
        </OOEGEventTransition>
        <OOEGEventTransition>
          <No>3</No>
          <Event>
            <ID>0</ID>
            <Name>Unload</Name>
            <Parameters />
            <Type>Regular</Type>
            <X>432.669922</X>
            <Y>103.606773</Y>
          </Event>
          <Action>M++; JobOut++;</Action>
          <Edges>
            <OOEGEdgeTransition>
              <EdgeNo>1</EdgeNo>
              <Condition>true</Condition>
              <Delay>0</Delay>
              <Parameters />
              <NextEvent>Depart</NextEvent>
              <IsCancelingEdge>false</IsCancelingEdge>
              <FromPort>0</FromPort>
              <ToPort>0</ToPort>
              <LinkStyle>0</LinkStyle>
              <AdjustingStyle>1</AdjustingStyle>
              <Curviness>10</Curviness>
              <Points>
                <OOEGPoint>
                  <X>507.830078</X>
                  <Y>114.780716</Y>
                </OOEGPoint>
                <OOEGPoint>
                  <X>532.948547</X>
                  <Y>111.487495</Y>
                </OOEGPoint>
                <OOEGPoint>
                  <X>558.124634</X>
                  <Y>110.876106</Y>
                </OOEGPoint>
                <OOEGPoint>
                  <X>583.3594</X>
                  <Y>112.979347</Y>
                </OOEGPoint>
              </Points>
            </OOEGEdgeTransition>
            <OOEGEdgeTransition>
              <EdgeNo>1</EdgeNo>
              <Condition>Q &gt; 0</Condition>
              <Delay>0</Delay>
              <Parameters />
              <NextEvent>Load</NextEvent>
              <IsCancelingEdge>false</IsCancelingEdge>
              <FromPort>0</FromPort>
              <ToPort>0</ToPort>
              <LinkStyle>1</LinkStyle>
              <AdjustingStyle>1</AdjustingStyle>
              <Curviness>10</Curviness>
              <Points>
                <OOEGPoint>
                  <X>432.169922</X>
                  <Y>120</Y>
                </OOEGPoint>
                <OOEGPoint>
                  <X>422.169922</X>
                  <Y>120</Y>
                </OOEGPoint>
                <OOEGPoint>
                  <X>381</X>
                  <Y>120</Y>
                </OOEGPoint>
                <OOEGPoint>
                  <X>381</X>
                  <Y>120</Y>
                </OOEGPoint>
                <OOEGPoint>
                  <X>328.720032</X>
                  <Y>120</Y>
                </OOEGPoint>
                <OOEGPoint>
                  <X>318.720032</X>
                  <Y>120</Y>
                </OOEGPoint>
              </Points>
            </OOEGEdgeTransition>
          </Edges>
          <InitialEvent>false</InitialEvent>
        </OOEGEventTransition>
        <OOEGEventTransition>
          <No>4</No>
          <Event>
            <ID>0</ID>
            <Name>Depart</Name>
            <Parameters />
            <Type>Regular</Type>
            <X>583.8594</X>
            <Y>103.606773</Y>
          </Event>
          <Action />
          <Edges>
            <OOEGEdgeTransition>
              <EdgeNo>1</EdgeNo>
              <Condition>true</Condition>
              <Delay>0</Delay>
              <Parameters />
              <NextEvent />
              <IsCancelingEdge>false</IsCancelingEdge>
              <FromPort>0</FromPort>
              <ToPort>0</ToPort>
              <LinkStyle>0</LinkStyle>
              <AdjustingStyle>0</AdjustingStyle>
              <Curviness>0</Curviness>
              <Points />
            </OOEGEdgeTransition>
          </Edges>
          <InitialEvent>false</InitialEvent>
        </OOEGEventTransition>
      </EventTransitions>
      <StateVariables>
        <OOEGStateVariable>
          <Name>JobOut</Name>
          <Row>1</Row>
          <Col>1</Col>
          <ValueType>int</ValueType>
          <InitialValue>0</InitialValue>
          <Description />
        </OOEGStateVariable>
        <OOEGStateVariable>
          <Name>M</Name>
          <Row>1</Row>
          <Col>1</Col>
          <ValueType>int</ValueType>
          <InitialValue>1</InitialValue>
          <Description />
        </OOEGStateVariable>
        <OOEGStateVariable>
          <Name>Q</Name>
          <Row>1</Row>
          <Col>1</Col>
          <ValueType>int</ValueType>
          <InitialValue>0</InitialValue>
          <Description />
        </OOEGStateVariable>
      </StateVariables>
      <Parameters />
      <X>165.273636</X>
      <Y>142.86795</Y>
      <InitialEventName />
      <BoundaryEvents />
    </OOEGEventObjectModel>
  </EventObjectModels>
  <StateObjectModels />
  <ActivityObjectModels />
  <Experiments>
    <OOMMExperiment>
      <ID>f7b8b8a2-3427-4561-ad37-259cdfeecfb8</ID>
      <Name>Simulation 1</Name>
      <Type>SIMULATION</Type>
      <EOSTime>3600</EOSTime>
      <EOSTimeUnit>Seconds</EOSTimeUnit>
      <UseRandSeed>false</UseRandSeed>
      <FastForward>true</FastForward>
      <Parallel>false</Parallel>
      <RandSeed>0</RandSeed>
    </OOMMExperiment>
  </Experiments>
  <DataSources />
  <Entities />
  <UserClasses />
  <FileName>C:\Users\donghun.kang\Google Drive\My Shared Workspace\SEA Simulator\models\EG\Single Server System-eg.xml</FileName>
  <ObjectInteractionDiagram>
    <DataSourceNodes />
    <ObjectInteractionEdges>
      <OOMMObjectInteractionEdge>
        <ID>-2147483647</ID>
        <MirrorTriggerName>Enter</MirrorTriggerName>
        <MirrorObject>3fbcabb5-3146-4a35-adea-e54bf65df5a3</MirrorObject>
        <MirrorPort>17</MirrorPort>
        <BoundaryTriggerName>Enter</BoundaryTriggerName>
        <BoundaryObject>f00280e1-1f44-4be0-8566-675f8e241c7f</BoundaryObject>
        <BoundaryPort>16</BoundaryPort>
        <Type>SchedulingLink</Type>
        <StrokeStyle>0</StrokeStyle>
      </OOMMObjectInteractionEdge>
    </ObjectInteractionEdges>
    <DataAssociations />
    <StateVariableUpdateEdges />
    <Texts />
    <Labels />
    <DataSetNodes />
    <StatisticsNodes />
    <BarCharts />
    <PieCharts />
    <Plots />
    <TimePlots>
      <OOMMTimePlot>
        <Title>Time Plot</Title>
        <Description />
        <Dimension>
          <X>269.8393</X>
          <Y>76.34854</Y>
          <Width>400</Width>
          <Height>229.226685</Height>
        </Dimension>
        <Series>
          <Values>
            <OOMMSeries>
              <Name>M</Name>
              <Value>M1.M</Value>
              <Type>Bar</Type>
              <Appearance>
                <MarkerColor>Black</MarkerColor>
                <LineColor>Orange</LineColor>
                <MarkerType>Diamond</MarkerType>
                <BackgroundColor />
                <LineWidth>2</LineWidth>
              </Appearance>
            </OOMMSeries>
            <OOMMSeries>
              <Name>Q</Name>
              <Value>M1.Q</Value>
              <Type>Bar</Type>
              <Appearance>
                <MarkerColor>Black</MarkerColor>
                <LineColor>Red</LineColor>
                <MarkerType>Diamond</MarkerType>
                <BackgroundColor />
                <LineWidth>2</LineWidth>
              </Appearance>
            </OOMMSeries>
            <OOMMSeries>
              <Name>In</Name>
              <Value>Job Gen.JobIn</Value>
              <Type>Bar</Type>
              <Appearance>
                <MarkerColor>Black</MarkerColor>
                <LineColor>Gainsboro</LineColor>
                <MarkerType>Diamond</MarkerType>
                <BackgroundColor />
                <LineWidth>2</LineWidth>
              </Appearance>
            </OOMMSeries>
            <OOMMSeries>
              <Name>Out</Name>
              <Value>M1.JobOut</Value>
              <Type>Bar</Type>
              <Appearance>
                <MarkerColor>Black</MarkerColor>
                <LineColor>DimGray</LineColor>
                <MarkerType>Diamond</MarkerType>
                <BackgroundColor />
                <LineWidth>2</LineWidth>
              </Appearance>
            </OOMMSeries>
          </Values>
        </Series>
        <Appearance>
          <BackgroundColor>White</BackgroundColor>
          <NameColor>Black</NameColor>
          <DescriptionColor>Black</DescriptionColor>
          <BorderColor>Black</BorderColor>
          <BorderWeight>1</BorderWeight>
        </Appearance>
      </OOMMTimePlot>
    </TimePlots>
    <DonutCharts />
    <ScatterCharts />
    <BoxWhiskerCharts />
    <Histograms />
    <Tiles />
    <ObjectNodes>
      <OOMMObjectNode>
        <NodeID>3fbcabb5-3146-4a35-adea-e54bf65df5a3</NodeID>
        <ModelID>439b139a-ee2d-4638-ba38-48b15788f0b1</ModelID>
        <Name>Job Gen</Name>
        <X>15.2736349</X>
        <Y>142.86795</Y>
        <BackgroundColor>-1</BackgroundColor>
        <StateVariables />
        <Type>EventObject</Type>
      </OOMMObjectNode>
      <OOMMObjectNode>
        <NodeID>f00280e1-1f44-4be0-8566-675f8e241c7f</NodeID>
        <ModelID>150a860d-1309-45e2-a54b-d8a8e2120a0d</ModelID>
        <Name>M1</Name>
        <X>165.273636</X>
        <Y>142.86795</Y>
        <BackgroundColor>-1</BackgroundColor>
        <StateVariables>
          <OOMMObjectStateVariable>
            <Name>M</Name>
            <Value>{1}</Value>
          </OOMMObjectStateVariable>
          <OOMMObjectStateVariable>
            <Name>Q</Name>
            <Value>{0}</Value>
          </OOMMObjectStateVariable>
        </StateVariables>
        <Type>EventObject</Type>
      </OOMMObjectNode>
    </ObjectNodes>
  </ObjectInteractionDiagram>
  <ObjectNodes />
  <DataSourceNodes />
  <EventObjectSchedulingEdges />
  <DataAssociations />
  <Texts />
  <Labels />
  <DataSetNodes />
  <StatisticsNodes />
  <BarCharts />
  <PieCharts />
  <Plots />
  <TimePlots />
</OOMMModel>