<?xml version="1.0" encoding="utf-8"?>
<OOMMModel xmlns:xsi="http://www.w3.org/2001/XMLSchema-instance" xmlns:xsd="http://www.w3.org/2001/XMLSchema">
  <ID>f79de5a5-5747-4427-8d07-1487d8066126</ID>
  <Properties>
    <OOMMModelProperty>
      <Name>ViewScale</Name>
      <Value xsi:type="xsd:float">1.30044079</Value>
    </OOMMModelProperty>
    <OOMMModelProperty>
      <Name>GridVisibility</Name>
      <Value xsi:type="xsd:boolean">false</Value>
    </OOMMModelProperty>
  </Properties>
  <Name>Three-stage Tandem Line</Name>
  <Description />
  <Creator>Donghun Kang &lt;donghun.kang@gmail.com&gt;</Creator>
  <EventObjectModels>
    <OOEGEventObjectModel>
      <ID>439b139a-ee2d-4638-ba38-48b15788f0b1</ID>
      <Name>Job Generator</Name>
      <Description />
      <BackgroundColor>-4144960</BackgroundColor>
      <Functions />
      <Schedules />
      <EntityQueues />
      <EventTransitions>
        <OOEGEventTransition>
          <No>1</No>
          <Event>
            <ID>0</ID>
            <Name>Run</Name>
            <Parameters />
            <Type>Regular</Type>
            <X>40</X>
            <Y>120</Y>
          </Event>
          <Action />
          <Edges>
            <OOEGEdgeTransition>
              <EdgeNo>1</EdgeNo>
              <Condition>true</Condition>
              <Delay>0</Delay>
              <Parameters />
              <NextEvent>Arrive</NextEvent>
              <IsCancelingEdge>false</IsCancelingEdge>
              <FromPort>1</FromPort>
              <ToPort>3</ToPort>
              <LinkStyle>0</LinkStyle>
              <AdjustingStyle>1</AdjustingStyle>
              <Curviness>10</Curviness>
              <Points>
                <OOEGPoint>
                  <X>77.33073</X>
                  <Y>133.393219</Y>
                </OOEGPoint>
                <OOEGPoint>
                  <X>102.330727</X>
                  <Y>133.393219</Y>
                </OOEGPoint>
                <OOEGPoint>
                  <X>225</X>
                  <Y>133.393234</Y>
                </OOEGPoint>
                <OOEGPoint>
                  <X>250</X>
                  <Y>133.393234</Y>
                </OOEGPoint>
              </Points>
            </OOEGEdgeTransition>
          </Edges>
          <InitialEvent>true</InitialEvent>
        </OOEGEventTransition>
        <OOEGEventTransition>
          <No>2</No>
          <Event>
            <ID>0</ID>
            <Name>Arrive</Name>
            <Parameters />
            <Type>Regular</Type>
            <X>250</X>
            <Y>120</Y>
          </Event>
          <Action>JobIn++;</Action>
          <Edges>
            <OOEGEdgeTransition>
              <EdgeNo>1</EdgeNo>
              <Condition>true</Condition>
              <Delay>0</Delay>
              <Parameters />
              <NextEvent>Enter</NextEvent>
              <IsCancelingEdge>false</IsCancelingEdge>
              <FromPort>1</FromPort>
              <ToPort>3</ToPort>
              <LinkStyle>0</LinkStyle>
              <AdjustingStyle>1</AdjustingStyle>
              <Curviness>10</Curviness>
              <Points>
                <OOEGPoint>
                  <X>303.819</X>
                  <Y>133.393234</Y>
                </OOEGPoint>
                <OOEGPoint>
                  <X>328.819</X>
                  <Y>133.393234</Y>
                </OOEGPoint>
                <OOEGPoint>
                  <X>485</X>
                  <Y>133.393234</Y>
                </OOEGPoint>
                <OOEGPoint>
                  <X>510</X>
                  <Y>133.393234</Y>
                </OOEGPoint>
              </Points>
            </OOEGEdgeTransition>
            <OOEGEdgeTransition>
              <EdgeNo>1</EdgeNo>
              <Condition>true</Condition>
              <Delay>10</Delay>
              <Parameters />
              <NextEvent>Arrive</NextEvent>
              <IsCancelingEdge>false</IsCancelingEdge>
              <FromPort>0</FromPort>
              <ToPort>0</ToPort>
              <LinkStyle>2</LinkStyle>
              <AdjustingStyle>0</AdjustingStyle>
              <Curviness>0</Curviness>
              <Points>
                <OOEGPoint>
                  <X>276.909515</X>
                  <Y>120</Y>
                </OOEGPoint>
                <OOEGPoint>
                  <X>264.409515</X>
                  <Y>98.3493652</Y>
                </OOEGPoint>
                <OOEGPoint>
                  <X>289.409515</X>
                  <Y>98.3493652</Y>
                </OOEGPoint>
                <OOEGPoint>
                  <X>276.909515</X>
                  <Y>120</Y>
                </OOEGPoint>
              </Points>
            </OOEGEdgeTransition>
          </Edges>
          <InitialEvent>false</InitialEvent>
        </OOEGEventTransition>
        <OOEGEventTransition>
          <No>3</No>
          <Event>
            <ID>0</ID>
            <Name>Enter</Name>
            <Parameters />
            <Type>Mirror</Type>
            <X>510</X>
            <Y>120</Y>
          </Event>
          <Action />
          <Edges>
            <OOEGEdgeTransition>
              <EdgeNo>1</EdgeNo>
              <Condition>true</Condition>
              <Delay>0</Delay>
              <Parameters />
              <NextEvent />
              <IsCancelingEdge>false</IsCancelingEdge>
              <FromPort>0</FromPort>
              <ToPort>0</ToPort>
              <LinkStyle>0</LinkStyle>
              <AdjustingStyle>0</AdjustingStyle>
              <Curviness>0</Curviness>
              <Points />
            </OOEGEdgeTransition>
          </Edges>
          <InitialEvent>false</InitialEvent>
        </OOEGEventTransition>
      </EventTransitions>
      <StateVariables>
        <OOEGStateVariable>
          <Name>JobIn</Name>
          <Row>1</Row>
          <Col>1</Col>
          <ValueType>int</ValueType>
          <InitialValue>0</InitialValue>
          <Description />
        </OOEGStateVariable>
      </StateVariables>
      <Parameters />
      <X>80</X>
      <Y>100</Y>
      <InitialEventName />
      <BoundaryEvents />
    </OOEGEventObjectModel>
    <OOEGEventObjectModel>
      <ID>150a860d-1309-45e2-a54b-d8a8e2120a0d</ID>
      <Name>Station</Name>
      <Description />
      <BackgroundColor>-128</BackgroundColor>
      <Functions />
      <Schedules />
      <EntityQueues />
      <EventTransitions>
        <OOEGEventTransition>
          <No>1</No>
          <Event>
            <ID>0</ID>
            <Name>Enter</Name>
            <Parameters />
            <Type>Regular</Type>
            <X>130.207672</X>
            <Y>103.606773</Y>
          </Event>
          <Action>Q++;JI++;
rsv = false;
if (M&gt;0) { rsv = true; M=-1;}</Action>
          <Edges>
            <OOEGEdgeTransition>
              <EdgeNo>1</EdgeNo>
              <Condition>rsv</Condition>
              <Delay>0</Delay>
              <Parameters />
              <NextEvent>Load</NextEvent>
              <IsCancelingEdge>false</IsCancelingEdge>
              <FromPort>0</FromPort>
              <ToPort>0</ToPort>
              <LinkStyle>0</LinkStyle>
              <AdjustingStyle>1</AdjustingStyle>
              <Curviness>10</Curviness>
              <Points>
                <OOEGPoint>
                  <X>191.33136</X>
                  <Y>114.321426</Y>
                </OOEGPoint>
                <OOEGPoint>
                  <X>214.647552</X>
                  <Y>110</Y>
                </OOEGPoint>
                <OOEGPoint>
                  <X>237.963745</X>
                  <Y>110</Y>
                </OOEGPoint>
                <OOEGPoint>
                  <X>261.279938</X>
                  <Y>114.480759</Y>
                </OOEGPoint>
              </Points>
            </OOEGEdgeTransition>
          </Edges>
          <InitialEvent>false</InitialEvent>
        </OOEGEventTransition>
        <OOEGEventTransition>
          <No>2</No>
          <Event>
            <ID>0</ID>
            <Name>Load</Name>
            <Parameters />
            <Type>Regular</Type>
            <X>261.779938</X>
            <Y>103.606773</Y>
          </Event>
          <Action>M=0; Q--;</Action>
          <Edges>
            <OOEGEdgeTransition>
              <EdgeNo>1</EdgeNo>
              <Condition>true</Condition>
              <Delay>15</Delay>
              <Parameters />
              <NextEvent>Unload</NextEvent>
              <IsCancelingEdge>false</IsCancelingEdge>
              <FromPort>0</FromPort>
              <ToPort>0</ToPort>
              <LinkStyle>0</LinkStyle>
              <AdjustingStyle>1</AdjustingStyle>
              <Curviness>10</Curviness>
              <Points>
                <OOEGPoint>
                  <X>318.720032</X>
                  <Y>115.683578</Y>
                </OOEGPoint>
                <OOEGPoint>
                  <X>356.536652</X>
                  <Y>110</Y>
                </OOEGPoint>
                <OOEGPoint>
                  <X>394.3533</X>
                  <Y>110</Y>
                </OOEGPoint>
                <OOEGPoint>
                  <X>432.169922</X>
                  <Y>114.999107</Y>
                </OOEGPoint>
              </Points>
            </OOEGEdgeTransition>
          </Edges>
          <InitialEvent>false</InitialEvent>
        </OOEGEventTransition>
        <OOEGEventTransition>
          <No>3</No>
          <Event>
            <ID>0</ID>
            <Name>Unload</Name>
            <Parameters />
            <Type>Regular</Type>
            <X>432.669922</X>
            <Y>103.606773</Y>
          </Event>
          <Action>M=1; JO++;
rsv = false;
if (Q&gt;0) { rsv = true; M=-1;}
</Action>
          <Edges>
            <OOEGEdgeTransition>
              <EdgeNo>1</EdgeNo>
              <Condition>true</Condition>
              <Delay>0</Delay>
              <Parameters />
              <NextEvent>Leave</NextEvent>
              <IsCancelingEdge>false</IsCancelingEdge>
              <FromPort>0</FromPort>
              <ToPort>0</ToPort>
              <LinkStyle>0</LinkStyle>
              <AdjustingStyle>1</AdjustingStyle>
              <Curviness>10</Curviness>
              <Points>
                <OOEGPoint>
                  <X>507.830078</X>
                  <Y>114.157959</Y>
                </OOEGPoint>
                <OOEGPoint>
                  <X>534.7549</X>
                  <Y>110</Y>
                </OOEGPoint>
                <OOEGPoint>
                  <X>561.6796</X>
                  <Y>110</Y>
                </OOEGPoint>
                <OOEGPoint>
                  <X>588.604431</X>
                  <Y>114.546394</Y>
                </OOEGPoint>
              </Points>
            </OOEGEdgeTransition>
            <OOEGEdgeTransition>
              <EdgeNo>1</EdgeNo>
              <Condition>rsv</Condition>
              <Delay>0</Delay>
              <Parameters />
              <NextEvent>Load</NextEvent>
              <IsCancelingEdge>false</IsCancelingEdge>
              <FromPort>0</FromPort>
              <ToPort>0</ToPort>
              <LinkStyle>1</LinkStyle>
              <AdjustingStyle>1</AdjustingStyle>
              <Curviness>10</Curviness>
              <Points>
                <OOEGPoint>
                  <X>432.169922</X>
                  <Y>120</Y>
                </OOEGPoint>
                <OOEGPoint>
                  <X>422.169922</X>
                  <Y>120</Y>
                </OOEGPoint>
                <OOEGPoint>
                  <X>381</X>
                  <Y>120</Y>
                </OOEGPoint>
                <OOEGPoint>
                  <X>381</X>
                  <Y>120</Y>
                </OOEGPoint>
                <OOEGPoint>
                  <X>328.720032</X>
                  <Y>120</Y>
                </OOEGPoint>
                <OOEGPoint>
                  <X>318.720032</X>
                  <Y>120</Y>
                </OOEGPoint>
              </Points>
            </OOEGEdgeTransition>
          </Edges>
          <InitialEvent>false</InitialEvent>
        </OOEGEventTransition>
        <OOEGEventTransition>
          <No>4</No>
          <Event>
            <ID>0</ID>
            <Name>Leave</Name>
            <Parameters />
            <Type>Mirror</Type>
            <X>589.104431</X>
            <Y>103.606773</Y>
          </Event>
          <Action />
          <Edges>
            <OOEGEdgeTransition>
              <EdgeNo>1</EdgeNo>
              <Condition>true</Condition>
              <Delay>0</Delay>
              <Parameters />
              <NextEvent />
              <IsCancelingEdge>false</IsCancelingEdge>
              <FromPort>0</FromPort>
              <ToPort>0</ToPort>
              <LinkStyle>0</LinkStyle>
              <AdjustingStyle>0</AdjustingStyle>
              <Curviness>0</Curviness>
              <Points />
            </OOEGEdgeTransition>
          </Edges>
          <InitialEvent>false</InitialEvent>
        </OOEGEventTransition>
      </EventTransitions>
      <StateVariables>
        <OOEGStateVariable>
          <Name>JI</Name>
          <Row>1</Row>
          <Col>1</Col>
          <ValueType>int</ValueType>
          <InitialValue>0</InitialValue>
          <Description />
        </OOEGStateVariable>
        <OOEGStateVariable>
          <Name>JO</Name>
          <Row>1</Row>
          <Col>1</Col>
          <ValueType>int</ValueType>
          <InitialValue>0</InitialValue>
          <Description />
        </OOEGStateVariable>
        <OOEGStateVariable>
          <Name>M</Name>
          <Row>1</Row>
          <Col>1</Col>
          <ValueType>int</ValueType>
          <InitialValue>1</InitialValue>
          <Description />
        </OOEGStateVariable>
        <OOEGStateVariable>
          <Name>Q</Name>
          <Row>1</Row>
          <Col>1</Col>
          <ValueType>int</ValueType>
          <InitialValue>0</InitialValue>
          <Description />
        </OOEGStateVariable>
        <OOEGStateVariable>
          <Name>rsv</Name>
          <Row>1</Row>
          <Col>1</Col>
          <ValueType>bool</ValueType>
          <InitialValue>False</InitialValue>
          <Description />
        </OOEGStateVariable>
      </StateVariables>
      <Parameters />
      <X>570</X>
      <Y>100</Y>
      <InitialEventName />
      <BoundaryEvents />
    </OOEGEventObjectModel>
  </EventObjectModels>
  <StateObjectModels />
  <ActivityObjectModels />
  <Experiments>
    <OOMMExperiment>
      <ID>f7b8b8a2-3427-4561-ad37-259cdfeecfb8</ID>
      <Name>Simulation 1</Name>
      <Type>SIMULATION</Type>
      <EOSTime>8</EOSTime>
      <EOSTimeUnit>Hours</EOSTimeUnit>
      <UseRandSeed>false</UseRandSeed>
      <FastForward>true</FastForward>
      <Parallel>false</Parallel>
      <RandSeed>0</RandSeed>
    </OOMMExperiment>
  </Experiments>
  <DataSources />
  <Entities />
  <UserClasses />
  <FileName>C:\Users\donghun.kang\Google Drive\My Shared Workspace\SEA Simulator\models\EG\tandem_line.xml</FileName>
  <ObjectInteractionDiagram>
    <DataSourceNodes />
    <ObjectInteractionEdges>
      <OOMMObjectInteractionEdge>
        <ID>-2147483647</ID>
        <MirrorTriggerName>Enter</MirrorTriggerName>
        <MirrorObject>3fbcabb5-3146-4a35-adea-e54bf65df5a3</MirrorObject>
        <MirrorPort>17</MirrorPort>
        <BoundaryTriggerName>Enter</BoundaryTriggerName>
        <BoundaryObject>f00280e1-1f44-4be0-8566-675f8e241c7f</BoundaryObject>
        <BoundaryPort>16</BoundaryPort>
        <Type>SchedulingLink</Type>
        <StrokeStyle>0</StrokeStyle>
      </OOMMObjectInteractionEdge>
      <OOMMObjectInteractionEdge>
        <ID>-2147483646</ID>
        <MirrorTriggerName>Leave</MirrorTriggerName>
        <MirrorObject>f00280e1-1f44-4be0-8566-675f8e241c7f</MirrorObject>
        <MirrorPort>17</MirrorPort>
        <BoundaryTriggerName>Enter</BoundaryTriggerName>
        <BoundaryObject>d393407e-d856-4578-82b3-5308a33b43fd</BoundaryObject>
        <BoundaryPort>16</BoundaryPort>
        <Type>SchedulingLink</Type>
        <StrokeStyle>0</StrokeStyle>
      </OOMMObjectInteractionEdge>
      <OOMMObjectInteractionEdge>
        <ID>-2147483645</ID>
        <MirrorTriggerName>Leave</MirrorTriggerName>
        <MirrorObject>d393407e-d856-4578-82b3-5308a33b43fd</MirrorObject>
        <MirrorPort>17</MirrorPort>
        <BoundaryTriggerName>Enter</BoundaryTriggerName>
        <BoundaryObject>499a5f7e-6865-49dd-8859-5be3acf6a379</BoundaryObject>
        <BoundaryPort>16</BoundaryPort>
        <Type>SchedulingLink</Type>
        <StrokeStyle>0</StrokeStyle>
      </OOMMObjectInteractionEdge>
    </ObjectInteractionEdges>
    <DataAssociations />
    <StateVariableUpdateEdges />
    <Texts />
    <Labels>
      <OOMMLabelNode>
        <NodeID>cfe4d07c-65e2-4ff9-bf4d-c63776728c8d</NodeID>
        <LabelName>JI2</LabelName>
        <StateVariableName>JI</StateVariableName>
        <ObjectID>d393407e-d856-4578-82b3-5308a33b43fd</ObjectID>
        <X>372.912323</X>
        <Y>89.37978</Y>
        <Font>
          <Size>6</Size>
          <Bold>false</Bold>
          <Italic>true</Italic>
          <Underline>false</Underline>
          <Strikeout>false</Strikeout>
          <Color>-16777216</Color>
          <Name>Microsoft Sans Serif</Name>
        </Font>
        <TransparentBackground>false</TransparentBackground>
        <BackColor>-1</BackColor>
        <BorderColor>0</BorderColor>
      </OOMMLabelNode>
      <OOMMLabelNode>
        <NodeID>c7be980c-bfb0-4dec-bc34-2fcf1a9f283d</NodeID>
        <LabelName>JO1</LabelName>
        <StateVariableName>JO</StateVariableName>
        <ObjectID>f00280e1-1f44-4be0-8566-675f8e241c7f</ObjectID>
        <X>316.008545</X>
        <Y>87.84184</Y>
        <Font>
          <Size>6</Size>
          <Bold>false</Bold>
          <Italic>true</Italic>
          <Underline>false</Underline>
          <Strikeout>false</Strikeout>
          <Color>-16777216</Color>
          <Name>Microsoft Sans Serif</Name>
        </Font>
        <TransparentBackground>false</TransparentBackground>
        <BackColor>-1</BackColor>
        <BorderColor>0</BorderColor>
      </OOMMLabelNode>
      <OOMMLabelNode>
        <NodeID>fbc25709-d41e-4710-a17f-9e8b0100c7fe</NodeID>
        <LabelName>JO2</LabelName>
        <StateVariableName>JO</StateVariableName>
        <ObjectID>d393407e-d856-4578-82b3-5308a33b43fd</ObjectID>
        <X>472.109467</X>
        <Y>87.07287</Y>
        <Font>
          <Size>6</Size>
          <Bold>false</Bold>
          <Italic>true</Italic>
          <Underline>false</Underline>
          <Strikeout>false</Strikeout>
          <Color>-16777216</Color>
          <Name>Microsoft Sans Serif</Name>
        </Font>
        <TransparentBackground>false</TransparentBackground>
        <BackColor>-1</BackColor>
        <BorderColor>0</BorderColor>
      </OOMMLabelNode>
      <OOMMLabelNode>
        <NodeID>062eaa16-e584-442b-a4d9-3e1ebb2b1cbc</NodeID>
        <LabelName>JI3</LabelName>
        <StateVariableName>JI</StateVariableName>
        <ObjectID>499a5f7e-6865-49dd-8859-5be3acf6a379</ObjectID>
        <X>562.847961</X>
        <Y>89.37978</Y>
        <Font>
          <Size>6</Size>
          <Bold>false</Bold>
          <Italic>true</Italic>
          <Underline>false</Underline>
          <Strikeout>false</Strikeout>
          <Color>-16777216</Color>
          <Name>Microsoft Sans Serif</Name>
        </Font>
        <TransparentBackground>false</TransparentBackground>
        <BackColor>-1</BackColor>
        <BorderColor>0</BorderColor>
      </OOMMLabelNode>
      <OOMMLabelNode>
        <NodeID>c8549a74-ff6d-480d-8f43-e5c47c02a8c6</NodeID>
        <LabelName>JO3</LabelName>
        <StateVariableName>JO</StateVariableName>
        <ObjectID>499a5f7e-6865-49dd-8859-5be3acf6a379</ObjectID>
        <X>640.513855</X>
        <Y>89.37978</Y>
        <Font>
          <Size>6</Size>
          <Bold>false</Bold>
          <Italic>true</Italic>
          <Underline>false</Underline>
          <Strikeout>false</Strikeout>
          <Color>-16777216</Color>
          <Name>Microsoft Sans Serif</Name>
        </Font>
        <TransparentBackground>false</TransparentBackground>
        <BackColor>-1</BackColor>
        <BorderColor>0</BorderColor>
      </OOMMLabelNode>
      <OOMMLabelNode>
        <NodeID>16a1eb80-78c9-4a78-941a-f3afec070fea</NodeID>
        <LabelName>JI1</LabelName>
        <StateVariableName>JI</StateVariableName>
        <ObjectID>f00280e1-1f44-4be0-8566-675f8e241c7f</ObjectID>
        <X>224.765228</X>
        <Y>85.3556747</Y>
        <Font>
          <Size>6</Size>
          <Bold>false</Bold>
          <Italic>true</Italic>
          <Underline>false</Underline>
          <Strikeout>false</Strikeout>
          <Color>-16777216</Color>
          <Name>Microsoft Sans Serif</Name>
        </Font>
        <TransparentBackground>false</TransparentBackground>
        <BackColor>-1</BackColor>
        <BorderColor>0</BorderColor>
      </OOMMLabelNode>
    </Labels>
    <DataSetNodes />
    <StatisticsNodes />
    <BarCharts>
      <OOMMBarChart>
        <Title>Bar Chart 1</Title>
        <Description />
        <Dimension>
          <X>79.9729</X>
          <Y>341.42276</Y>
          <Width>248.7962</Width>
          <Height>195.806244</Height>
        </Dimension>
        <Series>
          <Values>
            <OOMMSeries>
              <Name>JO1</Name>
              <Value>M1.JO</Value>
              <Type>Bar</Type>
              <Appearance>
                <MarkerColor>Black</MarkerColor>
                <LineColor>DarkGray</LineColor>
                <MarkerType>None</MarkerType>
                <BackgroundColor />
                <LineWidth>2</LineWidth>
              </Appearance>
            </OOMMSeries>
            <OOMMSeries>
              <Name>JO2</Name>
              <Value>M2.JO</Value>
              <Type>Bar</Type>
              <Appearance>
                <MarkerColor>Black</MarkerColor>
                <LineColor>Red</LineColor>
                <MarkerType>None</MarkerType>
                <BackgroundColor />
                <LineWidth>2</LineWidth>
              </Appearance>
            </OOMMSeries>
            <OOMMSeries>
              <Name>JO3</Name>
              <Value>M3.JO</Value>
              <Type>Bar</Type>
              <Appearance>
                <MarkerColor>Black</MarkerColor>
                <LineColor>SlateBlue</LineColor>
                <MarkerType>None</MarkerType>
                <BackgroundColor />
                <LineWidth>2</LineWidth>
              </Appearance>
            </OOMMSeries>
          </Values>
        </Series>
        <Appearance>
          <BackgroundColor>White</BackgroundColor>
          <NameColor>#495A5C</NameColor>
          <DescriptionColor>#ADB4B7</DescriptionColor>
          <BorderColor>Black</BorderColor>
          <BorderWeight>1</BorderWeight>
        </Appearance>
        <Direction>Vertical</Direction>
        <IsStacked>false</IsStacked>
      </OOMMBarChart>
    </BarCharts>
    <PieCharts />
    <Plots />
    <TimePlots>
      <OOMMTimePlot>
        <Title>Time Plot</Title>
        <Description />
        <Dimension>
          <X>74.61722</X>
          <Y>186.577469</Y>
          <Width>566.7809</Width>
          <Height>114.506424</Height>
        </Dimension>
        <Series>
          <Values>
            <OOMMSeries>
              <Name>Q3</Name>
              <Value>M3.Q</Value>
              <Type>Bar</Type>
              <Appearance>
                <MarkerColor>OrangeRed</MarkerColor>
                <LineColor>DarkGray</LineColor>
                <MarkerType>Triangle</MarkerType>
                <BackgroundColor />
                <LineWidth>2</LineWidth>
              </Appearance>
            </OOMMSeries>
            <OOMMSeries>
              <Name>Q1</Name>
              <Value>M1.Q</Value>
              <Type>Bar</Type>
              <Appearance>
                <MarkerColor>DarkRed</MarkerColor>
                <LineColor>Red</LineColor>
                <MarkerType>Oval</MarkerType>
                <BackgroundColor />
                <LineWidth>2</LineWidth>
              </Appearance>
            </OOMMSeries>
            <OOMMSeries>
              <Name>In</Name>
              <Value>Job Gen.JobIn</Value>
              <Type>Bar</Type>
              <Appearance>
                <MarkerColor>DimGray</MarkerColor>
                <LineColor>Gainsboro</LineColor>
                <MarkerType>Diamond</MarkerType>
                <BackgroundColor />
                <LineWidth>2</LineWidth>
              </Appearance>
            </OOMMSeries>
            <OOMMSeries>
              <Name>Q2</Name>
              <Value>M2.Q</Value>
              <Type>Bar</Type>
              <Appearance>
                <MarkerColor>LightSteelBlue</MarkerColor>
                <LineColor>RoyalBlue</LineColor>
                <MarkerType>Rectangle</MarkerType>
                <BackgroundColor />
                <LineWidth>2</LineWidth>
              </Appearance>
            </OOMMSeries>
          </Values>
        </Series>
        <Appearance>
          <BackgroundColor>#E8E8E8</BackgroundColor>
          <NameColor>Black</NameColor>
          <DescriptionColor>Black</DescriptionColor>
          <BorderColor>Black</BorderColor>
          <BorderWeight>1</BorderWeight>
        </Appearance>
      </OOMMTimePlot>
    </TimePlots>
    <DonutCharts />
    <ScatterCharts />
    <BoxWhiskerCharts />
    <Histograms />
    <Tiles />
    <ObjectNodes>
      <OOMMObjectNode>
        <NodeID>3fbcabb5-3146-4a35-adea-e54bf65df5a3</NodeID>
        <ModelID>439b139a-ee2d-4638-ba38-48b15788f0b1</ModelID>
        <Name>Job Gen</Name>
        <X>80</X>
        <Y>100</Y>
        <BackgroundColor>-4144960</BackgroundColor>
        <StateVariables />
        <Type>EventObject</Type>
      </OOMMObjectNode>
      <OOMMObjectNode>
        <NodeID>f00280e1-1f44-4be0-8566-675f8e241c7f</NodeID>
        <ModelID>150a860d-1309-45e2-a54b-d8a8e2120a0d</ModelID>
        <Name>M1</Name>
        <X>240</X>
        <Y>100</Y>
        <BackgroundColor>-128</BackgroundColor>
        <StateVariables>
          <OOMMObjectStateVariable>
            <Name>M</Name>
            <Value>{1}</Value>
          </OOMMObjectStateVariable>
          <OOMMObjectStateVariable>
            <Name>Q</Name>
            <Value>{0}</Value>
          </OOMMObjectStateVariable>
        </StateVariables>
        <Type>EventObject</Type>
      </OOMMObjectNode>
      <OOMMObjectNode>
        <NodeID>d393407e-d856-4578-82b3-5308a33b43fd</NodeID>
        <ModelID>150a860d-1309-45e2-a54b-d8a8e2120a0d</ModelID>
        <Name>M2</Name>
        <X>400</X>
        <Y>100</Y>
        <BackgroundColor>-128</BackgroundColor>
        <StateVariables>
          <OOMMObjectStateVariable>
            <Name>JobOut</Name>
            <Value>0</Value>
          </OOMMObjectStateVariable>
          <OOMMObjectStateVariable>
            <Name>M</Name>
            <Value>{1}</Value>
          </OOMMObjectStateVariable>
          <OOMMObjectStateVariable>
            <Name>Q</Name>
            <Value>0</Value>
          </OOMMObjectStateVariable>
        </StateVariables>
        <Type>EventObject</Type>
      </OOMMObjectNode>
      <OOMMObjectNode>
        <NodeID>499a5f7e-6865-49dd-8859-5be3acf6a379</NodeID>
        <ModelID>150a860d-1309-45e2-a54b-d8a8e2120a0d</ModelID>
        <Name>M3</Name>
        <X>570</X>
        <Y>100</Y>
        <BackgroundColor>-128</BackgroundColor>
        <StateVariables>
          <OOMMObjectStateVariable>
            <Name>JobOut</Name>
            <Value>0</Value>
          </OOMMObjectStateVariable>
          <OOMMObjectStateVariable>
            <Name>M</Name>
            <Value>{1}</Value>
          </OOMMObjectStateVariable>
          <OOMMObjectStateVariable>
            <Name>Q</Name>
            <Value>0</Value>
          </OOMMObjectStateVariable>
        </StateVariables>
        <Type>EventObject</Type>
      </OOMMObjectNode>
    </ObjectNodes>
  </ObjectInteractionDiagram>
  <ObjectNodes />
  <DataSourceNodes />
  <EventObjectSchedulingEdges />
  <DataAssociations />
  <Texts />
  <Labels />
  <DataSetNodes />
  <StatisticsNodes />
  <BarCharts />
  <PieCharts />
  <Plots />
  <TimePlots />
</OOMMModel>