<?xml version="1.0" encoding="utf-8"?>
<OOMMModel xmlns:xsi="http://www.w3.org/2001/XMLSchema-instance" xmlns:xsd="http://www.w3.org/2001/XMLSchema">
  <Properties>
    <OOMMModelProperty>
      <Name>ViewScale</Name>
      <Value xsi:type="xsd:float">1.33712745</Value>
    </OOMMModelProperty>
    <OOMMModelProperty>
      <Name>GridVisibility</Name>
      <Value xsi:type="xsd:boolean">true</Value>
    </OOMMModelProperty>
  </Properties>
  <Name>Single Server System with statistics</Name>
  <Description>SG</Description>
  <Creator />
  <EventObjectModels>
    <OOEGEventObjectModel>
      <ID>00d60628-46fe-458c-8acb-7e14af23643a</ID>
      <Name>Machine</Name>
      <Description />
      <EventTransitions>
        <OOEGEventTransition>
          <No>1</No>
          <Event>
            <ID>0</ID>
            <Name>Enter</Name>
            <Parameters />
            <Type>Regular</Type>
            <X>140</X>
            <Y>130</Y>
          </Event>
          <Action>Q++;</Action>
          <Edges>
            <OOEGEdgeTransition>
              <EdgeNo>1</EdgeNo>
              <Condition>M &gt; 0</Condition>
              <Delay>0</Delay>
              <Parameters />
              <NextEvent>Load</NextEvent>
              <IsCancelingEdge>false</IsCancelingEdge>
              <FromPort>0</FromPort>
              <ToPort>0</ToPort>
              <LinkStyle>0</LinkStyle>
              <AdjustingStyle>1</AdjustingStyle>
              <Curviness>10</Curviness>
              <Points>
                <OOEGPoint>
                  <X>164.138672</X>
                  <Y>130</Y>
                </OOEGPoint>
                <OOEGPoint>
                  <X>164.138672</X>
                  <Y>105</Y>
                </OOEGPoint>
                <OOEGPoint>
                  <X>392.220062</X>
                  <Y>105</Y>
                </OOEGPoint>
                <OOEGPoint>
                  <X>392.220062</X>
                  <Y>130</Y>
                </OOEGPoint>
              </Points>
            </OOEGEdgeTransition>
          </Edges>
          <InitialEvent>false</InitialEvent>
        </OOEGEventTransition>
        <OOEGEventTransition>
          <No>2</No>
          <Event>
            <ID>0</ID>
            <Name>Load</Name>
            <Parameters />
            <Type>Regular</Type>
            <X>370</X>
            <Y>130</Y>
          </Event>
          <Action>Q--; M--;</Action>
          <Edges>
            <OOEGEdgeTransition>
              <EdgeNo>1</EdgeNo>
              <Condition>true</Condition>
              <Delay>15</Delay>
              <Parameters />
              <NextEvent>Unload</NextEvent>
              <IsCancelingEdge>false</IsCancelingEdge>
              <FromPort>0</FromPort>
              <ToPort>0</ToPort>
              <LinkStyle>0</LinkStyle>
              <AdjustingStyle>1</AdjustingStyle>
              <Curviness>10</Curviness>
              <Points>
                <OOEGPoint>
                  <X>392.220062</X>
                  <Y>130</Y>
                </OOEGPoint>
                <OOEGPoint>
                  <X>392.220062</X>
                  <Y>105</Y>
                </OOEGPoint>
                <OOEGPoint>
                  <X>641.3301</X>
                  <Y>105</Y>
                </OOEGPoint>
                <OOEGPoint>
                  <X>641.3301</X>
                  <Y>130</Y>
                </OOEGPoint>
              </Points>
            </OOEGEdgeTransition>
          </Edges>
          <InitialEvent>false</InitialEvent>
        </OOEGEventTransition>
        <OOEGEventTransition>
          <No>3</No>
          <Event>
            <ID>0</ID>
            <Name>Unload</Name>
            <Parameters />
            <Type>Regular</Type>
            <X>610</X>
            <Y>130</Y>
          </Event>
          <Action>M++;ProcessedJobs++;</Action>
          <Edges>
            <OOEGEdgeTransition>
              <EdgeNo>1</EdgeNo>
              <Condition>Q &gt; 0</Condition>
              <Delay>0</Delay>
              <Parameters />
              <NextEvent>Load</NextEvent>
              <IsCancelingEdge>false</IsCancelingEdge>
              <FromPort>0</FromPort>
              <ToPort>0</ToPort>
              <LinkStyle>0</LinkStyle>
              <AdjustingStyle>1</AdjustingStyle>
              <Curviness>10</Curviness>
              <Points>
                <OOEGPoint>
                  <X>641.3301</X>
                  <Y>130</Y>
                </OOEGPoint>
                <OOEGPoint>
                  <X>641.3301</X>
                  <Y>105</Y>
                </OOEGPoint>
                <OOEGPoint>
                  <X>392.220062</X>
                  <Y>105</Y>
                </OOEGPoint>
                <OOEGPoint>
                  <X>392.220062</X>
                  <Y>130</Y>
                </OOEGPoint>
              </Points>
            </OOEGEdgeTransition>
          </Edges>
          <InitialEvent>false</InitialEvent>
        </OOEGEventTransition>
      </EventTransitions>
      <StateVariables>
        <OOEGStateVariable>
          <Name>M</Name>
          <Row>1</Row>
          <Col>1</Col>
          <ValueType>int</ValueType>
          <InitialValue>1</InitialValue>
          <Description />
        </OOEGStateVariable>
        <OOEGStateVariable>
          <Name>ProcessedJobs</Name>
          <Row>1</Row>
          <Col>1</Col>
          <ValueType>int</ValueType>
          <InitialValue>0</InitialValue>
          <Description />
        </OOEGStateVariable>
        <OOEGStateVariable>
          <Name>Q</Name>
          <Row>1</Row>
          <Col>1</Col>
          <ValueType>int</ValueType>
          <InitialValue>0</InitialValue>
          <Description />
        </OOEGStateVariable>
      </StateVariables>
      <Parameters />
      <Schedules />
      <X>150</X>
      <Y>60</Y>
      <InitialEventName />
      <BackgroundColor>-1</BackgroundColor>
      <BoundaryEvents />
      <Functions />
    </OOEGEventObjectModel>
  </EventObjectModels>
  <StateObjectModels>
    <OOSGStateObjectModel>
      <ID>e5b65dfe-77ae-486c-b67b-ca2b9d67788b</ID>
      <Name>Job Generator</Name>
      <Description />
      <Messages>
        <OOSGMessage>
          <Parameters />
          <MName>Arrival</MName>
          <Type>Output</Type>
          <X>662.5</X>
          <Y>66.5</Y>
        </OOSGMessage>
      </Messages>
      <States>
        <OOSGState>
          <Name>Gen</Name>
          <Type>Initial</Type>
          <EntryAction>(Arrival)!;
ArrivedJobs++;</EntryAction>
          <Delay>
            <Name>5</Name>
            <DeltaName>delta[5]</DeltaName>
          </Delay>
          <X>415.439453</X>
          <Y>63.6067734</Y>
        </OOSGState>
      </States>
      <StateVariables>
        <OOSGStateVariable>
          <Name>ArrivedJobs</Name>
          <Type>Integer</Type>
          <InitialValue xsi:type="xsd:string">0</InitialValue>
        </OOSGStateVariable>
      </StateVariables>
      <Parameters />
      <STT>
        <OOSGStateTransition>
          <FromPort>0</FromPort>
          <ToPort>0</ToPort>
          <LinkStyle>2</LinkStyle>
          <AdjustingStyle>0</AdjustingStyle>
          <Curviness>20</Curviness>
          <Orthogonal>false</Orthogonal>
          <Points>
            <OOSGPoint>
              <X>450.336639</X>
              <Y>96.89323</Y>
            </OOSGPoint>
            <OOSGPoint>
              <X>472.836639</X>
              <Y>135.864365</Y>
            </OOSGPoint>
            <OOSGPoint>
              <X>408.330048</X>
              <Y>135.864365</Y>
            </OOSGPoint>
            <OOSGPoint>
              <X>430.830048</X>
              <Y>96.89323</Y>
            </OOSGPoint>
          </Points>
          <CurrentState>
            <Name>Gen</Name>
            <Type>Initial</Type>
            <EntryAction>(Arrival)!;
ArrivedJobs++;</EntryAction>
            <Delay>
              <Name>5</Name>
              <DeltaName>delta[5]</DeltaName>
            </Delay>
            <X>415.439453</X>
            <Y>63.6067734</Y>
          </CurrentState>
          <EntryAction>(Arrival)!;
ArrivedJobs++;</EntryAction>
          <InputOrDelay>delta[5]</InputOrDelay>
          <InputAction />
          <Condition>true</Condition>
          <TransitionAction />
          <NextState>
            <Name>Gen</Name>
            <Type>Initial</Type>
            <EntryAction>(Arrival)!;
ArrivedJobs++;</EntryAction>
            <Delay>
              <Name>5</Name>
              <DeltaName>delta[5]</DeltaName>
            </Delay>
            <X>415.439453</X>
            <Y>63.6067734</Y>
          </NextState>
        </OOSGStateTransition>
      </STT>
      <Functions />
      <BackgroundColor>-1</BackgroundColor>
      <IsContainIntialState>false</IsContainIntialState>
      <HasFinalState>false</HasFinalState>
      <Schedules />
    </OOSGStateObjectModel>
    <OOSGStateObjectModel>
      <ID>14faec19-463e-411a-8ff8-d0f5c6037966</ID>
      <Name>Server</Name>
      <Description />
      <Messages>
        <OOSGMessage>
          <Parameters />
          <MName>Request</MName>
          <Type>Output</Type>
          <X>0</X>
          <Y>0</Y>
        </OOSGMessage>
        <OOSGMessage>
          <Parameters />
          <MName>Send</MName>
          <Type>Input</Type>
          <X>0</X>
          <Y>0</Y>
        </OOSGMessage>
      </Messages>
      <States>
        <OOSGState>
          <Name>Idle</Name>
          <Type>Initial</Type>
          <EntryAction />
          <Delay>
            <Name />
            <DeltaName>delta[]</DeltaName>
          </Delay>
          <X>0</X>
          <Y>0</Y>
        </OOSGState>
        <OOSGState>
          <Name>Run</Name>
          <Type>Regular</Type>
          <EntryAction />
          <Delay>
            <Name>10</Name>
            <DeltaName>delta[10]</DeltaName>
          </Delay>
          <X>0</X>
          <Y>0</Y>
        </OOSGState>
      </States>
      <StateVariables>
        <OOSGStateVariable>
          <Name>ProcessedJobs</Name>
          <Type>Integer</Type>
          <InitialValue xsi:type="xsd:string">0</InitialValue>
        </OOSGStateVariable>
      </StateVariables>
      <Parameters />
      <STT>
        <OOSGStateTransition>
          <FromPort>0</FromPort>
          <ToPort>0</ToPort>
          <LinkStyle>0</LinkStyle>
          <AdjustingStyle>0</AdjustingStyle>
          <Curviness>0</Curviness>
          <Orthogonal>false</Orthogonal>
          <Points />
          <CurrentState>
            <Name>Idle</Name>
            <Type>Initial</Type>
            <EntryAction />
            <Delay>
              <Name />
              <DeltaName>delta[]</DeltaName>
            </Delay>
            <X>0</X>
            <Y>0</Y>
          </CurrentState>
          <EntryAction />
          <InputOrDelay>(Send)?</InputOrDelay>
          <InputAction />
          <Condition>true</Condition>
          <TransitionAction />
          <NextState>
            <Name>Run</Name>
            <Type>Regular</Type>
            <EntryAction />
            <Delay>
              <Name>10</Name>
              <DeltaName>delta[10]</DeltaName>
            </Delay>
            <X>0</X>
            <Y>0</Y>
          </NextState>
        </OOSGStateTransition>
        <OOSGStateTransition>
          <FromPort>0</FromPort>
          <ToPort>0</ToPort>
          <LinkStyle>0</LinkStyle>
          <AdjustingStyle>0</AdjustingStyle>
          <Curviness>0</Curviness>
          <Orthogonal>false</Orthogonal>
          <Points />
          <CurrentState>
            <Name>Run</Name>
            <Type>Regular</Type>
            <EntryAction />
            <Delay>
              <Name>10</Name>
              <DeltaName>delta[10]</DeltaName>
            </Delay>
            <X>0</X>
            <Y>0</Y>
          </CurrentState>
          <EntryAction />
          <InputOrDelay>delta[10]</InputOrDelay>
          <InputAction>(Request)!</InputAction>
          <Condition>true</Condition>
          <TransitionAction>ProcessedJobs++;</TransitionAction>
          <NextState>
            <Name>Idle</Name>
            <Type>Initial</Type>
            <EntryAction />
            <Delay>
              <Name />
              <DeltaName>delta[]</DeltaName>
            </Delay>
            <X>0</X>
            <Y>0</Y>
          </NextState>
        </OOSGStateTransition>
      </STT>
      <Functions />
      <BackgroundColor>-1</BackgroundColor>
      <IsContainIntialState>false</IsContainIntialState>
      <HasFinalState>false</HasFinalState>
      <Schedules />
    </OOSGStateObjectModel>
    <OOSGStateObjectModel>
      <ID>785eca24-17d9-4e31-9f4d-cdf42dca4f64</ID>
      <Name>Buffer</Name>
      <Description />
      <Messages>
        <OOSGMessage>
          <Parameters />
          <MName>Arrival</MName>
          <Type>Input</Type>
          <X>272.5</X>
          <Y>56.5</Y>
        </OOSGMessage>
        <OOSGMessage>
          <Parameters />
          <MName>Request</MName>
          <Type>Input</Type>
          <X>272.5</X>
          <Y>26.5</Y>
        </OOSGMessage>
        <OOSGMessage>
          <Parameters />
          <MName>Send</MName>
          <Type>Output</Type>
          <X>152.5</X>
          <Y>26.5</Y>
        </OOSGMessage>
      </Messages>
      <States>
        <OOSGState>
          <Name>Backlog</Name>
          <Type>Initial</Type>
          <EntryAction />
          <Delay>
            <Name />
            <DeltaName>delta[]</DeltaName>
          </Delay>
          <X>79.73048</X>
          <Y>153.606766</Y>
        </OOSGState>
        <OOSGState>
          <Name>Empty</Name>
          <Type>Regular</Type>
          <EntryAction />
          <Delay>
            <Name />
            <DeltaName>delta[]</DeltaName>
          </Delay>
          <X>285.732422</X>
          <Y>183.606781</Y>
        </OOSGState>
        <OOSGState>
          <Name>Stock</Name>
          <Type>Regular</Type>
          <EntryAction />
          <Delay>
            <Name />
            <DeltaName>delta[]</DeltaName>
          </Delay>
          <X>479.473969</X>
          <Y>123.606773</Y>
        </OOSGState>
      </States>
      <StateVariables>
        <OOSGStateVariable>
          <Name>J</Name>
          <Type>Integer</Type>
          <InitialValue xsi:type="xsd:string">0</InitialValue>
        </OOSGStateVariable>
      </StateVariables>
      <Parameters />
      <STT>
        <OOSGStateTransition>
          <FromPort>0</FromPort>
          <ToPort>0</ToPort>
          <LinkStyle>2</LinkStyle>
          <AdjustingStyle>0</AdjustingStyle>
          <Curviness>20</Curviness>
          <Orthogonal>false</Orthogonal>
          <Points>
            <OOSGPoint>
              <X>159.694</X>
              <Y>166.4511</Y>
            </OOSGPoint>
            <OOSGPoint>
              <X>204.499176</X>
              <Y>162.498749</Y>
            </OOSGPoint>
            <OOSGPoint>
              <X>246.3453</X>
              <Y>168.758835</Y>
            </OOSGPoint>
            <OOSGPoint>
              <X>285.232422</X>
              <Y>185.253082</Y>
            </OOSGPoint>
          </Points>
          <CurrentState>
            <Name>Backlog</Name>
            <Type>Initial</Type>
            <EntryAction />
            <Delay>
              <Name />
              <DeltaName>delta[]</DeltaName>
            </Delay>
            <X>79.73048</X>
            <Y>153.606766</Y>
          </CurrentState>
          <EntryAction />
          <InputOrDelay>(Arrival)?</InputOrDelay>
          <InputAction>(Send)!</InputAction>
          <Condition>true</Condition>
          <TransitionAction />
          <NextState>
            <Name>Empty</Name>
            <Type>Regular</Type>
            <EntryAction />
            <Delay>
              <Name />
              <DeltaName>delta[]</DeltaName>
            </Delay>
            <X>285.732422</X>
            <Y>183.606781</Y>
          </NextState>
        </OOSGStateTransition>
        <OOSGStateTransition>
          <FromPort>0</FromPort>
          <ToPort>0</ToPort>
          <LinkStyle>2</LinkStyle>
          <AdjustingStyle>0</AdjustingStyle>
          <Curviness>20</Curviness>
          <Orthogonal>false</Orthogonal>
          <Points>
            <OOSGPoint>
              <X>347.478363</X>
              <Y>183.106781</Y>
            </OOSGPoint>
            <OOSGPoint>
              <X>390.1471</X>
              <Y>156.8748</Y>
            </OOSGPoint>
            <OOSGPoint>
              <X>431.549225</X>
              <Y>143.800446</Y>
            </OOSGPoint>
            <OOSGPoint>
              <X>478.973969</X>
              <Y>141.503021</Y>
            </OOSGPoint>
          </Points>
          <CurrentState>
            <Name>Empty</Name>
            <Type>Regular</Type>
            <EntryAction />
            <Delay>
              <Name />
              <DeltaName>delta[]</DeltaName>
            </Delay>
            <X>285.732422</X>
            <Y>183.606781</Y>
          </CurrentState>
          <EntryAction />
          <InputOrDelay>(Arrival)?</InputOrDelay>
          <InputAction>J++;</InputAction>
          <Condition>true</Condition>
          <TransitionAction />
          <NextState>
            <Name>Stock</Name>
            <Type>Regular</Type>
            <EntryAction />
            <Delay>
              <Name />
              <DeltaName>delta[]</DeltaName>
            </Delay>
            <X>479.473969</X>
            <Y>123.606773</Y>
          </NextState>
        </OOSGStateTransition>
        <OOSGStateTransition>
          <FromPort>0</FromPort>
          <ToPort>0</ToPort>
          <LinkStyle>2</LinkStyle>
          <AdjustingStyle>0</AdjustingStyle>
          <Curviness>20</Curviness>
          <Orthogonal>false</Orthogonal>
          <Points>
            <OOSGPoint>
              <X>285.232422</X>
              <Y>203.634659</Y>
            </OOSGPoint>
            <OOSGPoint>
              <X>240.427246</X>
              <Y>208.31868</Y>
            </OOSGPoint>
            <OOSGPoint>
              <X>198.581116</X>
              <Y>202.0586</Y>
            </OOSGPoint>
            <OOSGPoint>
              <X>159.694</X>
              <Y>186.301712</Y>
            </OOSGPoint>
          </Points>
          <CurrentState>
            <Name>Empty</Name>
            <Type>Regular</Type>
            <EntryAction />
            <Delay>
              <Name />
              <DeltaName>delta[]</DeltaName>
            </Delay>
            <X>285.732422</X>
            <Y>183.606781</Y>
          </CurrentState>
          <EntryAction />
          <InputOrDelay>(Request)?</InputOrDelay>
          <InputAction />
          <Condition>true</Condition>
          <TransitionAction />
          <NextState>
            <Name>Backlog</Name>
            <Type>Initial</Type>
            <EntryAction />
            <Delay>
              <Name />
              <DeltaName>delta[]</DeltaName>
            </Delay>
            <X>79.73048</X>
            <Y>153.606766</Y>
          </NextState>
        </OOSGStateTransition>
        <OOSGStateTransition>
          <FromPort>0</FromPort>
          <ToPort>0</ToPort>
          <LinkStyle>2</LinkStyle>
          <AdjustingStyle>0</AdjustingStyle>
          <Curviness>20</Curviness>
          <Orthogonal>false</Orthogonal>
          <Points>
            <OOSGPoint>
              <X>519.7533</X>
              <Y>156.893219</Y>
            </OOSGPoint>
            <OOSGPoint>
              <X>542.2533</X>
              <Y>195.864365</Y>
            </OOSGPoint>
            <OOSGPoint>
              <X>477.7467</X>
              <Y>195.864365</Y>
            </OOSGPoint>
            <OOSGPoint>
              <X>500.2467</X>
              <Y>156.893219</Y>
            </OOSGPoint>
          </Points>
          <CurrentState>
            <Name>Stock</Name>
            <Type>Regular</Type>
            <EntryAction />
            <Delay>
              <Name />
              <DeltaName>delta[]</DeltaName>
            </Delay>
            <X>479.473969</X>
            <Y>123.606773</Y>
          </CurrentState>
          <EntryAction />
          <InputOrDelay>(Arrival)?</InputOrDelay>
          <InputAction>J++;</InputAction>
          <Condition>true</Condition>
          <TransitionAction />
          <NextState>
            <Name>Stock</Name>
            <Type>Regular</Type>
            <EntryAction />
            <Delay>
              <Name />
              <DeltaName>delta[]</DeltaName>
            </Delay>
            <X>479.473969</X>
            <Y>123.606773</Y>
          </NextState>
        </OOSGStateTransition>
        <OOSGStateTransition>
          <FromPort>0</FromPort>
          <ToPort>0</ToPort>
          <LinkStyle>2</LinkStyle>
          <AdjustingStyle>0</AdjustingStyle>
          <Curviness>20</Curviness>
          <Orthogonal>false</Orthogonal>
          <Points>
            <OOSGPoint>
              <X>483.254517</X>
              <Y>156.893219</Y>
            </OOSGPoint>
            <OOSGPoint>
              <X>443.594452</X>
              <Y>181.943665</Y>
            </OOSGPoint>
            <OOSGPoint>
              <X>402.192322</X>
              <Y>195.018021</Y>
            </OOSGPoint>
            <OOSGPoint>
              <X>354.767578</X>
              <Y>197.892609</Y>
            </OOSGPoint>
          </Points>
          <CurrentState>
            <Name>Stock</Name>
            <Type>Regular</Type>
            <EntryAction />
            <Delay>
              <Name />
              <DeltaName>delta[]</DeltaName>
            </Delay>
            <X>479.473969</X>
            <Y>123.606773</Y>
          </CurrentState>
          <EntryAction />
          <InputOrDelay>(Request)?</InputOrDelay>
          <InputAction>J--; (Send)!</InputAction>
          <Condition>J==0</Condition>
          <TransitionAction />
          <NextState>
            <Name>Empty</Name>
            <Type>Regular</Type>
            <EntryAction />
            <Delay>
              <Name />
              <DeltaName>delta[]</DeltaName>
            </Delay>
            <X>285.732422</X>
            <Y>183.606781</Y>
          </NextState>
        </OOSGStateTransition>
        <OOSGStateTransition>
          <FromPort>0</FromPort>
          <ToPort>0</ToPort>
          <LinkStyle>2</LinkStyle>
          <AdjustingStyle>0</AdjustingStyle>
          <Curviness>20</Curviness>
          <Orthogonal>false</Orthogonal>
          <Points>
            <OOSGPoint>
              <X>519.7533</X>
              <Y>156.893219</Y>
            </OOSGPoint>
            <OOSGPoint>
              <X>542.2533</X>
              <Y>195.864365</Y>
            </OOSGPoint>
            <OOSGPoint>
              <X>477.7467</X>
              <Y>195.864365</Y>
            </OOSGPoint>
            <OOSGPoint>
              <X>500.2467</X>
              <Y>156.893219</Y>
            </OOSGPoint>
          </Points>
          <CurrentState>
            <Name>Stock</Name>
            <Type>Regular</Type>
            <EntryAction />
            <Delay>
              <Name />
              <DeltaName>delta[]</DeltaName>
            </Delay>
            <X>479.473969</X>
            <Y>123.606773</Y>
          </CurrentState>
          <EntryAction />
          <InputOrDelay>(Request)?</InputOrDelay>
          <InputAction>J--; (Send)!</InputAction>
          <Condition>J&gt;0</Condition>
          <TransitionAction />
          <NextState>
            <Name>Stock</Name>
            <Type>Regular</Type>
            <EntryAction />
            <Delay>
              <Name />
              <DeltaName>delta[]</DeltaName>
            </Delay>
            <X>479.473969</X>
            <Y>123.606773</Y>
          </NextState>
        </OOSGStateTransition>
      </STT>
      <Functions />
      <BackgroundColor>-1</BackgroundColor>
      <IsContainIntialState>false</IsContainIntialState>
      <HasFinalState>false</HasFinalState>
      <Schedules />
    </OOSGStateObjectModel>
  </StateObjectModels>
  <ObjectNodes />
  <DataSourceNodes />
  <EventObjectSchedulingEdges />
  <DataAssociations />
  <Texts />
  <Labels />
  <DataSetNodes />
  <DataSources />
  <Entities />
  <StatisticsNodes />
  <BarCharts />
  <PieCharts />
  <Plots />
  <TimePlots />
  <Experiments>
    <OOMMExperiment>
      <ID>257675e1-7c92-45d9-872c-71d9124a8aaf</ID>
      <Name>Simulation 1</Name>
      <Type>SIMULATION</Type>
      <EOSTime>3600</EOSTime>
      <EOSTimeUnit>Seconds</EOSTimeUnit>
      <UseRandSeed>false</UseRandSeed>
      <FastForward>true</FastForward>
      <RandSeed>0</RandSeed>
    </OOMMExperiment>
  </Experiments>
  <ObjectInteractionDiagram>
    <DataSourceNodes />
    <ObjectInteractionEdges>
      <OOMMObjectInteractionEdge>
        <ID>-2147483642</ID>
        <MirrorTriggerName>Arrival</MirrorTriggerName>
        <MirrorObject>48ff464d-0f5a-4a56-8945-2696cbb78617</MirrorObject>
        <MirrorPort>17</MirrorPort>
        <BoundaryTriggerName>Arrival</BoundaryTriggerName>
        <BoundaryObject>4f66d6e3-4e0e-49fb-bb94-a13fb088ddde</BoundaryObject>
        <BoundaryPort>16</BoundaryPort>
        <Type>SchedulingLink</Type>
        <StrokeStyle>0</StrokeStyle>
      </OOMMObjectInteractionEdge>
      <OOMMObjectInteractionEdge>
        <ID>-2147483641</ID>
        <MirrorTriggerName>Send</MirrorTriggerName>
        <MirrorObject>4f66d6e3-4e0e-49fb-bb94-a13fb088ddde</MirrorObject>
        <MirrorPort>15</MirrorPort>
        <BoundaryTriggerName>Send</BoundaryTriggerName>
        <BoundaryObject>1fed7322-016a-42f0-a0fe-5898ac5fddb7</BoundaryObject>
        <BoundaryPort>14</BoundaryPort>
        <Type>SchedulingLink</Type>
        <StrokeStyle>0</StrokeStyle>
      </OOMMObjectInteractionEdge>
      <OOMMObjectInteractionEdge>
        <ID>-2147483640</ID>
        <MirrorTriggerName>Request</MirrorTriggerName>
        <MirrorObject>1fed7322-016a-42f0-a0fe-5898ac5fddb7</MirrorObject>
        <MirrorPort>18</MirrorPort>
        <BoundaryTriggerName>Request</BoundaryTriggerName>
        <BoundaryObject>4f66d6e3-4e0e-49fb-bb94-a13fb088ddde</BoundaryObject>
        <BoundaryPort>19</BoundaryPort>
        <Type>SchedulingLink</Type>
        <StrokeStyle>0</StrokeStyle>
      </OOMMObjectInteractionEdge>
    </ObjectInteractionEdges>
    <DataAssociations />
    <StateVariableUpdateEdges />
    <Texts />
    <Labels />
    <DataSetNodes />
    <StatisticsNodes />
    <BarCharts>
      <OOMMBarChart>
        <Title>Bar Chart</Title>
        <Dimension>
          <X>260</X>
          <Y>260</Y>
          <Width>418.666626</Width>
          <Height>255.333313</Height>
        </Dimension>
        <Series>
          <Values>
            <OOMMSeries>
              <Name>IN</Name>
              <Value>StateObject 2.ArrivedJobs</Value>
              <Type>Bar</Type>
              <Appearance>
                <MarkerColor>Black</MarkerColor>
                <LineColor>Brown</LineColor>
                <MarkerType>None</MarkerType>
                <BackgroundColor />
                <LineWidth>2</LineWidth>
              </Appearance>
            </OOMMSeries>
          </Values>
        </Series>
        <Appearance>
          <BackgroundColor>White</BackgroundColor>
          <BorderColor>Black</BorderColor>
          <BorderWeight>1</BorderWeight>
        </Appearance>
      </OOMMBarChart>
      <OOMMBarChart>
        <Title>Bar Chart</Title>
        <Dimension>
          <X>160</X>
          <Y>260</Y>
          <Width>400</Width>
          <Height>280</Height>
        </Dimension>
        <Series>
          <Values>
            <OOMMSeries>
              <Name>Out</Name>
              <Value>StateObject 3.ProcessedJobs</Value>
              <Type>Bar</Type>
              <Appearance>
                <MarkerColor>Black</MarkerColor>
                <LineColor>DarkGoldenrod</LineColor>
                <MarkerType>None</MarkerType>
                <BackgroundColor />
                <LineWidth>2</LineWidth>
              </Appearance>
            </OOMMSeries>
          </Values>
        </Series>
        <Appearance>
          <BackgroundColor>White</BackgroundColor>
          <BorderColor>Black</BorderColor>
          <BorderWeight>1</BorderWeight>
        </Appearance>
      </OOMMBarChart>
    </BarCharts>
    <PieCharts />
    <Plots />
    <TimePlots>
      <OOMMTimePlot>
        <Title>Time Plot</Title>
        <Dimension>
          <X>560</X>
          <Y>50</Y>
          <Width>425.297638</Width>
          <Height>144.716919</Height>
        </Dimension>
        <Series>
          <Values>
            <OOMMSeries>
              <Name>Data 1</Name>
              <Value>StateObject 2.ArrivedJobs</Value>
              <Type>Bar</Type>
              <Appearance>
                <MarkerColor>Black</MarkerColor>
                <LineColor>Black</LineColor>
                <MarkerType>Diamond</MarkerType>
                <BackgroundColor />
                <LineWidth>2</LineWidth>
              </Appearance>
            </OOMMSeries>
            <OOMMSeries>
              <Name>Data 2</Name>
              <Value>StateObject 3.ProcessedJobs</Value>
              <Type>Bar</Type>
              <Appearance>
                <MarkerColor>Black</MarkerColor>
                <LineColor>Black</LineColor>
                <MarkerType>Diamond</MarkerType>
                <BackgroundColor />
                <LineWidth>2</LineWidth>
              </Appearance>
            </OOMMSeries>
          </Values>
        </Series>
        <Appearance>
          <BackgroundColor>White</BackgroundColor>
          <BorderColor>Black</BorderColor>
          <BorderWeight>1</BorderWeight>
        </Appearance>
      </OOMMTimePlot>
    </TimePlots>
    <ObjectNodes>
      <OOMMObjectNode>
        <NodeID>48ff464d-0f5a-4a56-8945-2696cbb78617</NodeID>
        <ModelID>e5b65dfe-77ae-486c-b67b-ca2b9d67788b</ModelID>
        <Name>StateObject 2</Name>
        <X>150</X>
        <Y>90</Y>
        <BackgroundColor>-1</BackgroundColor>
        <StateVariables>
          <OOMMObjectStateVariable>
            <Name>ArrivedJobs</Name>
            <Value>0</Value>
          </OOMMObjectStateVariable>
        </StateVariables>
        <Type>StateObject</Type>
      </OOMMObjectNode>
      <OOMMObjectNode>
        <NodeID>1fed7322-016a-42f0-a0fe-5898ac5fddb7</NodeID>
        <ModelID>14faec19-463e-411a-8ff8-d0f5c6037966</ModelID>
        <Name>StateObject 3</Name>
        <X>450</X>
        <Y>90</Y>
        <BackgroundColor>-1</BackgroundColor>
        <StateVariables>
          <OOMMObjectStateVariable>
            <Name>ProcessedJobs</Name>
            <Value>0</Value>
          </OOMMObjectStateVariable>
        </StateVariables>
        <Type>StateObject</Type>
      </OOMMObjectNode>
      <OOMMObjectNode>
        <NodeID>4f66d6e3-4e0e-49fb-bb94-a13fb088ddde</NodeID>
        <ModelID>785eca24-17d9-4e31-9f4d-cdf42dca4f64</ModelID>
        <Name>StateObject 4</Name>
        <X>290</X>
        <Y>90</Y>
        <BackgroundColor>-1</BackgroundColor>
        <StateVariables>
          <OOMMObjectStateVariable>
            <Name>J</Name>
            <Value>0</Value>
          </OOMMObjectStateVariable>
        </StateVariables>
        <Type>StateObject</Type>
      </OOMMObjectNode>
    </ObjectNodes>
  </ObjectInteractionDiagram>
  <FileName>C:\Users\donghun.kang\Google Drive\My Shared Workspace\SEA Simulator\models\Single Server System-sg.xml</FileName>
</OOMMModel>