<?xml version="1.0" encoding="utf-8"?>
<OOMMModel xmlns:xsi="http://www.w3.org/2001/XMLSchema-instance" xmlns:xsd="http://www.w3.org/2001/XMLSchema">
  <ID>ea5ad380-3f90-4914-969e-aadf5a79142d</ID>
  <Properties>
    <OOMMModelProperty>
      <Name>ViewScale</Name>
      <Value xsi:type="xsd:float">1.37477589</Value>
    </OOMMModelProperty>
    <OOMMModelProperty>
      <Name>GridVisibility</Name>
      <Value xsi:type="xsd:boolean">false</Value>
    </OOMMModelProperty>
  </Properties>
  <Name>Tandem Line (EG_ACD_SG)</Name>
  <Description />
  <Creator />
  <EventObjectModels>
    <OOEGEventObjectModel>
      <ID>150a860d-1309-45e2-a54b-d8a8e2120a0d</ID>
      <Name>Station</Name>
      <Description />
      <BackgroundColor>-16711681</BackgroundColor>
      <Functions />
      <Schedules />
      <EntityQueues />
      <EventTransitions>
        <OOEGEventTransition>
          <No>1</No>
          <Event>
            <ID>0</ID>
            <Name>Enter</Name>
            <Parameters />
            <Type>Regular</Type>
            <X>130.207672</X>
            <Y>103.606773</Y>
          </Event>
          <Action>Q++;JI++;
rsv = false;
if (M&gt;0) { rsv = true; M=-1;}</Action>
          <Edges>
            <OOEGEdgeTransition>
              <EdgeNo>1</EdgeNo>
              <Condition>rsv</Condition>
              <Delay>0</Delay>
              <Parameters />
              <NextEvent>Load</NextEvent>
              <IsCancelingEdge>false</IsCancelingEdge>
              <FromPort>0</FromPort>
              <ToPort>0</ToPort>
              <LinkStyle>0</LinkStyle>
              <AdjustingStyle>1</AdjustingStyle>
              <Curviness>10</Curviness>
              <Points>
                <OOEGPoint>
                  <X>191.677719</X>
                  <Y>114.2817</Y>
                </OOEGPoint>
                <OOEGPoint>
                  <X>214.878464</X>
                  <Y>110</Y>
                </OOEGPoint>
                <OOEGPoint>
                  <X>238.0792</X>
                  <Y>110</Y>
                </OOEGPoint>
                <OOEGPoint>
                  <X>261.279938</X>
                  <Y>114.468491</Y>
                </OOEGPoint>
              </Points>
            </OOEGEdgeTransition>
          </Edges>
          <InitialEvent>false</InitialEvent>
        </OOEGEventTransition>
        <OOEGEventTransition>
          <No>2</No>
          <Event>
            <ID>0</ID>
            <Name>Load</Name>
            <Parameters />
            <Type>Regular</Type>
            <X>261.779938</X>
            <Y>103.606773</Y>
          </Event>
          <Action>M=0; Q--;</Action>
          <Edges>
            <OOEGEdgeTransition>
              <EdgeNo>1</EdgeNo>
              <Condition>true</Condition>
              <Delay>uni(10, 20)</Delay>
              <Parameters />
              <NextEvent>Unload</NextEvent>
              <IsCancelingEdge>false</IsCancelingEdge>
              <FromPort>0</FromPort>
              <ToPort>0</ToPort>
              <LinkStyle>0</LinkStyle>
              <AdjustingStyle>1</AdjustingStyle>
              <Curviness>10</Curviness>
              <Points>
                <OOEGPoint>
                  <X>318.720032</X>
                  <Y>115.683578</Y>
                </OOEGPoint>
                <OOEGPoint>
                  <X>356.536652</X>
                  <Y>110</Y>
                </OOEGPoint>
                <OOEGPoint>
                  <X>394.3533</X>
                  <Y>110</Y>
                </OOEGPoint>
                <OOEGPoint>
                  <X>432.169922</X>
                  <Y>114.999107</Y>
                </OOEGPoint>
              </Points>
            </OOEGEdgeTransition>
          </Edges>
          <InitialEvent>false</InitialEvent>
        </OOEGEventTransition>
        <OOEGEventTransition>
          <No>3</No>
          <Event>
            <ID>0</ID>
            <Name>Unload</Name>
            <Parameters />
            <Type>Regular</Type>
            <X>432.669922</X>
            <Y>103.606773</Y>
          </Event>
          <Action>M=1; JO++;
rsv = false;
if (Q&gt;0) { rsv = true; M=-1;}
</Action>
          <Edges>
            <OOEGEdgeTransition>
              <EdgeNo>1</EdgeNo>
              <Condition>true</Condition>
              <Delay>0</Delay>
              <Parameters />
              <NextEvent>Leave</NextEvent>
              <IsCancelingEdge>false</IsCancelingEdge>
              <FromPort>0</FromPort>
              <ToPort>0</ToPort>
              <LinkStyle>0</LinkStyle>
              <AdjustingStyle>1</AdjustingStyle>
              <Curviness>10</Curviness>
              <Points>
                <OOEGPoint>
                  <X>507.830078</X>
                  <Y>114.160965</Y>
                </OOEGPoint>
                <OOEGPoint>
                  <X>534.788269</X>
                  <Y>110</Y>
                </OOEGPoint>
                <OOEGPoint>
                  <X>561.74646</X>
                  <Y>110</Y>
                </OOEGPoint>
                <OOEGPoint>
                  <X>588.704651</X>
                  <Y>114.549461</Y>
                </OOEGPoint>
              </Points>
            </OOEGEdgeTransition>
            <OOEGEdgeTransition>
              <EdgeNo>1</EdgeNo>
              <Condition>rsv</Condition>
              <Delay>0</Delay>
              <Parameters />
              <NextEvent>Load</NextEvent>
              <IsCancelingEdge>false</IsCancelingEdge>
              <FromPort>0</FromPort>
              <ToPort>0</ToPort>
              <LinkStyle>1</LinkStyle>
              <AdjustingStyle>1</AdjustingStyle>
              <Curviness>10</Curviness>
              <Points>
                <OOEGPoint>
                  <X>432.169922</X>
                  <Y>120</Y>
                </OOEGPoint>
                <OOEGPoint>
                  <X>422.169922</X>
                  <Y>120</Y>
                </OOEGPoint>
                <OOEGPoint>
                  <X>381</X>
                  <Y>120</Y>
                </OOEGPoint>
                <OOEGPoint>
                  <X>381</X>
                  <Y>120</Y>
                </OOEGPoint>
                <OOEGPoint>
                  <X>328.720032</X>
                  <Y>120</Y>
                </OOEGPoint>
                <OOEGPoint>
                  <X>318.720032</X>
                  <Y>120</Y>
                </OOEGPoint>
              </Points>
            </OOEGEdgeTransition>
          </Edges>
          <InitialEvent>false</InitialEvent>
        </OOEGEventTransition>
        <OOEGEventTransition>
          <No>4</No>
          <Event>
            <ID>0</ID>
            <Name>Leave</Name>
            <Parameters />
            <Type>Mirror</Type>
            <X>589.204651</X>
            <Y>103.606773</Y>
          </Event>
          <Action />
          <Edges>
            <OOEGEdgeTransition>
              <EdgeNo>1</EdgeNo>
              <Condition>true</Condition>
              <Delay>0</Delay>
              <Parameters />
              <NextEvent />
              <IsCancelingEdge>false</IsCancelingEdge>
              <FromPort>0</FromPort>
              <ToPort>0</ToPort>
              <LinkStyle>0</LinkStyle>
              <AdjustingStyle>0</AdjustingStyle>
              <Curviness>0</Curviness>
              <Points />
            </OOEGEdgeTransition>
          </Edges>
          <InitialEvent>false</InitialEvent>
        </OOEGEventTransition>
      </EventTransitions>
      <StateVariables>
        <OOEGStateVariable>
          <Name>JI</Name>
          <Row>1</Row>
          <Col>1</Col>
          <ValueType>int</ValueType>
          <InitialValue>0</InitialValue>
          <Description />
        </OOEGStateVariable>
        <OOEGStateVariable>
          <Name>JO</Name>
          <Row>1</Row>
          <Col>1</Col>
          <ValueType>int</ValueType>
          <InitialValue>0</InitialValue>
          <Description />
        </OOEGStateVariable>
        <OOEGStateVariable>
          <Name>M</Name>
          <Row>1</Row>
          <Col>1</Col>
          <ValueType>int</ValueType>
          <InitialValue>1</InitialValue>
          <Description />
        </OOEGStateVariable>
        <OOEGStateVariable>
          <Name>Q</Name>
          <Row>1</Row>
          <Col>1</Col>
          <ValueType>int</ValueType>
          <InitialValue>0</InitialValue>
          <Description />
        </OOEGStateVariable>
        <OOEGStateVariable>
          <Name>rsv</Name>
          <Row>1</Row>
          <Col>1</Col>
          <ValueType>bool</ValueType>
          <InitialValue>False</InitialValue>
          <Description />
        </OOEGStateVariable>
      </StateVariables>
      <Parameters />
      <X>456.487854</X>
      <Y>66.37447</Y>
      <InitialEventName />
      <BoundaryEvents />
    </OOEGEventObjectModel>
  </EventObjectModels>
  <StateObjectModels>
    <OOSGStateObjectModel>
      <ID>14faec19-463e-411a-8ff8-d0f5c6037966</ID>
      <Name>Server</Name>
      <Description />
      <Messages>
        <OOSGMessage>
          <Parameters />
          <MName>Request</MName>
          <Type>Output</Type>
          <X>492.5</X>
          <Y>66.5</Y>
        </OOSGMessage>
        <OOSGMessage>
          <Parameters />
          <MName>Send</MName>
          <Type>Input</Type>
          <X>172.5</X>
          <Y>66.5</Y>
        </OOSGMessage>
        <OOSGMessage>
          <Parameters />
          <MName>Done</MName>
          <Type>Output</Type>
          <X>194</X>
          <Y>155</Y>
        </OOSGMessage>
      </Messages>
      <States>
        <OOSGState>
          <Name>Idle</Name>
          <Type>Initial</Type>
          <EntryAction />
          <Delay>
            <Name />
            <DeltaName>delta[]</DeltaName>
          </Delay>
          <X>318.292236</X>
          <Y>73.60677</Y>
        </OOSGState>
        <OOSGState>
          <Name>Run</Name>
          <Type>Regular</Type>
          <EntryAction />
          <Delay>
            <Name>uni(8, 16)</Name>
            <DeltaName>delta[uni(8, 16)]</DeltaName>
          </Delay>
          <X>385.125</X>
          <Y>73.60677</Y>
        </OOSGState>
      </States>
      <StateVariables>
        <OOSGStateVariable>
          <Name>ProcessedJobs</Name>
          <Type>int</Type>
          <IsCustomType>false</IsCustomType>
          <InitialValue xsi:type="xsd:string">0</InitialValue>
        </OOSGStateVariable>
      </StateVariables>
      <Parameters />
      <STT>
        <OOSGStateTransition>
          <FromPort>0</FromPort>
          <ToPort>0</ToPort>
          <LinkStyle>2</LinkStyle>
          <AdjustingStyle>0</AdjustingStyle>
          <Curviness>20</Curviness>
          <Orthogonal>false</Orthogonal>
          <Points>
            <OOSGPoint>
              <X>366.290924</X>
              <Y>74.02583</Y>
            </OOSGPoint>
            <OOSGPoint>
              <X>372.402283</X>
              <Y>70</Y>
            </OOSGPoint>
            <OOSGPoint>
              <X>378.513641</X>
              <Y>70</Y>
            </OOSGPoint>
            <OOSGPoint>
              <X>384.625</X>
              <Y>73.88191</Y>
            </OOSGPoint>
          </Points>
          <CurrentState>
            <Name>Idle</Name>
            <Type>Initial</Type>
            <EntryAction />
            <Delay>
              <Name />
              <DeltaName>delta[]</DeltaName>
            </Delay>
            <X>318.292236</X>
            <Y>73.60677</Y>
          </CurrentState>
          <EntryAction />
          <InputOrDelay>(Send)?</InputOrDelay>
          <InputAction />
          <Condition>true</Condition>
          <TransitionAction />
          <NextState>
            <Name>Run</Name>
            <Type>Regular</Type>
            <EntryAction />
            <Delay>
              <Name>uni(8, 16)</Name>
              <DeltaName>delta[uni(8, 16)]</DeltaName>
            </Delay>
            <X>385.125</X>
            <Y>73.60677</Y>
          </NextState>
        </OOSGStateTransition>
        <OOSGStateTransition>
          <FromPort>0</FromPort>
          <ToPort>0</ToPort>
          <LinkStyle>2</LinkStyle>
          <AdjustingStyle>0</AdjustingStyle>
          <Curviness>20</Curviness>
          <Orthogonal>false</Orthogonal>
          <Points>
            <OOSGPoint>
              <X>384.625</X>
              <Y>106.118088</Y>
            </OOSGPoint>
            <OOSGPoint>
              <X>378.513641</X>
              <Y>110</Y>
            </OOSGPoint>
            <OOSGPoint>
              <X>372.402283</X>
              <Y>110</Y>
            </OOSGPoint>
            <OOSGPoint>
              <X>366.290924</X>
              <Y>105.974167</Y>
            </OOSGPoint>
          </Points>
          <CurrentState>
            <Name>Run</Name>
            <Type>Regular</Type>
            <EntryAction />
            <Delay>
              <Name>uni(8, 16)</Name>
              <DeltaName>delta[uni(8, 16)]</DeltaName>
            </Delay>
            <X>385.125</X>
            <Y>73.60677</Y>
          </CurrentState>
          <EntryAction />
          <InputOrDelay>delta[uni(8, 16)]</InputOrDelay>
          <InputAction>(Request)!</InputAction>
          <Condition>true</Condition>
          <TransitionAction>(Done)!;ProcessedJobs++;</TransitionAction>
          <NextState>
            <Name>Idle</Name>
            <Type>Initial</Type>
            <EntryAction />
            <Delay>
              <Name />
              <DeltaName>delta[]</DeltaName>
            </Delay>
            <X>318.292236</X>
            <Y>73.60677</Y>
          </NextState>
        </OOSGStateTransition>
      </STT>
      <Functions />
      <BackgroundColor>-1907998</BackgroundColor>
      <IsContainIntialState>false</IsContainIntialState>
      <HasFinalState>false</HasFinalState>
      <Schedules />
    </OOSGStateObjectModel>
    <OOSGStateObjectModel>
      <ID>785eca24-17d9-4e31-9f4d-cdf42dca4f64</ID>
      <Name>Buffer</Name>
      <Description />
      <Messages>
        <OOSGMessage>
          <Parameters />
          <MName>Arrival</MName>
          <Type>Input</Type>
          <X>272.5</X>
          <Y>56.5</Y>
        </OOSGMessage>
        <OOSGMessage>
          <Parameters />
          <MName>Request</MName>
          <Type>Input</Type>
          <X>272.5</X>
          <Y>26.5</Y>
        </OOSGMessage>
        <OOSGMessage>
          <Parameters />
          <MName>Send</MName>
          <Type>Output</Type>
          <X>152.5</X>
          <Y>26.5</Y>
        </OOSGMessage>
      </Messages>
      <States>
        <OOSGState>
          <Name>Backlog</Name>
          <Type>Initial</Type>
          <EntryAction />
          <Delay>
            <Name />
            <DeltaName>delta[]</DeltaName>
          </Delay>
          <X>79.19272</X>
          <Y>153.606766</Y>
        </OOSGState>
        <OOSGState>
          <Name>Empty</Name>
          <Type>Regular</Type>
          <EntryAction />
          <Delay>
            <Name />
            <DeltaName>delta[]</DeltaName>
          </Delay>
          <X>285.732422</X>
          <Y>183.606781</Y>
        </OOSGState>
        <OOSGState>
          <Name>Stock</Name>
          <Type>Regular</Type>
          <EntryAction />
          <Delay>
            <Name />
            <DeltaName>delta[]</DeltaName>
          </Delay>
          <X>479.473969</X>
          <Y>123.606773</Y>
        </OOSGState>
      </States>
      <StateVariables>
        <OOSGStateVariable>
          <Name>J</Name>
          <Type>int</Type>
          <IsCustomType>false</IsCustomType>
          <InitialValue xsi:type="xsd:string">0</InitialValue>
        </OOSGStateVariable>
      </StateVariables>
      <Parameters />
      <STT>
        <OOSGStateTransition>
          <FromPort>0</FromPort>
          <ToPort>0</ToPort>
          <LinkStyle>2</LinkStyle>
          <AdjustingStyle>0</AdjustingStyle>
          <Curviness>20</Curviness>
          <Orthogonal>false</Orthogonal>
          <Points>
            <OOSGPoint>
              <X>159.15625</X>
              <Y>166.4548</Y>
            </OOSGPoint>
            <OOSGPoint>
              <X>204.132935</X>
              <Y>162.491486</Y>
            </OOSGPoint>
            <OOSGPoint>
              <X>246.158325</X>
              <Y>168.761566</Y>
            </OOSGPoint>
            <OOSGPoint>
              <X>285.232422</X>
              <Y>185.291718</Y>
            </OOSGPoint>
          </Points>
          <CurrentState>
            <Name>Backlog</Name>
            <Type>Initial</Type>
            <EntryAction />
            <Delay>
              <Name />
              <DeltaName>delta[]</DeltaName>
            </Delay>
            <X>79.19272</X>
            <Y>153.606766</Y>
          </CurrentState>
          <EntryAction />
          <InputOrDelay>(Arrival)?</InputOrDelay>
          <InputAction>(Send)!</InputAction>
          <Condition>true</Condition>
          <TransitionAction />
          <NextState>
            <Name>Empty</Name>
            <Type>Regular</Type>
            <EntryAction />
            <Delay>
              <Name />
              <DeltaName>delta[]</DeltaName>
            </Delay>
            <X>285.732422</X>
            <Y>183.606781</Y>
          </NextState>
        </OOSGStateTransition>
        <OOSGStateTransition>
          <FromPort>0</FromPort>
          <ToPort>0</ToPort>
          <LinkStyle>2</LinkStyle>
          <AdjustingStyle>0</AdjustingStyle>
          <Curviness>20</Curviness>
          <Orthogonal>false</Orthogonal>
          <Points>
            <OOSGPoint>
              <X>347.478363</X>
              <Y>183.106781</Y>
            </OOSGPoint>
            <OOSGPoint>
              <X>390.1471</X>
              <Y>156.8748</Y>
            </OOSGPoint>
            <OOSGPoint>
              <X>431.549225</X>
              <Y>143.800446</Y>
            </OOSGPoint>
            <OOSGPoint>
              <X>478.973969</X>
              <Y>141.503021</Y>
            </OOSGPoint>
          </Points>
          <CurrentState>
            <Name>Empty</Name>
            <Type>Regular</Type>
            <EntryAction />
            <Delay>
              <Name />
              <DeltaName>delta[]</DeltaName>
            </Delay>
            <X>285.732422</X>
            <Y>183.606781</Y>
          </CurrentState>
          <EntryAction />
          <InputOrDelay>(Arrival)?</InputOrDelay>
          <InputAction>J++;</InputAction>
          <Condition>true</Condition>
          <TransitionAction />
          <NextState>
            <Name>Stock</Name>
            <Type>Regular</Type>
            <EntryAction />
            <Delay>
              <Name />
              <DeltaName>delta[]</DeltaName>
            </Delay>
            <X>479.473969</X>
            <Y>123.606773</Y>
          </NextState>
        </OOSGStateTransition>
        <OOSGStateTransition>
          <FromPort>0</FromPort>
          <ToPort>0</ToPort>
          <LinkStyle>2</LinkStyle>
          <AdjustingStyle>0</AdjustingStyle>
          <Curviness>20</Curviness>
          <Orthogonal>false</Orthogonal>
          <Points>
            <OOSGPoint>
              <X>285.232422</X>
              <Y>203.629059</Y>
            </OOSGPoint>
            <OOSGPoint>
              <X>240.255737</X>
              <Y>208.323761</Y>
            </OOSGPoint>
            <OOSGPoint>
              <X>198.230347</X>
              <Y>202.05368</Y>
            </OOSGPoint>
            <OOSGPoint>
              <X>159.15625</X>
              <Y>186.260788</Y>
            </OOSGPoint>
          </Points>
          <CurrentState>
            <Name>Empty</Name>
            <Type>Regular</Type>
            <EntryAction />
            <Delay>
              <Name />
              <DeltaName>delta[]</DeltaName>
            </Delay>
            <X>285.732422</X>
            <Y>183.606781</Y>
          </CurrentState>
          <EntryAction />
          <InputOrDelay>(Request)?</InputOrDelay>
          <InputAction />
          <Condition>true</Condition>
          <TransitionAction />
          <NextState>
            <Name>Backlog</Name>
            <Type>Initial</Type>
            <EntryAction />
            <Delay>
              <Name />
              <DeltaName>delta[]</DeltaName>
            </Delay>
            <X>79.19272</X>
            <Y>153.606766</Y>
          </NextState>
        </OOSGStateTransition>
        <OOSGStateTransition>
          <FromPort>0</FromPort>
          <ToPort>0</ToPort>
          <LinkStyle>2</LinkStyle>
          <AdjustingStyle>0</AdjustingStyle>
          <Curviness>20</Curviness>
          <Orthogonal>false</Orthogonal>
          <Points>
            <OOSGPoint>
              <X>519.7533</X>
              <Y>156.893219</Y>
            </OOSGPoint>
            <OOSGPoint>
              <X>542.2533</X>
              <Y>195.864365</Y>
            </OOSGPoint>
            <OOSGPoint>
              <X>477.7467</X>
              <Y>195.864365</Y>
            </OOSGPoint>
            <OOSGPoint>
              <X>500.2467</X>
              <Y>156.893219</Y>
            </OOSGPoint>
          </Points>
          <CurrentState>
            <Name>Stock</Name>
            <Type>Regular</Type>
            <EntryAction />
            <Delay>
              <Name />
              <DeltaName>delta[]</DeltaName>
            </Delay>
            <X>479.473969</X>
            <Y>123.606773</Y>
          </CurrentState>
          <EntryAction />
          <InputOrDelay>(Arrival)?</InputOrDelay>
          <InputAction>J++;</InputAction>
          <Condition>true</Condition>
          <TransitionAction />
          <NextState>
            <Name>Stock</Name>
            <Type>Regular</Type>
            <EntryAction />
            <Delay>
              <Name />
              <DeltaName>delta[]</DeltaName>
            </Delay>
            <X>479.473969</X>
            <Y>123.606773</Y>
          </NextState>
        </OOSGStateTransition>
        <OOSGStateTransition>
          <FromPort>0</FromPort>
          <ToPort>0</ToPort>
          <LinkStyle>2</LinkStyle>
          <AdjustingStyle>0</AdjustingStyle>
          <Curviness>20</Curviness>
          <Orthogonal>false</Orthogonal>
          <Points>
            <OOSGPoint>
              <X>483.254517</X>
              <Y>156.893219</Y>
            </OOSGPoint>
            <OOSGPoint>
              <X>443.594452</X>
              <Y>181.943665</Y>
            </OOSGPoint>
            <OOSGPoint>
              <X>402.192322</X>
              <Y>195.018021</Y>
            </OOSGPoint>
            <OOSGPoint>
              <X>354.767578</X>
              <Y>197.892609</Y>
            </OOSGPoint>
          </Points>
          <CurrentState>
            <Name>Stock</Name>
            <Type>Regular</Type>
            <EntryAction />
            <Delay>
              <Name />
              <DeltaName>delta[]</DeltaName>
            </Delay>
            <X>479.473969</X>
            <Y>123.606773</Y>
          </CurrentState>
          <EntryAction />
          <InputOrDelay>(Request)?</InputOrDelay>
          <InputAction>J--; (Send)!</InputAction>
          <Condition>J==0</Condition>
          <TransitionAction />
          <NextState>
            <Name>Empty</Name>
            <Type>Regular</Type>
            <EntryAction />
            <Delay>
              <Name />
              <DeltaName>delta[]</DeltaName>
            </Delay>
            <X>285.732422</X>
            <Y>183.606781</Y>
          </NextState>
        </OOSGStateTransition>
        <OOSGStateTransition>
          <FromPort>0</FromPort>
          <ToPort>0</ToPort>
          <LinkStyle>2</LinkStyle>
          <AdjustingStyle>0</AdjustingStyle>
          <Curviness>20</Curviness>
          <Orthogonal>false</Orthogonal>
          <Points>
            <OOSGPoint>
              <X>519.7533</X>
              <Y>156.893219</Y>
            </OOSGPoint>
            <OOSGPoint>
              <X>542.2533</X>
              <Y>195.864365</Y>
            </OOSGPoint>
            <OOSGPoint>
              <X>477.7467</X>
              <Y>195.864365</Y>
            </OOSGPoint>
            <OOSGPoint>
              <X>500.2467</X>
              <Y>156.893219</Y>
            </OOSGPoint>
          </Points>
          <CurrentState>
            <Name>Stock</Name>
            <Type>Regular</Type>
            <EntryAction />
            <Delay>
              <Name />
              <DeltaName>delta[]</DeltaName>
            </Delay>
            <X>479.473969</X>
            <Y>123.606773</Y>
          </CurrentState>
          <EntryAction />
          <InputOrDelay>(Request)?</InputOrDelay>
          <InputAction>J--; (Send)!</InputAction>
          <Condition>J&gt;0</Condition>
          <TransitionAction />
          <NextState>
            <Name>Stock</Name>
            <Type>Regular</Type>
            <EntryAction />
            <Delay>
              <Name />
              <DeltaName>delta[]</DeltaName>
            </Delay>
            <X>479.473969</X>
            <Y>123.606773</Y>
          </NextState>
        </OOSGStateTransition>
      </STT>
      <Functions />
      <BackgroundColor>-2236963</BackgroundColor>
      <IsContainIntialState>false</IsContainIntialState>
      <HasFinalState>false</HasFinalState>
      <Schedules />
    </OOSGStateObjectModel>
  </StateObjectModels>
  <ActivityObjectModels>
    <OOAGActivityObjectModel>
      <ID>8b87cfc6-3b3a-4678-92e7-17a479d29668</ID>
      <Name>Machine</Name>
      <Description />
      <BackgroundColor>-8323200</BackgroundColor>
      <ActivityTransitions>
        <OOAGActivityTransition>
          <Activity>
            <ID>482dfff7-5f17-40ac-9f27-ba687533c6f3</ID>
            <Parameters />
            <IsEnabled>false</IsEnabled>
            <TimeDelay>15</TimeDelay>
            <X>190</X>
            <Y>-60.9887</Y>
            <Name>Process</Name>
          </Activity>
          <AtBegin>
            <Condition>S&gt;0 &amp;&amp; Q&gt;0</Condition>
            <Action>S--;Q--;</Action>
          </AtBegin>
          <BTOEvent>
            <Name>Process_Event</Name>
            <Time>15</Time>
          </BTOEvent>
          <AtEnds>
            <OOAGAtEndTransition>
              <Arc>1</Arc>
              <Condition>true</Condition>
              <Action>S++;</Action>
              <InfluencedActivity>Process</InfluencedActivity>
            </OOAGAtEndTransition>
            <OOAGAtEndTransition>
              <Arc>2</Arc>
              <Condition>true</Condition>
              <Action>E++;</Action>
              <InfluencedActivity />
            </OOAGAtEndTransition>
          </AtEnds>
        </OOAGActivityTransition>
      </ActivityTransitions>
      <Queues>
        <OOAGQueue>
          <ID>c922b637-13b9-432c-bd94-2e32596d2352</ID>
          <Parameters />
          <Type>Entity</Type>
          <InitialValue>0</InitialValue>
          <Description />
          <X>60</X>
          <Y>-60</Y>
          <Name>Q</Name>
        </OOAGQueue>
        <OOAGQueue>
          <ID>01abf954-19f3-4937-a6d8-796d511dec8d</ID>
          <Parameters />
          <Type>Entity</Type>
          <InitialValue>1</InitialValue>
          <Description />
          <X>200</X>
          <Y>-150</Y>
          <Name>S</Name>
        </OOAGQueue>
        <OOAGQueue>
          <ID>500488d3-9908-4fbc-8637-bc58883bdbb5</ID>
          <Parameters />
          <Type>Entity</Type>
          <InitialValue>0</InitialValue>
          <Description />
          <X>320</X>
          <Y>-60</Y>
          <Name>E</Name>
        </OOAGQueue>
      </Queues>
      <StateVariables />
      <Arcs>
        <OOAGArc>
          <SourceId>c922b637-13b9-432c-bd94-2e32596d2352</SourceId>
          <SourceType>Queue</SourceType>
          <DestinationId>482dfff7-5f17-40ac-9f27-ba687533c6f3</DestinationId>
          <DestinationType>Activity</DestinationType>
          <Type>Entity</Type>
          <Multiplicity>1</Multiplicity>
          <Probability>0</Probability>
          <Condition />
          <SourcePort>3</SourcePort>
          <DestinationPort>16</DestinationPort>
          <Style>Bezier</Style>
        </OOAGArc>
        <OOAGArc>
          <SourceId>482dfff7-5f17-40ac-9f27-ba687533c6f3</SourceId>
          <SourceType>Activity</SourceType>
          <DestinationId>500488d3-9908-4fbc-8637-bc58883bdbb5</DestinationId>
          <DestinationType>Queue</DestinationType>
          <Type>Entity</Type>
          <Multiplicity>1</Multiplicity>
          <Probability>0</Probability>
          <Condition />
          <SourcePort>17</SourcePort>
          <DestinationPort>1</DestinationPort>
          <Style>Bezier</Style>
        </OOAGArc>
        <OOAGArc>
          <SourceId>01abf954-19f3-4937-a6d8-796d511dec8d</SourceId>
          <SourceType>Queue</SourceType>
          <DestinationId>482dfff7-5f17-40ac-9f27-ba687533c6f3</DestinationId>
          <DestinationType>Activity</DestinationType>
          <Type>Resource</Type>
          <Multiplicity>1</Multiplicity>
          <Probability>0</Probability>
          <Condition />
          <SourcePort>1</SourcePort>
          <DestinationPort>12</DestinationPort>
          <Style>Bezier</Style>
        </OOAGArc>
        <OOAGArc>
          <SourceId>482dfff7-5f17-40ac-9f27-ba687533c6f3</SourceId>
          <SourceType>Activity</SourceType>
          <DestinationId>01abf954-19f3-4937-a6d8-796d511dec8d</DestinationId>
          <DestinationType>Queue</DestinationType>
          <Type>Resource</Type>
          <Multiplicity>1</Multiplicity>
          <Probability>0</Probability>
          <Condition />
          <SourcePort>13</SourcePort>
          <DestinationPort>3</DestinationPort>
          <Style>Bezier</Style>
        </OOAGArc>
      </Arcs>
    </OOAGActivityObjectModel>
    <OOAGActivityObjectModel>
      <ID>72c86286-8ec3-4dfe-9045-93bfa30cef86</ID>
      <Name>Job Generator</Name>
      <Description>Job Generator in ACD</Description>
      <BackgroundColor>-8323200</BackgroundColor>
      <ActivityTransitions>
        <OOAGActivityTransition>
          <Activity>
            <ID>4956fcf1-72e0-496c-9350-ecb39df7eca8</ID>
            <Parameters />
            <IsEnabled>true</IsEnabled>
            <TimeDelay>10</TimeDelay>
            <X>45.09999</X>
            <Y>-109.68367</Y>
            <Name>Arrive</Name>
          </Activity>
          <AtBegin>
            <Condition>C&gt;0</Condition>
            <Action>C--; ArrivedJobs++;</Action>
          </AtBegin>
          <BTOEvent>
            <Name>Arrive_Event</Name>
            <Time>10</Time>
          </BTOEvent>
          <AtEnds>
            <OOAGAtEndTransition>
              <Arc>1</Arc>
              <Condition>true</Condition>
              <Action>C++;</Action>
              <InfluencedActivity>Arrive</InfluencedActivity>
            </OOAGAtEndTransition>
          </AtEnds>
        </OOAGActivityTransition>
      </ActivityTransitions>
      <Queues>
        <OOAGQueue>
          <ID>6dc1274e-5a32-4c87-8e58-bd6fc4306059</ID>
          <Parameters />
          <Type>Entity</Type>
          <InitialValue>1</InitialValue>
          <Description />
          <X>80</X>
          <Y>-210</Y>
          <Name>C</Name>
        </OOAGQueue>
      </Queues>
      <StateVariables>
        <OOAGStateVariable>
          <Name>ArrivedJobs</Name>
          <Row>1</Row>
          <Col>1</Col>
          <ValueType>int</ValueType>
          <InitialValue>0</InitialValue>
        </OOAGStateVariable>
      </StateVariables>
      <Arcs>
        <OOAGArc>
          <SourceId>6dc1274e-5a32-4c87-8e58-bd6fc4306059</SourceId>
          <SourceType>Queue</SourceType>
          <DestinationId>4956fcf1-72e0-496c-9350-ecb39df7eca8</DestinationId>
          <DestinationType>Activity</DestinationType>
          <Type>Resource</Type>
          <Multiplicity>1</Multiplicity>
          <Probability>0</Probability>
          <Condition />
          <SourcePort>1</SourcePort>
          <DestinationPort>14</DestinationPort>
          <Style>Bezier</Style>
        </OOAGArc>
        <OOAGArc>
          <SourceId>4956fcf1-72e0-496c-9350-ecb39df7eca8</SourceId>
          <SourceType>Activity</SourceType>
          <DestinationId>6dc1274e-5a32-4c87-8e58-bd6fc4306059</DestinationId>
          <DestinationType>Queue</DestinationType>
          <Type>Resource</Type>
          <Multiplicity>1</Multiplicity>
          <Probability>0</Probability>
          <Condition />
          <SourcePort>15</SourcePort>
          <DestinationPort>3</DestinationPort>
          <Style>Bezier</Style>
        </OOAGArc>
      </Arcs>
    </OOAGActivityObjectModel>
  </ActivityObjectModels>
  <Experiments>
    <OOMMExperiment>
      <ID>6aa81a7b-1c96-41fa-ad5d-b9c7156e66b2</ID>
      <Name>Simulation 1</Name>
      <Type>SIMULATION</Type>
      <EOSTime>3600</EOSTime>
      <EOSTimeUnit>Seconds</EOSTimeUnit>
      <UseRandSeed>false</UseRandSeed>
      <FastForward>true</FastForward>
      <Parallel>false</Parallel>
      <RandSeed>0</RandSeed>
    </OOMMExperiment>
  </Experiments>
  <DataSources />
  <Entities />
  <UserClasses />
  <FileName>C:\Users\donghun.kang\Google Drive\My Shared Workspace\SEA Simulator\models\tandemline_acd_eg_sg.v1.xml</FileName>
  <ObjectInteractionDiagram>
    <DataSourceNodes />
    <ObjectInteractionEdges>
      <OOMMObjectInteractionEdge>
        <ID>-2147483645</ID>
        <MirrorTriggerName>Arrive</MirrorTriggerName>
        <MirrorObject>b93de464-388d-40cd-bf85-13709829e04e</MirrorObject>
        <MirrorPort>17</MirrorPort>
        <BoundaryTriggerName>Arrival</BoundaryTriggerName>
        <BoundaryObject>b548f589-1005-4106-b5f4-95345f5ce18b</BoundaryObject>
        <BoundaryPort>16</BoundaryPort>
        <Type>SchedulingLink</Type>
        <StrokeStyle>0</StrokeStyle>
      </OOMMObjectInteractionEdge>
      <OOMMObjectInteractionEdge>
        <ID>-2147483644</ID>
        <MirrorTriggerName>Send</MirrorTriggerName>
        <MirrorObject>b548f589-1005-4106-b5f4-95345f5ce18b</MirrorObject>
        <MirrorPort>13</MirrorPort>
        <BoundaryTriggerName>Send</BoundaryTriggerName>
        <BoundaryObject>07cf4071-8d3a-4ce4-9bbf-22c4a6b43f4c</BoundaryObject>
        <BoundaryPort>12</BoundaryPort>
        <Type>SchedulingLink</Type>
        <StrokeStyle>0</StrokeStyle>
      </OOMMObjectInteractionEdge>
      <OOMMObjectInteractionEdge>
        <ID>-2147483643</ID>
        <MirrorTriggerName>Request</MirrorTriggerName>
        <MirrorObject>07cf4071-8d3a-4ce4-9bbf-22c4a6b43f4c</MirrorObject>
        <MirrorPort>20</MirrorPort>
        <BoundaryTriggerName>Request</BoundaryTriggerName>
        <BoundaryObject>b548f589-1005-4106-b5f4-95345f5ce18b</BoundaryObject>
        <BoundaryPort>21</BoundaryPort>
        <Type>SchedulingLink</Type>
        <StrokeStyle>0</StrokeStyle>
      </OOMMObjectInteractionEdge>
      <OOMMObjectInteractionEdge>
        <ID>-2147483646</ID>
        <MirrorTriggerName>Done</MirrorTriggerName>
        <MirrorObject>07cf4071-8d3a-4ce4-9bbf-22c4a6b43f4c</MirrorObject>
        <MirrorPort>17</MirrorPort>
        <BoundaryTriggerName>Enter</BoundaryTriggerName>
        <BoundaryObject>1eb68e97-8409-4a35-954c-8b9dec5c748e</BoundaryObject>
        <BoundaryPort>16</BoundaryPort>
        <Type>SchedulingLink</Type>
        <StrokeStyle>0</StrokeStyle>
      </OOMMObjectInteractionEdge>
      <OOMMObjectInteractionEdge>
        <ID>-2147483642</ID>
        <MirrorTriggerName>Leave</MirrorTriggerName>
        <MirrorObject>1eb68e97-8409-4a35-954c-8b9dec5c748e</MirrorObject>
        <MirrorPort>17</MirrorPort>
        <BoundaryTriggerName>Q</BoundaryTriggerName>
        <BoundaryObject>72952443-a27e-4cbb-af6b-7aed4c737f17</BoundaryObject>
        <BoundaryPort>16</BoundaryPort>
        <Type>SchedulingLink</Type>
        <StrokeStyle>0</StrokeStyle>
      </OOMMObjectInteractionEdge>
    </ObjectInteractionEdges>
    <DataAssociations />
    <StateVariableUpdateEdges />
    <Texts>
      <OOMMTextNode>
        <Text>Q1:</Text>
        <X>551.9598</X>
        <Y>139.657715</Y>
        <Font>
          <Size>8</Size>
          <Bold>true</Bold>
          <Italic>false</Italic>
          <Underline>false</Underline>
          <Strikeout>false</Strikeout>
          <Color>-16777216</Color>
          <Name>Microsoft Sans Serif</Name>
        </Font>
        <TransparentBackground>false</TransparentBackground>
        <BackColor>-1</BackColor>
        <BorderColor>0</BorderColor>
      </OOMMTextNode>
      <OOMMTextNode>
        <Text>Q2:</Text>
        <X>551.9598</X>
        <Y>159.657715</Y>
        <Font>
          <Size>8</Size>
          <Bold>true</Bold>
          <Italic>false</Italic>
          <Underline>false</Underline>
          <Strikeout>false</Strikeout>
          <Color>-16777216</Color>
          <Name>Microsoft Sans Serif</Name>
        </Font>
        <TransparentBackground>false</TransparentBackground>
        <BackColor>-1</BackColor>
        <BorderColor>0</BorderColor>
      </OOMMTextNode>
      <OOMMTextNode>
        <Text>Job Out 1:</Text>
        <X>551.9598</X>
        <Y>202.634186</Y>
        <Font>
          <Size>8</Size>
          <Bold>true</Bold>
          <Italic>false</Italic>
          <Underline>false</Underline>
          <Strikeout>false</Strikeout>
          <Color>-16777216</Color>
          <Name>Microsoft Sans Serif</Name>
        </Font>
        <TransparentBackground>false</TransparentBackground>
        <BackColor>-1</BackColor>
        <BorderColor>0</BorderColor>
      </OOMMTextNode>
      <OOMMTextNode>
        <Text>Job Out 2:</Text>
        <X>551.9598</X>
        <Y>227.081512</Y>
        <Font>
          <Size>8</Size>
          <Bold>true</Bold>
          <Italic>false</Italic>
          <Underline>false</Underline>
          <Strikeout>false</Strikeout>
          <Color>-16777216</Color>
          <Name>Microsoft Sans Serif</Name>
        </Font>
        <TransparentBackground>false</TransparentBackground>
        <BackColor>-1</BackColor>
        <BorderColor>0</BorderColor>
      </OOMMTextNode>
      <OOMMTextNode>
        <Text>Job Out 3:</Text>
        <X>551.9598</X>
        <Y>249.40155</Y>
        <Font>
          <Size>8</Size>
          <Bold>true</Bold>
          <Italic>false</Italic>
          <Underline>false</Underline>
          <Strikeout>false</Strikeout>
          <Color>-16777216</Color>
          <Name>Microsoft Sans Serif</Name>
        </Font>
        <TransparentBackground>false</TransparentBackground>
        <BackColor>-1</BackColor>
        <BorderColor>0</BorderColor>
      </OOMMTextNode>
      <OOMMTextNode>
        <Text>Q3:</Text>
        <X>551.9598</X>
        <Y>183.098022</Y>
        <Font>
          <Size>8</Size>
          <Bold>true</Bold>
          <Italic>false</Italic>
          <Underline>false</Underline>
          <Strikeout>false</Strikeout>
          <Color>-16777216</Color>
          <Name>Microsoft Sans Serif</Name>
        </Font>
        <TransparentBackground>false</TransparentBackground>
        <BackColor>-1</BackColor>
        <BorderColor>0</BorderColor>
      </OOMMTextNode>
    </Texts>
    <Labels>
      <OOMMLabelNode>
        <NodeID>23e4c901-87b3-4be5-8e7e-31e83a1dc289</NodeID>
        <LabelName>Variable 1</LabelName>
        <StateVariableName>J</StateVariableName>
        <ObjectID>b548f589-1005-4106-b5f4-95345f5ce18b</ObjectID>
        <X>614.7833</X>
        <Y>140.970642</Y>
        <Font>
          <Size>6</Size>
          <Bold>false</Bold>
          <Italic>true</Italic>
          <Underline>false</Underline>
          <Strikeout>false</Strikeout>
          <Color>-16777216</Color>
          <Name>Microsoft Sans Serif</Name>
        </Font>
        <TransparentBackground>false</TransparentBackground>
        <BackColor>-1</BackColor>
        <BorderColor>0</BorderColor>
      </OOMMLabelNode>
      <OOMMLabelNode>
        <NodeID>caea8e15-4082-4d93-98f1-d40244719237</NodeID>
        <LabelName>Variable 2</LabelName>
        <StateVariableName>Q</StateVariableName>
        <ObjectID>1eb68e97-8409-4a35-954c-8b9dec5c748e</ObjectID>
        <X>614.7833</X>
        <Y>160.970642</Y>
        <Font>
          <Size>6</Size>
          <Bold>false</Bold>
          <Italic>true</Italic>
          <Underline>false</Underline>
          <Strikeout>false</Strikeout>
          <Color>-16777216</Color>
          <Name>Microsoft Sans Serif</Name>
        </Font>
        <TransparentBackground>false</TransparentBackground>
        <BackColor>-1</BackColor>
        <BorderColor>0</BorderColor>
      </OOMMLabelNode>
      <OOMMLabelNode>
        <NodeID>ada3ec42-9eb4-4ad6-aecb-b1fa99e91a7a</NodeID>
        <LabelName>Variable 3</LabelName>
        <StateVariableName>ProcessedJobs</StateVariableName>
        <ObjectID>07cf4071-8d3a-4ce4-9bbf-22c4a6b43f4c</ObjectID>
        <X>614.7833</X>
        <Y>204.603577</Y>
        <Font>
          <Size>6</Size>
          <Bold>false</Bold>
          <Italic>true</Italic>
          <Underline>false</Underline>
          <Strikeout>false</Strikeout>
          <Color>-16777216</Color>
          <Name>Microsoft Sans Serif</Name>
        </Font>
        <TransparentBackground>false</TransparentBackground>
        <BackColor>-1</BackColor>
        <BorderColor>0</BorderColor>
      </OOMMLabelNode>
      <OOMMLabelNode>
        <NodeID>a7bcc5e7-eb35-4432-8c0b-57d596d810f8</NodeID>
        <LabelName>Variable 4</LabelName>
        <StateVariableName>JO</StateVariableName>
        <ObjectID>1eb68e97-8409-4a35-954c-8b9dec5c748e</ObjectID>
        <X>614.7833</X>
        <Y>227.866211</Y>
        <Font>
          <Size>6</Size>
          <Bold>false</Bold>
          <Italic>true</Italic>
          <Underline>false</Underline>
          <Strikeout>false</Strikeout>
          <Color>-16777216</Color>
          <Name>Microsoft Sans Serif</Name>
        </Font>
        <TransparentBackground>false</TransparentBackground>
        <BackColor>-1</BackColor>
        <BorderColor>0</BorderColor>
      </OOMMLabelNode>
      <OOMMLabelNode>
        <NodeID>d36eff11-daed-4eca-a7af-c760acd9df84</NodeID>
        <LabelName>Variable 5</LabelName>
        <StateVariableName>E</StateVariableName>
        <ObjectID>72952443-a27e-4cbb-af6b-7aed4c737f17</ObjectID>
        <X>614.7833</X>
        <Y>249.529755</Y>
        <Font>
          <Size>6</Size>
          <Bold>false</Bold>
          <Italic>true</Italic>
          <Underline>false</Underline>
          <Strikeout>false</Strikeout>
          <Color>-16777216</Color>
          <Name>Microsoft Sans Serif</Name>
        </Font>
        <TransparentBackground>false</TransparentBackground>
        <BackColor>-1</BackColor>
        <BorderColor>0</BorderColor>
      </OOMMLabelNode>
      <OOMMLabelNode>
        <NodeID>15c9e0d6-afbb-4e6f-af64-b8bb0d6105f3</NodeID>
        <LabelName>Variable 6</LabelName>
        <StateVariableName>Q</StateVariableName>
        <ObjectID>72952443-a27e-4cbb-af6b-7aed4c737f17</ObjectID>
        <X>614.7833</X>
        <Y>182.569763</Y>
        <Font>
          <Size>6</Size>
          <Bold>false</Bold>
          <Italic>true</Italic>
          <Underline>false</Underline>
          <Strikeout>false</Strikeout>
          <Color>-16777216</Color>
          <Name>Microsoft Sans Serif</Name>
        </Font>
        <TransparentBackground>false</TransparentBackground>
        <BackColor>-1</BackColor>
        <BorderColor>0</BorderColor>
      </OOMMLabelNode>
    </Labels>
    <DataSetNodes />
    <StatisticsNodes />
    <BarCharts />
    <PieCharts />
    <Plots />
    <TimePlots>
      <OOMMTimePlot>
        <Title>WIP</Title>
        <Dimension>
          <X>24.9817181</X>
          <Y>137.584961</Y>
          <Width>463.842834</Width>
          <Height>125.074249</Height>
        </Dimension>
        <Series>
          <Values>
            <OOMMSeries>
              <Name>Q1</Name>
              <Value>Buffer 1.J</Value>
              <Type>Bar</Type>
              <Appearance>
                <MarkerColor>OrangeRed</MarkerColor>
                <LineColor>Red</LineColor>
                <MarkerType>Diamond</MarkerType>
                <BackgroundColor />
                <LineWidth>2</LineWidth>
              </Appearance>
            </OOMMSeries>
            <OOMMSeries>
              <Name>Q2</Name>
              <Value>Station 2.Q</Value>
              <Type>Bar</Type>
              <Appearance>
                <MarkerColor>Indigo</MarkerColor>
                <LineColor>DeepSkyBlue</LineColor>
                <MarkerType>Diamond</MarkerType>
                <BackgroundColor />
                <LineWidth>2</LineWidth>
              </Appearance>
            </OOMMSeries>
            <OOMMSeries>
              <Name>Q3</Name>
              <Value>Station 3.Q</Value>
              <Type>Bar</Type>
              <Appearance>
                <MarkerColor>Black</MarkerColor>
                <LineColor>DarkSeaGreen</LineColor>
                <MarkerType>Diamond</MarkerType>
                <BackgroundColor />
                <LineWidth>2</LineWidth>
              </Appearance>
            </OOMMSeries>
          </Values>
        </Series>
        <Appearance>
          <BackgroundColor>White</BackgroundColor>
          <BorderColor>Black</BorderColor>
          <BorderWeight>1</BorderWeight>
        </Appearance>
      </OOMMTimePlot>
    </TimePlots>
    <ObjectNodes>
      <OOMMObjectNode>
        <NodeID>b93de464-388d-40cd-bf85-13709829e04e</NodeID>
        <ModelID>72c86286-8ec3-4dfe-9045-93bfa30cef86</ModelID>
        <Name>Job Gen</Name>
        <X>21.4174271</X>
        <Y>66.37447</Y>
        <BackgroundColor>-8323200</BackgroundColor>
        <StateVariables>
          <OOMMObjectStateVariable>
            <Name>ArrivedJobs</Name>
            <Value>0</Value>
          </OOMMObjectStateVariable>
        </StateVariables>
        <Type>ActivityObject</Type>
      </OOMMObjectNode>
      <OOMMObjectNode>
        <NodeID>07cf4071-8d3a-4ce4-9bbf-22c4a6b43f4c</NodeID>
        <ModelID>14faec19-463e-411a-8ff8-d0f5c6037966</ModelID>
        <Name>Server 1</Name>
        <X>312.871582</X>
        <Y>66.37447</Y>
        <BackgroundColor>-1907998</BackgroundColor>
        <StateVariables>
          <OOMMObjectStateVariable>
            <Name>ProcessedJobs</Name>
            <Value>0</Value>
          </OOMMObjectStateVariable>
        </StateVariables>
        <Type>StateObject</Type>
      </OOMMObjectNode>
      <OOMMObjectNode>
        <NodeID>b548f589-1005-4106-b5f4-95345f5ce18b</NodeID>
        <ModelID>785eca24-17d9-4e31-9f4d-cdf42dca4f64</ModelID>
        <Name>Buffer 1</Name>
        <X>165.531052</X>
        <Y>66.37447</Y>
        <BackgroundColor>-2236963</BackgroundColor>
        <StateVariables>
          <OOMMObjectStateVariable>
            <Name>J</Name>
            <Value>0</Value>
          </OOMMObjectStateVariable>
        </StateVariables>
        <Type>StateObject</Type>
      </OOMMObjectNode>
      <OOMMObjectNode>
        <NodeID>1eb68e97-8409-4a35-954c-8b9dec5c748e</NodeID>
        <ModelID>150a860d-1309-45e2-a54b-d8a8e2120a0d</ModelID>
        <Name>Station 2</Name>
        <X>456.487854</X>
        <Y>66.37447</Y>
        <BackgroundColor>-16711681</BackgroundColor>
        <StateVariables>
          <OOMMObjectStateVariable>
            <Name>JI</Name>
            <Value>0</Value>
          </OOMMObjectStateVariable>
          <OOMMObjectStateVariable>
            <Name>JO</Name>
            <Value>0</Value>
          </OOMMObjectStateVariable>
          <OOMMObjectStateVariable>
            <Name>M</Name>
            <Value>1</Value>
          </OOMMObjectStateVariable>
          <OOMMObjectStateVariable>
            <Name>Q</Name>
            <Value>0</Value>
          </OOMMObjectStateVariable>
          <OOMMObjectStateVariable>
            <Name>rsv</Name>
            <Value>False</Value>
          </OOMMObjectStateVariable>
        </StateVariables>
        <Type>EventObject</Type>
      </OOMMObjectNode>
      <OOMMObjectNode>
        <NodeID>72952443-a27e-4cbb-af6b-7aed4c737f17</NodeID>
        <ModelID>8b87cfc6-3b3a-4678-92e7-17a479d29668</ModelID>
        <Name>Station 3</Name>
        <X>586.972046</X>
        <Y>66.37447</Y>
        <BackgroundColor>-8323200</BackgroundColor>
        <StateVariables />
        <Type>ActivityObject</Type>
      </OOMMObjectNode>
    </ObjectNodes>
  </ObjectInteractionDiagram>
  <ObjectNodes />
  <DataSourceNodes />
  <EventObjectSchedulingEdges />
  <DataAssociations />
  <Texts />
  <Labels />
  <DataSetNodes />
  <StatisticsNodes />
  <BarCharts />
  <PieCharts />
  <Plots />
  <TimePlots />
</OOMMModel>