﻿<?xml version="1.0" standalone="yes"?>
<ATTDefinition xmlns="http://tempuri.org/ATTDefinition.xsd">
  <ATTHeader>
    <Name>CarRepairShop</Name>
    <Creator>Donghun Kang</Creator>
    <Description />
  </ATTHeader>
  <ATTActivityTransition>
    <No>1</No>
    <Name>Arrive</Name>
    <BeginCondition>A&gt;0</BeginCondition>
    <BeginAction>A--;</BeginAction>
    <BTOEventTime>10</BTOEventTime>
    <BTOEventName>Arrived</BTOEventName>
    <Enabled>true</Enabled>
  </ATTActivityTransition>
  <ATTActivityTransition>
    <No>2</No>
    <Name>Fasten</Name>
    <BeginCondition>(Q1&gt;0) &amp;&amp; (T&gt;0)</BeginCondition>
    <BeginAction>Q1--;T--;</BeginAction>
    <BTOEventTime>15</BTOEventTime>
    <BTOEventName>Fastened</BTOEventName>
    <Enabled>false</Enabled>
  </ATTActivityTransition>
  <ATTActivityTransition>
    <No>3</No>
    <Name>Inspect</Name>
    <BeginCondition>(Q2&gt;0) &amp;&amp; (R&gt;0)</BeginCondition>
    <BeginAction>Q2--;R--;</BeginAction>
    <BTOEventTime>10</BTOEventTime>
    <BTOEventName>Inspected</BTOEventName>
    <Enabled>false</Enabled>
  </ATTActivityTransition>
  <ATTActivityTransition>
    <No>4</No>
    <Name>Repair</Name>
    <BeginCondition>(Q3&gt;0)</BeginCondition>
    <BeginAction>Q3--;</BeginAction>
    <BTOEventTime>15</BTOEventTime>
    <BTOEventName>Repaired</BTOEventName>
    <Enabled>false</Enabled>
  </ATTActivityTransition>
  <ATTAtEndTransition>
    <No>1</No>
    <Arc>1</Arc>
    <Condition>true</Condition>
    <Action>A++;</Action>
    <InfluencedActivity>Arrive</InfluencedActivity>
  </ATTAtEndTransition>
  <ATTAtEndTransition>
    <No>1</No>
    <Arc>2</Arc>
    <Condition>true</Condition>
    <Action>Q1++;</Action>
    <InfluencedActivity>Fasten</InfluencedActivity>
  </ATTAtEndTransition>
  <ATTAtEndTransition>
    <No>2</No>
    <Arc>1</Arc>
    <Condition>true</Condition>
    <Action>Q2++;</Action>
    <InfluencedActivity>Inspect</InfluencedActivity>
  </ATTAtEndTransition>
  <ATTAtEndTransition>
    <No>3</No>
    <Arc>1</Arc>
    <Condition>true</Condition>
    <Action>Q3++;</Action>
    <InfluencedActivity>Repair</InfluencedActivity>
  </ATTAtEndTransition>
  <ATTAtEndTransition>
    <No>3</No>
    <Arc>2</Arc>
    <Condition>true</Condition>
    <Action>T++;</Action>
    <InfluencedActivity>Fasten</InfluencedActivity>
  </ATTAtEndTransition>
  <ATTAtEndTransition>
    <No>4</No>
    <Arc>1</Arc>
    <Condition>true</Condition>
    <Action>R++;</Action>
    <InfluencedActivity>Inspect</InfluencedActivity>
  </ATTAtEndTransition>
  <ATTQueue>
    <Name>A</Name>
    <InitialValue>1</InitialValue>
    <Type>Entity</Type>
  </ATTQueue>
  <ATTQueue>
    <Name>Q1</Name>
    <InitialValue>0</InitialValue>
    <Type>Entity</Type>
  </ATTQueue>
  <ATTQueue>
    <Name>Q2</Name>
    <InitialValue>0</InitialValue>
    <Type>Entity</Type>
  </ATTQueue>
  <ATTQueue>
    <Name>Q3</Name>
    <InitialValue>0</InitialValue>
    <Type>Entity</Type>
  </ATTQueue>
  <ATTQueue>
    <Name>R</Name>
    <InitialValue>2</InitialValue>
    <Type>Resource</Type>
  </ATTQueue>
  <ATTQueue>
    <Name>T</Name>
    <InitialValue>3</InitialValue>
    <Type>Resource</Type>
  </ATTQueue>
</ATTDefinition>