<?xml version="1.0" standalone="yes"?>
<DispatchingRuleSet xmlns="http://tempuri.org/DispatchingRuleSet.xsd">
  <DispatchingRule>
    <Name>FIFO</Name>
    <Type>JobSelectionRule</Type>
    <Description />
    <SelectionOrder>Minimum</SelectionOrder>
    <PriorityFunction>ReleasedOrder(Cassette, Machine)</PriorityFunction>
    <ID>1</ID>
  </DispatchingRule>
  <DispatchingRule>
    <Name>MinQueue</Name>
    <Type>MachineSelectionRule</Type>
    <Description />
    <SelectionOrder>Minimum</SelectionOrder>
    <PriorityFunction>MQ(Cassette, Machine)</PriorityFunction>
    <ID>2</ID>
  </DispatchingRule>
  <DispatchingRule>
    <Name>MinQueueNUsage</Name>
    <Type>MachineSelectionRule</Type>
    <Description />
    <SelectionOrder>Minimum</SelectionOrder>
    <PriorityFunction>W1 * Usage(Cassette, Machine) + W2 * Queue(Cassette, Machine) + W3 * Setup(Cassette, Machine)</PriorityFunction>
    <ID>3</ID>
  </DispatchingRule>
  <DispatchingRule>
    <Name>ContinuousJob</Name>
    <Type>JobSelectionRule</Type>
    <Description />
    <SelectionOrder>Minimum</SelectionOrder>
    <PriorityFunction>W1 * SameJobType(Cassette, Machine) + W2 * FIFO(Cassette, Machine)</PriorityFunction>
    <ID>4</ID>
  </DispatchingRule>
  <Factor>
    <ID>1</ID>
    <DRID>1</DRID>
    <Name>ReleasedOrder</Name>
    <Description />
    <Expression>Cassette.ReleaseDate</Expression>
  </Factor>
  <Factor>
    <ID>2</ID>
    <DRID>2</DRID>
    <Name>MQ</Name>
    <Description />
    <Expression>Machine.Q + Machine.N + Machine.M</Expression>
  </Factor>
  <Factor>
    <ID>3</ID>
    <DRID>3</DRID>
    <Name>Usage</Name>
    <Description />
    <Expression>Machine.NC</Expression>
  </Factor>
  <Factor>
    <ID>4</ID>
    <DRID>3</DRID>
    <Name>Queue</Name>
    <Description />
    <Expression>Machine.Q + Machine.N + Machine.M</Expression>
  </Factor>
  <Factor>
    <ID>5</ID>
    <DRID>3</DRID>
    <Name>Setup</Name>
    <Description />
    <Expression>(Cassette.J == Machine.JT) ? 0 : 1</Expression>
  </Factor>
  <Factor>
    <ID>6</ID>
    <DRID>4</DRID>
    <Name>SameJobType</Name>
    <Description />
    <Expression>(Cassette.J == Machine.JT ? 0 : 1)</Expression>
  </Factor>
  <Factor>
    <ID>7</ID>
    <DRID>4</DRID>
    <Name>FIFO</Name>
    <Description />
    <Expression>Cassette.ReleaseDate</Expression>
  </Factor>
  <Parameter>
    <ID>1</ID>
    <DRID>1</DRID>
    <Name>w1</Name>
    <Type>Integer</Type>
    <Description />
  </Parameter>
  <Parameter>
    <ID>2</ID>
    <DRID>3</DRID>
    <Name>W1</Name>
    <Type>Integer</Type>
    <Description>Weight for Usage</Description>
  </Parameter>
  <Parameter>
    <ID>3</ID>
    <DRID>3</DRID>
    <Name>W2</Name>
    <Type>Integer</Type>
    <Description>Weight for Queue</Description>
  </Parameter>
  <Parameter>
    <ID>4</ID>
    <DRID>3</DRID>
    <Name>W3</Name>
    <Type>Integer</Type>
    <Description>Weight for Setup</Description>
  </Parameter>
  <Parameter>
    <ID>5</ID>
    <DRID>4</DRID>
    <Name>W1</Name>
    <Type>Integer</Type>
    <Description />
  </Parameter>
  <Parameter>
    <ID>6</ID>
    <DRID>4</DRID>
    <Name>W2</Name>
    <Type>Integer</Type>
    <Description />
  </Parameter>
</DispatchingRuleSet>