<?xml version="1.0" encoding="utf-8"?>
<OOMMModel xmlns:xsi="http://www.w3.org/2001/XMLSchema-instance" xmlns:xsd="http://www.w3.org/2001/XMLSchema">
  <Properties />
  <Name>aaaaaa</Name>
  <Description />
  <Creator />
  <EventObjectModels />
  <StateObjectModels />
  <ObjectNodes />
  <DataSourceNodes />
  <EventObjectSchedulingEdges />
  <DataAssociations />
  <Texts />
  <Labels />
  <DataSetNodes />
  <DataSources />
  <Entities />
  <StatisticsNodes />
  <BarCharts />
  <PieCharts />
  <Plots />
  <TimePlots />
  <Experiments />
  <ObjectInteractionDiagram>
    <DataSourceNodes />
    <ObjectSchedulingEdges />
    <DataAssociations />
    <StateVariableUpdateEdges />
    <Texts />
    <Labels />
    <DataSetNodes />
    <StatisticsNodes />
    <BarCharts />
    <PieCharts />
    <Plots />
    <TimePlots />
    <ObjectNodes />
  </ObjectInteractionDiagram>
  <FileName>C:\Users\donghun.kang\Google Drive\My Shared Workspace\OOMM Simulator\models\aaaaaa.xml</FileName>
</OOMMModel>