<?xml version="1.0" encoding="utf-8"?>
<OOMMModel xmlns:xsi="http://www.w3.org/2001/XMLSchema-instance" xmlns:xsd="http://www.w3.org/2001/XMLSchema">
  <Properties>
    <OOMMModelProperty>
      <Name>ViewScale</Name>
      <Value xsi:type="xsd:float">1.37152851</Value>
    </OOMMModelProperty>
    <OOMMModelProperty>
      <Name>GridVisibility</Name>
      <Value xsi:type="xsd:boolean">true</Value>
    </OOMMModelProperty>
  </Properties>
  <Name>Single Server System</Name>
  <Description>SG</Description>
  <Creator />
  <EventObjectModels />
  <StateObjectModels>
    <OOSGStateObjectModel>
      <ID>2b8058fc-8362-41ac-aaa7-4a2fa4e86dee</ID>
      <Name>Job Generator</Name>
      <Description />
      <Messages>
        <OOSGMessage>
          <Parameters />
          <MName>Arrival</MName>
          <Type>Output</Type>
        </OOSGMessage>
      </Messages>
      <States>
        <OOSGState>
          <Name>Gen</Name>
          <Type>Initial</Type>
          <EntryAction />
          <Delay>
            <Name>10</Name>
            <DeltaName>delta[10]</DeltaName>
          </Delay>
        </OOSGState>
      </States>
      <StateVariables>
        <OOSGStateVariable>
          <Name>ArrivedJobs</Name>
          <Type>Integer</Type>
          <InitialValue xsi:type="xsd:string">0</InitialValue>
        </OOSGStateVariable>
      </StateVariables>
      <Parameters />
      <STT>
        <OOSGStateTransition>
          <CurrentState>
            <Name>Gen</Name>
            <Type>Initial</Type>
            <EntryAction />
            <Delay>
              <Name>10</Name>
              <DeltaName>delta[10]</DeltaName>
            </Delay>
          </CurrentState>
          <EntryAction />
          <InputOrDelay>delta[10]</InputOrDelay>
          <InputAction>(Arrival)!;
ArrivedJobs++;</InputAction>
          <Condition>true</Condition>
          <TransitionAction />
          <NextState>
            <Name>Gen</Name>
            <Type>Initial</Type>
            <EntryAction />
            <Delay>
              <Name>10</Name>
              <DeltaName>delta[10]</DeltaName>
            </Delay>
          </NextState>
        </OOSGStateTransition>
      </STT>
      <Functions />
      <BackgroundColor>-1</BackgroundColor>
      <IsContainIntialState>false</IsContainIntialState>
      <HasFinalState>false</HasFinalState>
    </OOSGStateObjectModel>
    <OOSGStateObjectModel>
      <ID>9f7b3a3f-fc83-4e4e-9ff0-6bfc8e345f4a</ID>
      <Name>Server</Name>
      <Description />
      <Messages>
        <OOSGMessage>
          <Parameters />
          <MName>Request</MName>
          <Type>Output</Type>
        </OOSGMessage>
        <OOSGMessage>
          <Parameters />
          <MName>Send</MName>
          <Type>Input</Type>
        </OOSGMessage>
      </Messages>
      <States>
        <OOSGState>
          <Name>Idle</Name>
          <Type>Initial</Type>
          <EntryAction />
          <Delay>
            <Name />
            <DeltaName>delta[]</DeltaName>
          </Delay>
        </OOSGState>
        <OOSGState>
          <Name>Run</Name>
          <Type>Regular</Type>
          <EntryAction />
          <Delay>
            <Name>15</Name>
            <DeltaName>delta[15]</DeltaName>
          </Delay>
        </OOSGState>
      </States>
      <StateVariables>
        <OOSGStateVariable>
          <Name>ProcessedJobs</Name>
          <Type>Integer</Type>
          <InitialValue xsi:type="xsd:string">0</InitialValue>
        </OOSGStateVariable>
      </StateVariables>
      <Parameters />
      <STT>
        <OOSGStateTransition>
          <CurrentState>
            <Name>Idle</Name>
            <Type>Initial</Type>
            <EntryAction />
            <Delay>
              <Name />
              <DeltaName>delta[]</DeltaName>
            </Delay>
          </CurrentState>
          <EntryAction />
          <InputOrDelay>(Send)?</InputOrDelay>
          <InputAction />
          <Condition>true</Condition>
          <TransitionAction />
          <NextState>
            <Name>Run</Name>
            <Type>Regular</Type>
            <EntryAction />
            <Delay>
              <Name>15</Name>
              <DeltaName>delta[15]</DeltaName>
            </Delay>
          </NextState>
        </OOSGStateTransition>
        <OOSGStateTransition>
          <CurrentState>
            <Name>Run</Name>
            <Type>Regular</Type>
            <EntryAction />
            <Delay>
              <Name>15</Name>
              <DeltaName>delta[15]</DeltaName>
            </Delay>
          </CurrentState>
          <EntryAction />
          <InputOrDelay>delta[15]</InputOrDelay>
          <InputAction>(Request)!</InputAction>
          <Condition>true</Condition>
          <TransitionAction>ProcessedJobs++;</TransitionAction>
          <NextState>
            <Name>Idle</Name>
            <Type>Initial</Type>
            <EntryAction />
            <Delay>
              <Name />
              <DeltaName>delta[]</DeltaName>
            </Delay>
          </NextState>
        </OOSGStateTransition>
      </STT>
      <Functions />
      <BackgroundColor>-1</BackgroundColor>
      <IsContainIntialState>false</IsContainIntialState>
      <HasFinalState>false</HasFinalState>
    </OOSGStateObjectModel>
    <OOSGStateObjectModel>
      <ID>857a3571-fa2e-4ab4-980b-3100529e38ab</ID>
      <Name>Buffer</Name>
      <Description />
      <Messages>
        <OOSGMessage>
          <Parameters />
          <MName>Arrival</MName>
          <Type>Input</Type>
        </OOSGMessage>
        <OOSGMessage>
          <Parameters />
          <MName>Request</MName>
          <Type>Input</Type>
        </OOSGMessage>
        <OOSGMessage>
          <Parameters />
          <MName>Send</MName>
          <Type>Output</Type>
        </OOSGMessage>
      </Messages>
      <States>
        <OOSGState>
          <Name>Backlog</Name>
          <Type>Initial</Type>
          <EntryAction />
          <Delay>
            <Name />
            <DeltaName>delta[]</DeltaName>
          </Delay>
        </OOSGState>
        <OOSGState>
          <Name>Empty</Name>
          <Type>Regular</Type>
          <EntryAction />
          <Delay>
            <Name />
            <DeltaName>delta[]</DeltaName>
          </Delay>
        </OOSGState>
        <OOSGState>
          <Name>Stock</Name>
          <Type>Regular</Type>
          <EntryAction />
          <Delay>
            <Name />
            <DeltaName>delta[]</DeltaName>
          </Delay>
        </OOSGState>
      </States>
      <StateVariables>
        <OOSGStateVariable>
          <Name>J</Name>
          <Type>Integer</Type>
          <InitialValue xsi:type="xsd:string">0</InitialValue>
        </OOSGStateVariable>
      </StateVariables>
      <Parameters />
      <STT>
        <OOSGStateTransition>
          <CurrentState>
            <Name>Backlog</Name>
            <Type>Initial</Type>
            <EntryAction />
            <Delay>
              <Name />
              <DeltaName>delta[]</DeltaName>
            </Delay>
          </CurrentState>
          <EntryAction />
          <InputOrDelay>(Arrival)?</InputOrDelay>
          <InputAction>(Send)!</InputAction>
          <Condition>true</Condition>
          <TransitionAction />
          <NextState>
            <Name>Empty</Name>
            <Type>Regular</Type>
            <EntryAction />
            <Delay>
              <Name />
              <DeltaName>delta[]</DeltaName>
            </Delay>
          </NextState>
        </OOSGStateTransition>
        <OOSGStateTransition>
          <CurrentState>
            <Name>Empty</Name>
            <Type>Regular</Type>
            <EntryAction />
            <Delay>
              <Name />
              <DeltaName>delta[]</DeltaName>
            </Delay>
          </CurrentState>
          <EntryAction />
          <InputOrDelay>(Arrival)?</InputOrDelay>
          <InputAction>J++;</InputAction>
          <Condition>true</Condition>
          <TransitionAction />
          <NextState>
            <Name>Stock</Name>
            <Type>Regular</Type>
            <EntryAction />
            <Delay>
              <Name />
              <DeltaName>delta[]</DeltaName>
            </Delay>
          </NextState>
        </OOSGStateTransition>
        <OOSGStateTransition>
          <CurrentState>
            <Name>Empty</Name>
            <Type>Regular</Type>
            <EntryAction />
            <Delay>
              <Name />
              <DeltaName>delta[]</DeltaName>
            </Delay>
          </CurrentState>
          <EntryAction />
          <InputOrDelay>(Request)?</InputOrDelay>
          <InputAction />
          <Condition>true</Condition>
          <TransitionAction />
          <NextState>
            <Name>Backlog</Name>
            <Type>Initial</Type>
            <EntryAction />
            <Delay>
              <Name />
              <DeltaName>delta[]</DeltaName>
            </Delay>
          </NextState>
        </OOSGStateTransition>
        <OOSGStateTransition>
          <CurrentState>
            <Name>Stock</Name>
            <Type>Regular</Type>
            <EntryAction />
            <Delay>
              <Name />
              <DeltaName>delta[]</DeltaName>
            </Delay>
          </CurrentState>
          <EntryAction />
          <InputOrDelay>(Arrival)?</InputOrDelay>
          <InputAction>J++;</InputAction>
          <Condition>true</Condition>
          <TransitionAction />
          <NextState>
            <Name>Stock</Name>
            <Type>Regular</Type>
            <EntryAction />
            <Delay>
              <Name />
              <DeltaName>delta[]</DeltaName>
            </Delay>
          </NextState>
        </OOSGStateTransition>
        <OOSGStateTransition>
          <CurrentState>
            <Name>Stock</Name>
            <Type>Regular</Type>
            <EntryAction />
            <Delay>
              <Name />
              <DeltaName>delta[]</DeltaName>
            </Delay>
          </CurrentState>
          <EntryAction />
          <InputOrDelay>(Request)?</InputOrDelay>
          <InputAction>J--; (Send)!</InputAction>
          <Condition>J==0</Condition>
          <TransitionAction />
          <NextState>
            <Name>Empty</Name>
            <Type>Regular</Type>
            <EntryAction />
            <Delay>
              <Name />
              <DeltaName>delta[]</DeltaName>
            </Delay>
          </NextState>
        </OOSGStateTransition>
        <OOSGStateTransition>
          <CurrentState>
            <Name>Stock</Name>
            <Type>Regular</Type>
            <EntryAction />
            <Delay>
              <Name />
              <DeltaName>delta[]</DeltaName>
            </Delay>
          </CurrentState>
          <EntryAction />
          <InputOrDelay>(Request)?</InputOrDelay>
          <InputAction>J--; (Send)!</InputAction>
          <Condition>J&gt;0</Condition>
          <TransitionAction />
          <NextState>
            <Name>Stock</Name>
            <Type>Regular</Type>
            <EntryAction />
            <Delay>
              <Name />
              <DeltaName>delta[]</DeltaName>
            </Delay>
          </NextState>
        </OOSGStateTransition>
      </STT>
      <Functions />
      <BackgroundColor>-1</BackgroundColor>
      <IsContainIntialState>false</IsContainIntialState>
      <HasFinalState>false</HasFinalState>
    </OOSGStateObjectModel>
  </StateObjectModels>
  <ObjectNodes />
  <DataSourceNodes />
  <EventObjectSchedulingEdges />
  <DataAssociations />
  <Texts />
  <Labels />
  <DataSetNodes />
  <DataSources />
  <Entities />
  <StatisticsNodes />
  <BarCharts />
  <PieCharts />
  <Plots />
  <TimePlots />
  <Experiments>
    <OOMMExperiment>
      <ID>257675e1-7c92-45d9-872c-71d9124a8aaf</ID>
      <Name>Simulation 1</Name>
      <Type>SIMULATION</Type>
      <EOSTime>3600</EOSTime>
      <EOSTimeUnit>Seconds</EOSTimeUnit>
      <UseRandSeed>false</UseRandSeed>
      <FastForward>true</FastForward>
      <RandSeed>0</RandSeed>
    </OOMMExperiment>
  </Experiments>
  <ObjectInteractionDiagram>
    <DataSourceNodes />
    <ObjectSchedulingEdges>
      <OOMMObjectSchedulingEdge>
        <ID>-2147483647</ID>
        <MirrorTriggerName>Arrival</MirrorTriggerName>
        <MirrorObject>589e9827-aa9f-4b91-9807-6164e3fd39e7</MirrorObject>
        <MirrorPort>17</MirrorPort>
        <BoundaryTriggerName>Arrival</BoundaryTriggerName>
        <BoundaryObject>73fa4ba3-e855-41cc-80f0-520306ec1e7e</BoundaryObject>
        <BoundaryPort>16</BoundaryPort>
        <Type>SchedulingLink</Type>
        <StrokeStyle>0</StrokeStyle>
      </OOMMObjectSchedulingEdge>
      <OOMMObjectSchedulingEdge>
        <ID>-2147483646</ID>
        <MirrorTriggerName>Send</MirrorTriggerName>
        <MirrorObject>73fa4ba3-e855-41cc-80f0-520306ec1e7e</MirrorObject>
        <MirrorPort>13</MirrorPort>
        <BoundaryTriggerName>Send</BoundaryTriggerName>
        <BoundaryObject>ab93f0c8-ef20-4881-ae44-5ff70d924be3</BoundaryObject>
        <BoundaryPort>12</BoundaryPort>
        <Type>SchedulingLink</Type>
        <StrokeStyle>0</StrokeStyle>
      </OOMMObjectSchedulingEdge>
      <OOMMObjectSchedulingEdge>
        <ID>-2147483645</ID>
        <MirrorTriggerName>Request</MirrorTriggerName>
        <MirrorObject>ab93f0c8-ef20-4881-ae44-5ff70d924be3</MirrorObject>
        <MirrorPort>20</MirrorPort>
        <BoundaryTriggerName>Request</BoundaryTriggerName>
        <BoundaryObject>73fa4ba3-e855-41cc-80f0-520306ec1e7e</BoundaryObject>
        <BoundaryPort>21</BoundaryPort>
        <Type>SchedulingLink</Type>
        <StrokeStyle>0</StrokeStyle>
      </OOMMObjectSchedulingEdge>
    </ObjectSchedulingEdges>
    <DataAssociations />
    <StateVariableUpdateEdges />
    <Texts />
    <Labels />
    <DataSetNodes>
      <OOMMDataSetNode>
        <DataSetName>Data Set 1</DataSetName>
        <NodeID>a8eb83fa-0bfd-4bf5-a164-30b4b80ae401</NodeID>
        <X>522.5</X>
        <Y>66.5</Y>
        <XAxisValue>StateObject 2.ArrivedJobs</XAxisValue>
        <YAxisValue>StateObject 4.ProcessedJobs</YAxisValue>
      </OOMMDataSetNode>
    </DataSetNodes>
    <StatisticsNodes>
      <OOMMStatisticsNode>
        <NodeID>66258b14-2afa-4e16-9886-9d7240d29ad8</NodeID>
        <StatisticsName>Queue Length</StatisticsName>
        <Source>StateObject 3.J</Source>
        <Type>TimeDependent</Type>
        <Description>Queue Length</Description>
        <X>522.5</X>
        <Y>96.5</Y>
      </OOMMStatisticsNode>
    </StatisticsNodes>
    <BarCharts />
    <PieCharts />
    <Plots />
    <TimePlots>
      <OOMMTimePlot>
        <Title>Time Plot</Title>
        <Dimension>
          <X>100</X>
          <Y>170</Y>
          <Width>403.101929</Width>
          <Height>177.990479</Height>
        </Dimension>
        <Series>
          <Values>
            <OOMMSeries>
              <Name>Data 1</Name>
              <Value>StateObject 2.ArrivedJobs</Value>
              <Type>Bar</Type>
              <Appearance>
                <MarkerColor>Black</MarkerColor>
                <LineColor>Black</LineColor>
                <MarkerType>Diamond</MarkerType>
                <BackgroundColor />
                <LineWidth>2</LineWidth>
              </Appearance>
            </OOMMSeries>
            <OOMMSeries>
              <Name>Data 2</Name>
              <Value>StateObject 4.ProcessedJobs</Value>
              <Type>Bar</Type>
              <Appearance>
                <MarkerColor>Black</MarkerColor>
                <LineColor>Chocolate</LineColor>
                <MarkerType>Diamond</MarkerType>
                <BackgroundColor />
                <LineWidth>2</LineWidth>
              </Appearance>
            </OOMMSeries>
          </Values>
        </Series>
        <Appearance>
          <BackgroundColor>White</BackgroundColor>
          <BorderColor>Black</BorderColor>
          <BorderWeight>1</BorderWeight>
        </Appearance>
      </OOMMTimePlot>
    </TimePlots>
    <ObjectNodes>
      <OOMMObjectNode>
        <NodeID>589e9827-aa9f-4b91-9807-6164e3fd39e7</NodeID>
        <ModelID>2b8058fc-8362-41ac-aaa7-4a2fa4e86dee</ModelID>
        <Name>StateObject 2</Name>
        <X>100</X>
        <Y>80</Y>
        <BackgroundColor>-1</BackgroundColor>
        <StateVariables>
          <OOMMObjectStateVariable>
            <Name>ArrivedJobs</Name>
            <Value>0</Value>
          </OOMMObjectStateVariable>
        </StateVariables>
        <Type>StateObject</Type>
      </OOMMObjectNode>
      <OOMMObjectNode>
        <NodeID>73fa4ba3-e855-41cc-80f0-520306ec1e7e</NodeID>
        <ModelID>857a3571-fa2e-4ab4-980b-3100529e38ab</ModelID>
        <Name>StateObject 3</Name>
        <X>240</X>
        <Y>80</Y>
        <BackgroundColor>-1</BackgroundColor>
        <StateVariables>
          <OOMMObjectStateVariable>
            <Name>J</Name>
            <Value>0</Value>
          </OOMMObjectStateVariable>
        </StateVariables>
        <Type>StateObject</Type>
      </OOMMObjectNode>
      <OOMMObjectNode>
        <NodeID>ab93f0c8-ef20-4881-ae44-5ff70d924be3</NodeID>
        <ModelID>9f7b3a3f-fc83-4e4e-9ff0-6bfc8e345f4a</ModelID>
        <Name>StateObject 4</Name>
        <X>430</X>
        <Y>80</Y>
        <BackgroundColor>-1</BackgroundColor>
        <StateVariables>
          <OOMMObjectStateVariable>
            <Name>ProcessedJobs</Name>
            <Value>0</Value>
          </OOMMObjectStateVariable>
        </StateVariables>
        <Type>StateObject</Type>
      </OOMMObjectNode>
    </ObjectNodes>
  </ObjectInteractionDiagram>
  <FileName>C:\Users\donghun.kang\Google Drive\My Shared Workspace\SEA Simulator\models\Single Server System-sg.xml</FileName>
</OOMMModel>