<?xml version="1.0" encoding="utf-8"?>
<OOMMModel xmlns:xsi="http://www.w3.org/2001/XMLSchema-instance" xmlns:xsd="http://www.w3.org/2001/XMLSchema">
  <Properties>
    <OOMMModelProperty>
      <Name>ViewScale</Name>
      <Value xsi:type="xsd:float">0.821184754</Value>
    </OOMMModelProperty>
    <OOMMModelProperty>
      <Name>GridVisibility</Name>
      <Value xsi:type="xsd:boolean">true</Value>
    </OOMMModelProperty>
  </Properties>
  <Name>Single Server System with statistics</Name>
  <Description>SG</Description>
  <Creator />
  <EventObjectModels />
  <StateObjectModels>
    <OOSGStateObjectModel>
      <ID>e5b65dfe-77ae-486c-b67b-ca2b9d67788b</ID>
      <Name>Job Generator</Name>
      <Description />
      <Messages>
        <OOSGMessage>
          <Parameters />
          <MName>Arrival</MName>
          <Type>Output</Type>
        </OOSGMessage>
      </Messages>
      <States>
        <OOSGState>
          <Name>Gen</Name>
          <Type>Initial</Type>
          <EntryAction />
          <Delay>
            <Name>5</Name>
            <DeltaName>delta[5]</DeltaName>
          </Delay>
        </OOSGState>
      </States>
      <StateVariables>
        <OOSGStateVariable>
          <Name>ArrivedJobs</Name>
          <Type>Integer</Type>
          <InitialValue xsi:type="xsd:string">0</InitialValue>
        </OOSGStateVariable>
      </StateVariables>
      <Parameters />
      <STT>
        <OOSGStateTransition>
          <CurrentState>
            <Name>Gen</Name>
            <Type>Initial</Type>
            <EntryAction />
            <Delay>
              <Name>5</Name>
              <DeltaName>delta[5]</DeltaName>
            </Delay>
          </CurrentState>
          <EntryAction />
          <InputOrDelay>delta[5]</InputOrDelay>
          <InputAction>(Arrival)!;
ArrivedJobs++;</InputAction>
          <Condition>true</Condition>
          <TransitionAction />
          <NextState>
            <Name>Gen</Name>
            <Type>Initial</Type>
            <EntryAction />
            <Delay>
              <Name>5</Name>
              <DeltaName>delta[5]</DeltaName>
            </Delay>
          </NextState>
        </OOSGStateTransition>
      </STT>
      <Functions />
      <BackgroundColor>-1</BackgroundColor>
      <IsContainIntialState>false</IsContainIntialState>
      <HasFinalState>false</HasFinalState>
    </OOSGStateObjectModel>
    <OOSGStateObjectModel>
      <ID>14faec19-463e-411a-8ff8-d0f5c6037966</ID>
      <Name>Server</Name>
      <Description />
      <Messages>
        <OOSGMessage>
          <Parameters />
          <MName>Request</MName>
          <Type>Output</Type>
        </OOSGMessage>
        <OOSGMessage>
          <Parameters />
          <MName>Send</MName>
          <Type>Input</Type>
        </OOSGMessage>
      </Messages>
      <States>
        <OOSGState>
          <Name>Idle</Name>
          <Type>Initial</Type>
          <EntryAction />
          <Delay>
            <Name />
            <DeltaName>delta[]</DeltaName>
          </Delay>
        </OOSGState>
        <OOSGState>
          <Name>Run</Name>
          <Type>Regular</Type>
          <EntryAction />
          <Delay>
            <Name>10</Name>
            <DeltaName>delta[10]</DeltaName>
          </Delay>
        </OOSGState>
      </States>
      <StateVariables>
        <OOSGStateVariable>
          <Name>ProcessedJobs</Name>
          <Type>Integer</Type>
          <InitialValue xsi:type="xsd:string">0</InitialValue>
        </OOSGStateVariable>
      </StateVariables>
      <Parameters />
      <STT>
        <OOSGStateTransition>
          <CurrentState>
            <Name>Idle</Name>
            <Type>Initial</Type>
            <EntryAction />
            <Delay>
              <Name />
              <DeltaName>delta[]</DeltaName>
            </Delay>
          </CurrentState>
          <EntryAction />
          <InputOrDelay>(Send)?</InputOrDelay>
          <InputAction />
          <Condition>true</Condition>
          <TransitionAction />
          <NextState>
            <Name>Run</Name>
            <Type>Regular</Type>
            <EntryAction />
            <Delay>
              <Name>10</Name>
              <DeltaName>delta[10]</DeltaName>
            </Delay>
          </NextState>
        </OOSGStateTransition>
        <OOSGStateTransition>
          <CurrentState>
            <Name>Run</Name>
            <Type>Regular</Type>
            <EntryAction />
            <Delay>
              <Name>10</Name>
              <DeltaName>delta[10]</DeltaName>
            </Delay>
          </CurrentState>
          <EntryAction />
          <InputOrDelay>delta[10]</InputOrDelay>
          <InputAction>(Request)!</InputAction>
          <Condition>true</Condition>
          <TransitionAction>ProcessedJobs++;</TransitionAction>
          <NextState>
            <Name>Idle</Name>
            <Type>Initial</Type>
            <EntryAction />
            <Delay>
              <Name />
              <DeltaName>delta[]</DeltaName>
            </Delay>
          </NextState>
        </OOSGStateTransition>
      </STT>
      <Functions />
      <BackgroundColor>-1</BackgroundColor>
      <IsContainIntialState>false</IsContainIntialState>
      <HasFinalState>false</HasFinalState>
    </OOSGStateObjectModel>
    <OOSGStateObjectModel>
      <ID>785eca24-17d9-4e31-9f4d-cdf42dca4f64</ID>
      <Name>Buffer</Name>
      <Description />
      <Messages>
        <OOSGMessage>
          <Parameters />
          <MName>Arrival</MName>
          <Type>Input</Type>
        </OOSGMessage>
        <OOSGMessage>
          <Parameters />
          <MName>Request</MName>
          <Type>Input</Type>
        </OOSGMessage>
        <OOSGMessage>
          <Parameters />
          <MName>Send</MName>
          <Type>Output</Type>
        </OOSGMessage>
      </Messages>
      <States>
        <OOSGState>
          <Name>Backlog</Name>
          <Type>Initial</Type>
          <EntryAction />
          <Delay>
            <Name />
            <DeltaName>delta[]</DeltaName>
          </Delay>
        </OOSGState>
        <OOSGState>
          <Name>Empty</Name>
          <Type>Regular</Type>
          <EntryAction />
          <Delay>
            <Name />
            <DeltaName>delta[]</DeltaName>
          </Delay>
        </OOSGState>
        <OOSGState>
          <Name>Stock</Name>
          <Type>Regular</Type>
          <EntryAction />
          <Delay>
            <Name />
            <DeltaName>delta[]</DeltaName>
          </Delay>
        </OOSGState>
      </States>
      <StateVariables>
        <OOSGStateVariable>
          <Name>J</Name>
          <Type>Integer</Type>
          <InitialValue xsi:type="xsd:string">0</InitialValue>
        </OOSGStateVariable>
      </StateVariables>
      <Parameters />
      <STT>
        <OOSGStateTransition>
          <CurrentState>
            <Name>Backlog</Name>
            <Type>Initial</Type>
            <EntryAction />
            <Delay>
              <Name />
              <DeltaName>delta[]</DeltaName>
            </Delay>
          </CurrentState>
          <EntryAction />
          <InputOrDelay>(Arrival)?</InputOrDelay>
          <InputAction>(Send)!</InputAction>
          <Condition>true</Condition>
          <TransitionAction />
          <NextState>
            <Name>Empty</Name>
            <Type>Regular</Type>
            <EntryAction />
            <Delay>
              <Name />
              <DeltaName>delta[]</DeltaName>
            </Delay>
          </NextState>
        </OOSGStateTransition>
        <OOSGStateTransition>
          <CurrentState>
            <Name>Empty</Name>
            <Type>Regular</Type>
            <EntryAction />
            <Delay>
              <Name />
              <DeltaName>delta[]</DeltaName>
            </Delay>
          </CurrentState>
          <EntryAction />
          <InputOrDelay>(Arrival)?</InputOrDelay>
          <InputAction>J++;</InputAction>
          <Condition>true</Condition>
          <TransitionAction />
          <NextState>
            <Name>Stock</Name>
            <Type>Regular</Type>
            <EntryAction />
            <Delay>
              <Name />
              <DeltaName>delta[]</DeltaName>
            </Delay>
          </NextState>
        </OOSGStateTransition>
        <OOSGStateTransition>
          <CurrentState>
            <Name>Empty</Name>
            <Type>Regular</Type>
            <EntryAction />
            <Delay>
              <Name />
              <DeltaName>delta[]</DeltaName>
            </Delay>
          </CurrentState>
          <EntryAction />
          <InputOrDelay>(Request)?</InputOrDelay>
          <InputAction />
          <Condition>true</Condition>
          <TransitionAction />
          <NextState>
            <Name>Backlog</Name>
            <Type>Initial</Type>
            <EntryAction />
            <Delay>
              <Name />
              <DeltaName>delta[]</DeltaName>
            </Delay>
          </NextState>
        </OOSGStateTransition>
        <OOSGStateTransition>
          <CurrentState>
            <Name>Stock</Name>
            <Type>Regular</Type>
            <EntryAction />
            <Delay>
              <Name />
              <DeltaName>delta[]</DeltaName>
            </Delay>
          </CurrentState>
          <EntryAction />
          <InputOrDelay>(Arrival)?</InputOrDelay>
          <InputAction>J++;</InputAction>
          <Condition>true</Condition>
          <TransitionAction />
          <NextState>
            <Name>Stock</Name>
            <Type>Regular</Type>
            <EntryAction />
            <Delay>
              <Name />
              <DeltaName>delta[]</DeltaName>
            </Delay>
          </NextState>
        </OOSGStateTransition>
        <OOSGStateTransition>
          <CurrentState>
            <Name>Stock</Name>
            <Type>Regular</Type>
            <EntryAction />
            <Delay>
              <Name />
              <DeltaName>delta[]</DeltaName>
            </Delay>
          </CurrentState>
          <EntryAction />
          <InputOrDelay>(Request)?</InputOrDelay>
          <InputAction>J--; (Send)!</InputAction>
          <Condition>J==0</Condition>
          <TransitionAction />
          <NextState>
            <Name>Empty</Name>
            <Type>Regular</Type>
            <EntryAction />
            <Delay>
              <Name />
              <DeltaName>delta[]</DeltaName>
            </Delay>
          </NextState>
        </OOSGStateTransition>
        <OOSGStateTransition>
          <CurrentState>
            <Name>Stock</Name>
            <Type>Regular</Type>
            <EntryAction />
            <Delay>
              <Name />
              <DeltaName>delta[]</DeltaName>
            </Delay>
          </CurrentState>
          <EntryAction />
          <InputOrDelay>(Request)?</InputOrDelay>
          <InputAction>J--; (Send)!</InputAction>
          <Condition>J&gt;0</Condition>
          <TransitionAction />
          <NextState>
            <Name>Stock</Name>
            <Type>Regular</Type>
            <EntryAction />
            <Delay>
              <Name />
              <DeltaName>delta[]</DeltaName>
            </Delay>
          </NextState>
        </OOSGStateTransition>
      </STT>
      <Functions />
      <BackgroundColor>-1</BackgroundColor>
      <IsContainIntialState>false</IsContainIntialState>
      <HasFinalState>false</HasFinalState>
    </OOSGStateObjectModel>
  </StateObjectModels>
  <ObjectNodes />
  <DataSourceNodes />
  <EventObjectSchedulingEdges />
  <DataAssociations />
  <Texts />
  <Labels />
  <DataSetNodes />
  <DataSources />
  <Entities />
  <StatisticsNodes />
  <BarCharts />
  <PieCharts />
  <Plots />
  <TimePlots />
  <Experiments>
    <OOMMExperiment>
      <ID>257675e1-7c92-45d9-872c-71d9124a8aaf</ID>
      <Name>Simulation 1</Name>
      <Type>SIMULATION</Type>
      <EOSTime>3600</EOSTime>
      <EOSTimeUnit>Seconds</EOSTimeUnit>
      <UseRandSeed>false</UseRandSeed>
      <FastForward>true</FastForward>
      <RandSeed>0</RandSeed>
    </OOMMExperiment>
  </Experiments>
  <ObjectInteractionDiagram>
    <DataSourceNodes />
    <ObjectSchedulingEdges>
      <OOMMObjectSchedulingEdge>
        <ID>-2147483646</ID>
        <MirrorTriggerName>Send</MirrorTriggerName>
        <MirrorObject>62807de8-0be0-4377-b2e6-bc4dbc1114ef</MirrorObject>
        <MirrorPort>13</MirrorPort>
        <BoundaryTriggerName>Send</BoundaryTriggerName>
        <BoundaryObject>8bc70d1e-4266-4655-8c5c-5292e56bccfb</BoundaryObject>
        <BoundaryPort>12</BoundaryPort>
        <Type>SchedulingLink</Type>
        <StrokeStyle>0</StrokeStyle>
      </OOMMObjectSchedulingEdge>
      <OOMMObjectSchedulingEdge>
        <ID>-2147483645</ID>
        <MirrorTriggerName>Request</MirrorTriggerName>
        <MirrorObject>8bc70d1e-4266-4655-8c5c-5292e56bccfb</MirrorObject>
        <MirrorPort>20</MirrorPort>
        <BoundaryTriggerName>Request</BoundaryTriggerName>
        <BoundaryObject>62807de8-0be0-4377-b2e6-bc4dbc1114ef</BoundaryObject>
        <BoundaryPort>21</BoundaryPort>
        <Type>SchedulingLink</Type>
        <StrokeStyle>0</StrokeStyle>
      </OOMMObjectSchedulingEdge>
      <OOMMObjectSchedulingEdge>
        <ID>-2147483644</ID>
        <MirrorTriggerName>Arrival</MirrorTriggerName>
        <MirrorObject>8a7bbacc-b4c4-415b-b7f1-151776b57895</MirrorObject>
        <MirrorPort>17</MirrorPort>
        <BoundaryTriggerName>Arrival</BoundaryTriggerName>
        <BoundaryObject>62807de8-0be0-4377-b2e6-bc4dbc1114ef</BoundaryObject>
        <BoundaryPort>16</BoundaryPort>
        <Type>SchedulingLink</Type>
        <StrokeStyle>0</StrokeStyle>
      </OOMMObjectSchedulingEdge>
    </ObjectSchedulingEdges>
    <DataAssociations />
    <StateVariableUpdateEdges />
    <Texts />
    <Labels />
    <DataSetNodes>
      <OOMMDataSetNode>
        <DataSetName>Data Set 1</DataSetName>
        <NodeID>a8eb83fa-0bfd-4bf5-a164-30b4b80ae401</NodeID>
        <X>522.5</X>
        <Y>66.5</Y>
        <XAxisValue>StateObject 2.ArrivedJobs</XAxisValue>
        <YAxisValue>StateObject 4.ProcessedJobs</YAxisValue>
      </OOMMDataSetNode>
    </DataSetNodes>
    <StatisticsNodes>
      <OOMMStatisticsNode>
        <NodeID>66258b14-2afa-4e16-9886-9d7240d29ad8</NodeID>
        <StatisticsName>Queue Length</StatisticsName>
        <Source>StateObject 3.J</Source>
        <Type>TimeDependent</Type>
        <Description>Queue Length</Description>
        <X>522.5</X>
        <Y>96.5</Y>
      </OOMMStatisticsNode>
    </StatisticsNodes>
    <BarCharts />
    <PieCharts>
      <OOMMPieChart>
        <Title>Pie Chart - StateObject 4</Title>
        <Dimension>
          <X>730</X>
          <Y>170</Y>
          <Width>198.890625</Width>
          <Height>131.1239</Height>
        </Dimension>
        <Series>
          <Values>
            <OOMMSeries>
              <Name>Idle</Name>
              <Value>StateObject 4.States["Idle"].Time</Value>
              <Type>Bar</Type>
              <Appearance>
                <MarkerColor>Black</MarkerColor>
                <LineColor>DarkGray</LineColor>
                <MarkerType>None</MarkerType>
                <BackgroundColor />
                <LineWidth>2</LineWidth>
              </Appearance>
            </OOMMSeries>
            <OOMMSeries>
              <Name>Run</Name>
              <Value>StateObject 4.States["Run"].Time</Value>
              <Type>Bar</Type>
              <Appearance>
                <MarkerColor>Black</MarkerColor>
                <LineColor>Red</LineColor>
                <MarkerType>None</MarkerType>
                <BackgroundColor />
                <LineWidth>2</LineWidth>
              </Appearance>
            </OOMMSeries>
          </Values>
        </Series>
        <Appearance>
          <BackgroundColor>White</BackgroundColor>
          <BorderColor>Black</BorderColor>
          <BorderWeight>1</BorderWeight>
        </Appearance>
      </OOMMPieChart>
      <OOMMPieChart>
        <Title>Pie Chart - Buffer</Title>
        <Dimension>
          <X>530</X>
          <Y>170</Y>
          <Width>173.974854</Width>
          <Height>130.845642</Height>
        </Dimension>
        <Series>
          <Values>
            <OOMMSeries>
              <Name>Empty</Name>
              <Value>StateObject 3.States["Empty"].Time</Value>
              <Type>Bar</Type>
              <Appearance>
                <MarkerColor>Black</MarkerColor>
                <LineColor>Tomato</LineColor>
                <MarkerType>None</MarkerType>
                <BackgroundColor />
                <LineWidth>2</LineWidth>
              </Appearance>
            </OOMMSeries>
            <OOMMSeries>
              <Name>Backlog</Name>
              <Value>StateObject 3.States["Backlog"].Time</Value>
              <Type>Bar</Type>
              <Appearance>
                <MarkerColor>Black</MarkerColor>
                <LineColor>Silver</LineColor>
                <MarkerType>None</MarkerType>
                <BackgroundColor />
                <LineWidth>2</LineWidth>
              </Appearance>
            </OOMMSeries>
            <OOMMSeries>
              <Name>Stock</Name>
              <Value>StateObject 3.States["Stock"].Time</Value>
              <Type>Bar</Type>
              <Appearance>
                <MarkerColor>Black</MarkerColor>
                <LineColor>SkyBlue</LineColor>
                <MarkerType>None</MarkerType>
                <BackgroundColor />
                <LineWidth>2</LineWidth>
              </Appearance>
            </OOMMSeries>
          </Values>
        </Series>
        <Appearance>
          <BackgroundColor>White</BackgroundColor>
          <BorderColor>Black</BorderColor>
          <BorderWeight>1</BorderWeight>
        </Appearance>
      </OOMMPieChart>
    </PieCharts>
    <Plots />
    <TimePlots>
      <OOMMTimePlot>
        <Title>Time Plot</Title>
        <Dimension>
          <X>100</X>
          <Y>170</Y>
          <Width>403.101929</Width>
          <Height>177.990479</Height>
        </Dimension>
        <Series>
          <Values>
            <OOMMSeries>
              <Name>Data 1</Name>
              <Value>StateObject 2.ArrivedJobs</Value>
              <Type>Bar</Type>
              <Appearance>
                <MarkerColor>Black</MarkerColor>
                <LineColor>Black</LineColor>
                <MarkerType>Diamond</MarkerType>
                <BackgroundColor />
                <LineWidth>2</LineWidth>
              </Appearance>
            </OOMMSeries>
            <OOMMSeries>
              <Name>Data 2</Name>
              <Value>StateObject 4.ProcessedJobs</Value>
              <Type>Bar</Type>
              <Appearance>
                <MarkerColor>Black</MarkerColor>
                <LineColor>Chocolate</LineColor>
                <MarkerType>Diamond</MarkerType>
                <BackgroundColor />
                <LineWidth>2</LineWidth>
              </Appearance>
            </OOMMSeries>
          </Values>
        </Series>
        <Appearance>
          <BackgroundColor>White</BackgroundColor>
          <BorderColor>Black</BorderColor>
          <BorderWeight>7</BorderWeight>
        </Appearance>
      </OOMMTimePlot>
    </TimePlots>
    <ObjectNodes>
      <OOMMObjectNode>
        <NodeID>62807de8-0be0-4377-b2e6-bc4dbc1114ef</NodeID>
        <ModelID>785eca24-17d9-4e31-9f4d-cdf42dca4f64</ModelID>
        <Name>StateObject 3</Name>
        <X>169.154343</X>
        <Y>61.24555</Y>
        <BackgroundColor>-1</BackgroundColor>
        <StateVariables>
          <OOMMObjectStateVariable>
            <Name>J</Name>
            <Value>0</Value>
          </OOMMObjectStateVariable>
        </StateVariables>
        <Type>StateObject</Type>
      </OOMMObjectNode>
      <OOMMObjectNode>
        <NodeID>8bc70d1e-4266-4655-8c5c-5292e56bccfb</NodeID>
        <ModelID>14faec19-463e-411a-8ff8-d0f5c6037966</ModelID>
        <Name>StateObject 4</Name>
        <X>314.977051</X>
        <Y>61.97465</Y>
        <BackgroundColor>-1</BackgroundColor>
        <StateVariables>
          <OOMMObjectStateVariable>
            <Name>ProcessedJobs</Name>
            <Value>0</Value>
          </OOMMObjectStateVariable>
        </StateVariables>
        <Type>StateObject</Type>
      </OOMMObjectNode>
      <OOMMObjectNode>
        <NodeID>8a7bbacc-b4c4-415b-b7f1-151776b57895</NodeID>
        <ModelID>e5b65dfe-77ae-486c-b67b-ca2b9d67788b</ModelID>
        <Name>StateObject 2</Name>
        <X>40</X>
        <Y>60</Y>
        <BackgroundColor>-1</BackgroundColor>
        <StateVariables>
          <OOMMObjectStateVariable>
            <Name>ArrivedJobs</Name>
            <Value>0</Value>
          </OOMMObjectStateVariable>
        </StateVariables>
        <Type>StateObject</Type>
      </OOMMObjectNode>
    </ObjectNodes>
  </ObjectInteractionDiagram>
  <FileName>C:\Users\donghun.kang\Google Drive\My Shared Workspace\SEA Simulator\models\Single Server System-sg-stats.xml</FileName>
</OOMMModel>