<?xml version="1.0" encoding="utf-8"?>
<OOMMModel xmlns:xsi="http://www.w3.org/2001/XMLSchema-instance" xmlns:xsd="http://www.w3.org/2001/XMLSchema">
  <ID>50d2680d-41ec-423a-b5d5-6221ba1cee16</ID>
  <Properties>
    <OOMMModelProperty>
      <Name>ViewScale</Name>
      <Value xsi:type="xsd:float">1.18575215</Value>
    </OOMMModelProperty>
    <OOMMModelProperty>
      <Name>GridVisibility</Name>
      <Value xsi:type="xsd:boolean">true</Value>
    </OOMMModelProperty>
  </Properties>
  <Name>Conveyor-driven Serial Line</Name>
  <Description>SG</Description>
  <Creator />
  <EventObjectModels />
  <StateObjectModels>
    <OOSGStateObjectModel>
      <ID>e5b65dfe-77ae-486c-b67b-ca2b9d67788b</ID>
      <Name>Job Generator</Name>
      <Description />
      <Messages>
        <OOSGMessage>
          <Parameters />
          <MName>Arrival</MName>
          <Type>Output</Type>
          <X>662.5</X>
          <Y>66.5</Y>
        </OOSGMessage>
      </Messages>
      <States>
        <OOSGState>
          <Name>Gen</Name>
          <Type>Initial</Type>
          <EntryAction>(Arrival)!;
ArrivedJobs++;</EntryAction>
          <Delay>
            <Name>exp(10)</Name>
            <DeltaName>delta[exp(10)]</DeltaName>
          </Delay>
          <X>416.314423</X>
          <Y>63.6067734</Y>
        </OOSGState>
      </States>
      <StateVariables>
        <OOSGStateVariable>
          <Name>ArrivedJobs</Name>
          <Type>int</Type>
          <IsCustomType>false</IsCustomType>
          <InitialValue xsi:type="xsd:string">0</InitialValue>
        </OOSGStateVariable>
      </StateVariables>
      <Parameters />
      <STT>
        <OOSGStateTransition>
          <FromPort>0</FromPort>
          <ToPort>0</ToPort>
          <LinkStyle>2</LinkStyle>
          <AdjustingStyle>0</AdjustingStyle>
          <Curviness>20</Curviness>
          <Orthogonal>false</Orthogonal>
          <Points>
            <OOSGPoint>
              <X>451.2116</X>
              <Y>96.89323</Y>
            </OOSGPoint>
            <OOSGPoint>
              <X>473.7116</X>
              <Y>135.864365</Y>
            </OOSGPoint>
            <OOSGPoint>
              <X>409.205017</X>
              <Y>135.864365</Y>
            </OOSGPoint>
            <OOSGPoint>
              <X>431.705017</X>
              <Y>96.89323</Y>
            </OOSGPoint>
          </Points>
          <CurrentState>
            <Name>Gen</Name>
            <Type>Initial</Type>
            <EntryAction>(Arrival)!;
ArrivedJobs++;</EntryAction>
            <Delay>
              <Name>exp(10)</Name>
              <DeltaName>delta[exp(10)]</DeltaName>
            </Delay>
            <X>416.314423</X>
            <Y>63.6067734</Y>
          </CurrentState>
          <EntryAction>(Arrival)!;
ArrivedJobs++;</EntryAction>
          <InputOrDelay>delta[exp(10)]</InputOrDelay>
          <InputAction />
          <Condition>true</Condition>
          <TransitionAction />
          <NextState>
            <Name>Gen</Name>
            <Type>Initial</Type>
            <EntryAction>(Arrival)!;
ArrivedJobs++;</EntryAction>
            <Delay>
              <Name>exp(10)</Name>
              <DeltaName>delta[exp(10)]</DeltaName>
            </Delay>
            <X>416.314423</X>
            <Y>63.6067734</Y>
          </NextState>
        </OOSGStateTransition>
      </STT>
      <Functions />
      <BackgroundColor>-1</BackgroundColor>
      <IsContainIntialState>false</IsContainIntialState>
      <HasFinalState>false</HasFinalState>
      <Schedules />
      <EntityQueues />
    </OOSGStateObjectModel>
    <OOSGStateObjectModel>
      <ID>14faec19-463e-411a-8ff8-d0f5c6037966</ID>
      <Name>Non-Blocking Machine</Name>
      <Description />
      <Messages>
        <OOSGMessage>
          <Parameters />
          <MName>Request</MName>
          <Type>Output</Type>
          <X>492.5</X>
          <Y>66.5</Y>
        </OOSGMessage>
        <OOSGMessage>
          <Parameters />
          <MName>Start</MName>
          <Type>Input</Type>
          <X>172.5</X>
          <Y>66.5</Y>
        </OOSGMessage>
        <OOSGMessage>
          <Parameters />
          <MName>Unload</MName>
          <Type>Output</Type>
          <X>492.5</X>
          <Y>116.5</Y>
        </OOSGMessage>
      </Messages>
      <States>
        <OOSGState>
          <Name>Idle</Name>
          <Type>Initial</Type>
          <EntryAction>(Request)!; </EntryAction>
          <Delay>
            <Name />
            <DeltaName>delta[]</DeltaName>
          </Delay>
          <X>269.750519</X>
          <Y>63.6067734</Y>
        </OOSGState>
        <OOSGState>
          <Name>Run</Name>
          <Type>Regular</Type>
          <EntryAction />
          <Delay>
            <Name>ST</Name>
            <DeltaName>delta[ST]</DeltaName>
          </Delay>
          <X>395.125</X>
          <Y>63.6067734</Y>
        </OOSGState>
      </States>
      <StateVariables>
        <OOSGStateVariable>
          <Name>ProcessedJobs</Name>
          <Type>int</Type>
          <IsCustomType>false</IsCustomType>
          <InitialValue xsi:type="xsd:string">0</InitialValue>
        </OOSGStateVariable>
        <OOSGStateVariable>
          <Name>ST</Name>
          <Type>RandomVariate</Type>
          <IsCustomType>false</IsCustomType>
          <InitialValue xsi:type="xsd:string">expo(10)</InitialValue>
        </OOSGStateVariable>
      </StateVariables>
      <Parameters />
      <STT>
        <OOSGStateTransition>
          <FromPort>0</FromPort>
          <ToPort>0</ToPort>
          <LinkStyle>2</LinkStyle>
          <AdjustingStyle>0</AdjustingStyle>
          <Curviness>20</Curviness>
          <Orthogonal>false</Orthogonal>
          <Points>
            <OOSGPoint>
              <X>317.7492</X>
              <Y>70.27588</Y>
            </OOSGPoint>
            <OOSGPoint>
              <X>343.374481</X>
              <Y>60</Y>
            </OOSGPoint>
            <OOSGPoint>
              <X>368.999725</X>
              <Y>60</Y>
            </OOSGPoint>
            <OOSGPoint>
              <X>394.625</X>
              <Y>70.04907</Y>
            </OOSGPoint>
          </Points>
          <CurrentState>
            <Name>Idle</Name>
            <Type>Initial</Type>
            <EntryAction>(Request)!; </EntryAction>
            <Delay>
              <Name />
              <DeltaName>delta[]</DeltaName>
            </Delay>
            <X>269.750519</X>
            <Y>63.6067734</Y>
          </CurrentState>
          <EntryAction>(Request)!; </EntryAction>
          <InputOrDelay>(Start)?</InputOrDelay>
          <InputAction />
          <Condition>true</Condition>
          <TransitionAction />
          <NextState>
            <Name>Run</Name>
            <Type>Regular</Type>
            <EntryAction />
            <Delay>
              <Name>ST</Name>
              <DeltaName>delta[ST]</DeltaName>
            </Delay>
            <X>395.125</X>
            <Y>63.6067734</Y>
          </NextState>
        </OOSGStateTransition>
        <OOSGStateTransition>
          <FromPort>0</FromPort>
          <ToPort>0</ToPort>
          <LinkStyle>2</LinkStyle>
          <AdjustingStyle>0</AdjustingStyle>
          <Curviness>20</Curviness>
          <Orthogonal>false</Orthogonal>
          <Points>
            <OOSGPoint>
              <X>394.625</X>
              <Y>89.95093</Y>
            </OOSGPoint>
            <OOSGPoint>
              <X>368.999725</X>
              <Y>100</Y>
            </OOSGPoint>
            <OOSGPoint>
              <X>343.374481</X>
              <Y>100</Y>
            </OOSGPoint>
            <OOSGPoint>
              <X>317.7492</X>
              <Y>89.72412</Y>
            </OOSGPoint>
          </Points>
          <CurrentState>
            <Name>Run</Name>
            <Type>Regular</Type>
            <EntryAction />
            <Delay>
              <Name>ST</Name>
              <DeltaName>delta[ST]</DeltaName>
            </Delay>
            <X>395.125</X>
            <Y>63.6067734</Y>
          </CurrentState>
          <EntryAction />
          <InputOrDelay>delta[ST]</InputOrDelay>
          <InputAction />
          <Condition>true</Condition>
          <TransitionAction>(Unload)!; ProcessedJobs++;</TransitionAction>
          <NextState>
            <Name>Idle</Name>
            <Type>Initial</Type>
            <EntryAction>(Request)!; </EntryAction>
            <Delay>
              <Name />
              <DeltaName>delta[]</DeltaName>
            </Delay>
            <X>269.750519</X>
            <Y>63.6067734</Y>
          </NextState>
        </OOSGStateTransition>
      </STT>
      <Functions />
      <BackgroundColor>-1</BackgroundColor>
      <IsContainIntialState>false</IsContainIntialState>
      <HasFinalState>false</HasFinalState>
      <Schedules />
      <EntityQueues />
    </OOSGStateObjectModel>
    <OOSGStateObjectModel>
      <ID>785eca24-17d9-4e31-9f4d-cdf42dca4f64</ID>
      <Name>Buffer</Name>
      <Description />
      <Messages>
        <OOSGMessage>
          <Parameters />
          <MName>Arrival</MName>
          <Type>Input</Type>
          <X>272.5</X>
          <Y>56.5</Y>
        </OOSGMessage>
        <OOSGMessage>
          <Parameters />
          <MName>Request</MName>
          <Type>Input</Type>
          <X>272.5</X>
          <Y>26.5</Y>
        </OOSGMessage>
        <OOSGMessage>
          <Parameters />
          <MName>Send</MName>
          <Type>Output</Type>
          <X>152.5</X>
          <Y>26.5</Y>
        </OOSGMessage>
      </Messages>
      <States>
        <OOSGState>
          <Name>Backlog</Name>
          <Type>Regular</Type>
          <EntryAction />
          <Delay>
            <Name />
            <DeltaName>delta[]</DeltaName>
          </Delay>
          <X>77.5794449</X>
          <Y>153.606766</Y>
        </OOSGState>
        <OOSGState>
          <Name>Empty</Name>
          <Type>Initial</Type>
          <EntryAction />
          <Delay>
            <Name />
            <DeltaName>delta[]</DeltaName>
          </Delay>
          <X>285.9603</X>
          <Y>183.606766</Y>
        </OOSGState>
        <OOSGState>
          <Name>Stock</Name>
          <Type>Regular</Type>
          <EntryAction />
          <Delay>
            <Name />
            <DeltaName>delta[]</DeltaName>
          </Delay>
          <X>479.473969</X>
          <Y>123.606773</Y>
        </OOSGState>
      </States>
      <StateVariables>
        <OOSGStateVariable>
          <Name>J</Name>
          <Type>int</Type>
          <IsCustomType>false</IsCustomType>
          <InitialValue xsi:type="xsd:string">0</InitialValue>
        </OOSGStateVariable>
      </StateVariables>
      <Parameters />
      <STT>
        <OOSGStateTransition>
          <FromPort>0</FromPort>
          <ToPort>0</ToPort>
          <LinkStyle>2</LinkStyle>
          <AdjustingStyle>0</AdjustingStyle>
          <Curviness>20</Curviness>
          <Orthogonal>false</Orthogonal>
          <Points>
            <OOSGPoint>
              <X>347.478363</X>
              <Y>183.106781</Y>
            </OOSGPoint>
            <OOSGPoint>
              <X>390.1471</X>
              <Y>156.8748</Y>
            </OOSGPoint>
            <OOSGPoint>
              <X>431.549225</X>
              <Y>143.800446</Y>
            </OOSGPoint>
            <OOSGPoint>
              <X>478.973969</X>
              <Y>141.503021</Y>
            </OOSGPoint>
          </Points>
          <CurrentState>
            <Name>Empty</Name>
            <Type>Initial</Type>
            <EntryAction />
            <Delay>
              <Name />
              <DeltaName>delta[]</DeltaName>
            </Delay>
            <X>285.9603</X>
            <Y>183.606766</Y>
          </CurrentState>
          <EntryAction />
          <InputOrDelay>(Arrival)?</InputOrDelay>
          <InputAction>J++;</InputAction>
          <Condition>true</Condition>
          <TransitionAction />
          <NextState>
            <Name>Stock</Name>
            <Type>Regular</Type>
            <EntryAction />
            <Delay>
              <Name />
              <DeltaName>delta[]</DeltaName>
            </Delay>
            <X>479.473969</X>
            <Y>123.606773</Y>
          </NextState>
        </OOSGStateTransition>
        <OOSGStateTransition>
          <FromPort>0</FromPort>
          <ToPort>0</ToPort>
          <LinkStyle>2</LinkStyle>
          <AdjustingStyle>0</AdjustingStyle>
          <Curviness>20</Curviness>
          <Orthogonal>false</Orthogonal>
          <Points>
            <OOSGPoint>
              <X>285.4603</X>
              <Y>203.605087</Y>
            </OOSGPoint>
            <OOSGPoint>
              <X>239.892883</X>
              <Y>208.3612</Y>
            </OOSGPoint>
            <OOSGPoint>
              <X>197.253784</X>
              <Y>202.050186</Y>
            </OOSGPoint>
            <OOSGPoint>
              <X>157.542969</X>
              <Y>186.129517</Y>
            </OOSGPoint>
          </Points>
          <CurrentState>
            <Name>Empty</Name>
            <Type>Initial</Type>
            <EntryAction />
            <Delay>
              <Name />
              <DeltaName>delta[]</DeltaName>
            </Delay>
            <X>285.9603</X>
            <Y>183.606766</Y>
          </CurrentState>
          <EntryAction />
          <InputOrDelay>(Request)?</InputOrDelay>
          <InputAction />
          <Condition>true</Condition>
          <TransitionAction />
          <NextState>
            <Name>Backlog</Name>
            <Type>Regular</Type>
            <EntryAction />
            <Delay>
              <Name />
              <DeltaName>delta[]</DeltaName>
            </Delay>
            <X>77.5794449</X>
            <Y>153.606766</Y>
          </NextState>
        </OOSGStateTransition>
        <OOSGStateTransition>
          <FromPort>0</FromPort>
          <ToPort>0</ToPort>
          <LinkStyle>2</LinkStyle>
          <AdjustingStyle>0</AdjustingStyle>
          <Curviness>20</Curviness>
          <Orthogonal>false</Orthogonal>
          <Points>
            <OOSGPoint>
              <X>157.542969</X>
              <Y>166.474426</Y>
            </OOSGPoint>
            <OOSGPoint>
              <X>203.110382</X>
              <Y>162.481277</Y>
            </OOSGPoint>
            <OOSGPoint>
              <X>245.749481</X>
              <Y>168.7923</Y>
            </OOSGPoint>
            <OOSGPoint>
              <X>285.4603</X>
              <Y>185.482864</Y>
            </OOSGPoint>
          </Points>
          <CurrentState>
            <Name>Backlog</Name>
            <Type>Regular</Type>
            <EntryAction />
            <Delay>
              <Name />
              <DeltaName>delta[]</DeltaName>
            </Delay>
            <X>77.5794449</X>
            <Y>153.606766</Y>
          </CurrentState>
          <EntryAction />
          <InputOrDelay>(Arrival)?</InputOrDelay>
          <InputAction>(Send)!</InputAction>
          <Condition>true</Condition>
          <TransitionAction />
          <NextState>
            <Name>Empty</Name>
            <Type>Initial</Type>
            <EntryAction />
            <Delay>
              <Name />
              <DeltaName>delta[]</DeltaName>
            </Delay>
            <X>285.9603</X>
            <Y>183.606766</Y>
          </NextState>
        </OOSGStateTransition>
        <OOSGStateTransition>
          <FromPort>0</FromPort>
          <ToPort>0</ToPort>
          <LinkStyle>2</LinkStyle>
          <AdjustingStyle>0</AdjustingStyle>
          <Curviness>20</Curviness>
          <Orthogonal>false</Orthogonal>
          <Points>
            <OOSGPoint>
              <X>519.7533</X>
              <Y>156.893219</Y>
            </OOSGPoint>
            <OOSGPoint>
              <X>542.2533</X>
              <Y>195.864365</Y>
            </OOSGPoint>
            <OOSGPoint>
              <X>477.7467</X>
              <Y>195.864365</Y>
            </OOSGPoint>
            <OOSGPoint>
              <X>500.2467</X>
              <Y>156.893219</Y>
            </OOSGPoint>
          </Points>
          <CurrentState>
            <Name>Stock</Name>
            <Type>Regular</Type>
            <EntryAction />
            <Delay>
              <Name />
              <DeltaName>delta[]</DeltaName>
            </Delay>
            <X>479.473969</X>
            <Y>123.606773</Y>
          </CurrentState>
          <EntryAction />
          <InputOrDelay>(Arrival)?</InputOrDelay>
          <InputAction>J++;</InputAction>
          <Condition>true</Condition>
          <TransitionAction />
          <NextState>
            <Name>Stock</Name>
            <Type>Regular</Type>
            <EntryAction />
            <Delay>
              <Name />
              <DeltaName>delta[]</DeltaName>
            </Delay>
            <X>479.473969</X>
            <Y>123.606773</Y>
          </NextState>
        </OOSGStateTransition>
        <OOSGStateTransition>
          <FromPort>0</FromPort>
          <ToPort>0</ToPort>
          <LinkStyle>2</LinkStyle>
          <AdjustingStyle>0</AdjustingStyle>
          <Curviness>20</Curviness>
          <Orthogonal>false</Orthogonal>
          <Points>
            <OOSGPoint>
              <X>483.239227</X>
              <Y>156.893219</Y>
            </OOSGPoint>
            <OOSGPoint>
              <X>443.5185</X>
              <Y>181.967651</Y>
            </OOSGPoint>
            <OOSGPoint>
              <X>402.040436</X>
              <Y>195.065979</Y>
            </OOSGPoint>
            <OOSGPoint>
              <X>354.539734</X>
              <Y>197.922729</Y>
            </OOSGPoint>
          </Points>
          <CurrentState>
            <Name>Stock</Name>
            <Type>Regular</Type>
            <EntryAction />
            <Delay>
              <Name />
              <DeltaName>delta[]</DeltaName>
            </Delay>
            <X>479.473969</X>
            <Y>123.606773</Y>
          </CurrentState>
          <EntryAction />
          <InputOrDelay>(Request)?</InputOrDelay>
          <InputAction>J--; (Send)!</InputAction>
          <Condition>J==0</Condition>
          <TransitionAction />
          <NextState>
            <Name>Empty</Name>
            <Type>Initial</Type>
            <EntryAction />
            <Delay>
              <Name />
              <DeltaName>delta[]</DeltaName>
            </Delay>
            <X>285.9603</X>
            <Y>183.606766</Y>
          </NextState>
        </OOSGStateTransition>
        <OOSGStateTransition>
          <FromPort>0</FromPort>
          <ToPort>0</ToPort>
          <LinkStyle>2</LinkStyle>
          <AdjustingStyle>0</AdjustingStyle>
          <Curviness>20</Curviness>
          <Orthogonal>false</Orthogonal>
          <Points>
            <OOSGPoint>
              <X>519.7533</X>
              <Y>156.893219</Y>
            </OOSGPoint>
            <OOSGPoint>
              <X>542.2533</X>
              <Y>195.864365</Y>
            </OOSGPoint>
            <OOSGPoint>
              <X>477.7467</X>
              <Y>195.864365</Y>
            </OOSGPoint>
            <OOSGPoint>
              <X>500.2467</X>
              <Y>156.893219</Y>
            </OOSGPoint>
          </Points>
          <CurrentState>
            <Name>Stock</Name>
            <Type>Regular</Type>
            <EntryAction />
            <Delay>
              <Name />
              <DeltaName>delta[]</DeltaName>
            </Delay>
            <X>479.473969</X>
            <Y>123.606773</Y>
          </CurrentState>
          <EntryAction />
          <InputOrDelay>(Request)?</InputOrDelay>
          <InputAction>J--; (Send)!</InputAction>
          <Condition>J&gt;0</Condition>
          <TransitionAction />
          <NextState>
            <Name>Stock</Name>
            <Type>Regular</Type>
            <EntryAction />
            <Delay>
              <Name />
              <DeltaName>delta[]</DeltaName>
            </Delay>
            <X>479.473969</X>
            <Y>123.606773</Y>
          </NextState>
        </OOSGStateTransition>
      </STT>
      <Functions />
      <BackgroundColor>-1</BackgroundColor>
      <IsContainIntialState>false</IsContainIntialState>
      <HasFinalState>false</HasFinalState>
      <Schedules />
      <EntityQueues />
    </OOSGStateObjectModel>
    <OOSGStateObjectModel>
      <ID>b8ff09f6-5cde-4d53-9018-f2310c9f3676</ID>
      <Name>Blocking Machine</Name>
      <Description />
      <Messages>
        <OOSGMessage>
          <Parameters />
          <MName>Start</MName>
          <Type>Input</Type>
          <X>65</X>
          <Y>56</Y>
        </OOSGMessage>
        <OOSGMessage>
          <Parameters />
          <MName>Grant</MName>
          <Type>Input</Type>
          <X>66</X>
          <Y>111</Y>
        </OOSGMessage>
        <OOSGMessage>
          <Parameters />
          <MName>Finish</MName>
          <Type>Output</Type>
          <X>575</X>
          <Y>39</Y>
        </OOSGMessage>
        <OOSGMessage>
          <Parameters />
          <MName>Request</MName>
          <Type>Output</Type>
          <X>580</X>
          <Y>94</Y>
        </OOSGMessage>
        <OOSGMessage>
          <Parameters />
          <MName>Unload</MName>
          <Type>Output</Type>
          <X>581</X>
          <Y>160</Y>
        </OOSGMessage>
      </Messages>
      <States>
        <OOSGState>
          <Name>Run</Name>
          <Type>Regular</Type>
          <EntryAction />
          <Delay>
            <Name>ts</Name>
            <DeltaName>delta[ts]</DeltaName>
          </Delay>
          <X>336.382751</X>
          <Y>33.6067734</Y>
        </OOSGState>
        <OOSGState>
          <Name>Block</Name>
          <Type>Regular</Type>
          <EntryAction />
          <Delay>
            <Name />
            <DeltaName>delta[]</DeltaName>
          </Delay>
          <X>512.1719</X>
          <Y>108</Y>
        </OOSGState>
        <OOSGState>
          <Name>Idle</Name>
          <Type>Regular</Type>
          <EntryAction>(Request)!;</EntryAction>
          <Delay>
            <Name />
            <DeltaName>delta[]</DeltaName>
          </Delay>
          <X>146.542328</X>
          <Y>103.606781</Y>
        </OOSGState>
        <OOSGState>
          <Name>Start</Name>
          <Type>Initial</Type>
          <EntryAction />
          <Delay>
            <Name>0</Name>
            <DeltaName>delta[0]</DeltaName>
          </Delay>
          <X>113.621094</X>
          <Y>170.999985</Y>
        </OOSGState>
      </States>
      <StateVariables>
        <OOSGStateVariable>
          <Name>ts</Name>
          <Type>double</Type>
          <IsCustomType>false</IsCustomType>
          <InitialValue xsi:type="xsd:string">0</InitialValue>
        </OOSGStateVariable>
      </StateVariables>
      <Parameters />
      <STT>
        <OOSGStateTransition>
          <FromPort>0</FromPort>
          <ToPort>0</ToPort>
          <LinkStyle>2</LinkStyle>
          <AdjustingStyle>0</AdjustingStyle>
          <Curviness>20</Curviness>
          <Orthogonal>false</Orthogonal>
          <Points>
            <OOSGPoint>
              <X>139.0112</X>
              <Y>170.499985</Y>
            </OOSGPoint>
            <OOSGPoint>
              <X>135.5482</X>
              <Y>151.509781</Y>
            </OOSGPoint>
            <OOSGPoint>
              <X>140.284134</X>
              <Y>140.307541</Y>
            </OOSGPoint>
            <OOSGPoint>
              <X>146.042328</X>
              <Y>136.448212</Y>
            </OOSGPoint>
          </Points>
          <CurrentState>
            <Name>Start</Name>
            <Type>Initial</Type>
            <EntryAction />
            <Delay>
              <Name>0</Name>
              <DeltaName>delta[0]</DeltaName>
            </Delay>
            <X>113.621094</X>
            <Y>170.999985</Y>
          </CurrentState>
          <EntryAction />
          <InputOrDelay>delta[0]</InputOrDelay>
          <InputAction />
          <Condition />
          <TransitionAction />
          <NextState>
            <Name>Idle</Name>
            <Type>Regular</Type>
            <EntryAction>(Request)!;</EntryAction>
            <Delay>
              <Name />
              <DeltaName>delta[]</DeltaName>
            </Delay>
            <X>146.542328</X>
            <Y>103.606781</Y>
          </NextState>
        </OOSGStateTransition>
        <OOSGStateTransition>
          <FromPort>0</FromPort>
          <ToPort>0</ToPort>
          <LinkStyle>2</LinkStyle>
          <AdjustingStyle>0</AdjustingStyle>
          <Curviness>20</Curviness>
          <Orthogonal>false</Orthogonal>
          <Points>
            <OOSGPoint>
              <X>511.671875</X>
              <Y>128.544</Y>
            </OOSGPoint>
            <OOSGPoint>
              <X>405.9198</X>
              <Y>142.781845</Y>
            </OOSGPoint>
            <OOSGPoint>
              <X>300.403961</X>
              <Y>141.535461</Y>
            </OOSGPoint>
            <OOSGPoint>
              <X>195.124359</X>
              <Y>124.071022</Y>
            </OOSGPoint>
          </Points>
          <CurrentState>
            <Name>Block</Name>
            <Type>Regular</Type>
            <EntryAction />
            <Delay>
              <Name />
              <DeltaName>delta[]</DeltaName>
            </Delay>
            <X>512.1719</X>
            <Y>108</Y>
          </CurrentState>
          <EntryAction />
          <InputOrDelay>(Grant)?</InputOrDelay>
          <InputAction />
          <Condition>true</Condition>
          <TransitionAction>(Unload)!;</TransitionAction>
          <NextState>
            <Name>Idle</Name>
            <Type>Regular</Type>
            <EntryAction>(Request)!;</EntryAction>
            <Delay>
              <Name />
              <DeltaName>delta[]</DeltaName>
            </Delay>
            <X>146.542328</X>
            <Y>103.606781</Y>
          </NextState>
        </OOSGStateTransition>
        <OOSGStateTransition>
          <FromPort>0</FromPort>
          <ToPort>0</ToPort>
          <LinkStyle>2</LinkStyle>
          <AdjustingStyle>0</AdjustingStyle>
          <Curviness>20</Curviness>
          <Orthogonal>false</Orthogonal>
          <Points>
            <OOSGPoint>
              <X>194.8175</X>
              <Y>103.106781</Y>
            </OOSGPoint>
            <OOSGPoint>
              <X>235.15126</X>
              <Y>74.99079</Y>
            </OOSGPoint>
            <OOSGPoint>
              <X>282.07074</X>
              <Y>57.7658577</Y>
            </OOSGPoint>
            <OOSGPoint>
              <X>335.882751</X>
              <Y>52.48852</Y>
            </OOSGPoint>
          </Points>
          <CurrentState>
            <Name>Idle</Name>
            <Type>Regular</Type>
            <EntryAction>(Request)!;</EntryAction>
            <Delay>
              <Name />
              <DeltaName>delta[]</DeltaName>
            </Delay>
            <X>146.542328</X>
            <Y>103.606781</Y>
          </CurrentState>
          <EntryAction>(Request)!;</EntryAction>
          <InputOrDelay>(Start)?</InputOrDelay>
          <InputAction />
          <Condition>true</Condition>
          <TransitionAction />
          <NextState>
            <Name>Run</Name>
            <Type>Regular</Type>
            <EntryAction />
            <Delay>
              <Name>ts</Name>
              <DeltaName>delta[ts]</DeltaName>
            </Delay>
            <X>336.382751</X>
            <Y>33.6067734</Y>
          </NextState>
        </OOSGStateTransition>
        <OOSGStateTransition>
          <FromPort>0</FromPort>
          <ToPort>0</ToPort>
          <LinkStyle>2</LinkStyle>
          <AdjustingStyle>0</AdjustingStyle>
          <Curviness>20</Curviness>
          <Orthogonal>false</Orthogonal>
          <Points>
            <OOSGPoint>
              <X>386.632751</X>
              <Y>53.066494</Y>
            </OOSGPoint>
            <OOSGPoint>
              <X>435.9068</X>
              <Y>59.0211143</Y>
            </OOSGPoint>
            <OOSGPoint>
              <X>477.5865</X>
              <Y>76.12891</Y>
            </OOSGPoint>
            <OOSGPoint>
              <X>519.7806</X>
              <Y>107.5</Y>
            </OOSGPoint>
          </Points>
          <CurrentState>
            <Name>Run</Name>
            <Type>Regular</Type>
            <EntryAction />
            <Delay>
              <Name>ts</Name>
              <DeltaName>delta[ts]</DeltaName>
            </Delay>
            <X>336.382751</X>
            <Y>33.6067734</Y>
          </CurrentState>
          <EntryAction />
          <InputOrDelay>delta[ts]</InputOrDelay>
          <InputAction />
          <Condition>true</Condition>
          <TransitionAction>(Finish)!</TransitionAction>
          <NextState>
            <Name>Block</Name>
            <Type>Regular</Type>
            <EntryAction />
            <Delay>
              <Name />
              <DeltaName>delta[]</DeltaName>
            </Delay>
            <X>512.1719</X>
            <Y>108</Y>
          </NextState>
        </OOSGStateTransition>
      </STT>
      <Functions />
      <BackgroundColor>-1</BackgroundColor>
      <IsContainIntialState>false</IsContainIntialState>
      <HasFinalState>false</HasFinalState>
      <Schedules />
      <EntityQueues />
    </OOSGStateObjectModel>
    <OOSGStateObjectModel>
      <ID>72b3d4ec-afa4-4c2b-b147-e00cc06340e5</ID>
      <Name>Convey Part</Name>
      <Description />
      <Messages>
        <OOSGMessage>
          <Parameters />
          <MName>Enter</MName>
          <Type>Input</Type>
          <X>42.5</X>
          <Y>76.5</Y>
        </OOSGMessage>
        <OOSGMessage>
          <Parameters />
          <MName>Finish</MName>
          <Type>Input</Type>
          <X>42.5</X>
          <Y>116.5</Y>
        </OOSGMessage>
        <OOSGMessage>
          <Parameters />
          <MName>Withdraw</MName>
          <Type>Input</Type>
          <X>42.5</X>
          <Y>156.5</Y>
        </OOSGMessage>
        <OOSGMessage>
          <Parameters />
          <MName>Arrive</MName>
          <Type>Output</Type>
          <X>759</X>
          <Y>54</Y>
        </OOSGMessage>
        <OOSGMessage>
          <Parameters />
          <MName>Grant</MName>
          <Type>Output</Type>
          <X>762.5</X>
          <Y>106.5</Y>
        </OOSGMessage>
      </Messages>
      <States>
        <OOSGState>
          <Name>NotFull</Name>
          <Type>Initial</Type>
          <EntryAction />
          <Delay>
            <Name>C.mu</Name>
            <DeltaName>delta[C.mu]</DeltaName>
          </Delay>
          <X>384.419922</X>
          <Y>43.6067734</Y>
        </OOSGState>
        <OOSGState>
          <Name>AccumFull</Name>
          <Type>Regular</Type>
          <EntryAction />
          <Delay>
            <Name />
            <DeltaName>delta[]</DeltaName>
          </Delay>
          <X>140.8711</X>
          <Y>103.606773</Y>
        </OOSGState>
        <OOSGState>
          <Name>ConveyFull</Name>
          <Type>Regular</Type>
          <EntryAction />
          <Delay>
            <Name>C.mu</Name>
            <DeltaName>delta[C.mu]</DeltaName>
          </Delay>
          <X>558.638</X>
          <Y>123.606773</Y>
        </OOSGState>
      </States>
      <StateVariables>
        <OOSGStateVariable>
          <Name>A</Name>
          <Type>int</Type>
          <IsCustomType>false</IsCustomType>
          <InitialValue xsi:type="xsd:string">10</InitialValue>
        </OOSGStateVariable>
        <OOSGStateVariable>
          <Name>C</Name>
          <Type>TimeQueue</Type>
          <IsCustomType>false</IsCustomType>
          <InitialValue xsi:type="xsd:string">0</InitialValue>
        </OOSGStateVariable>
        <OOSGStateVariable>
          <Name>tc</Name>
          <Type>double</Type>
          <IsCustomType>false</IsCustomType>
          <InitialValue xsi:type="xsd:string">10</InitialValue>
        </OOSGStateVariable>
      </StateVariables>
      <Parameters />
      <STT>
        <OOSGStateTransition>
          <FromPort>0</FromPort>
          <ToPort>0</ToPort>
          <LinkStyle>2</LinkStyle>
          <AdjustingStyle>0</AdjustingStyle>
          <Curviness>20</Curviness>
          <Orthogonal>false</Orthogonal>
          <Points>
            <OOSGPoint>
              <X>431.475952</X>
              <Y>76.89323</Y>
            </OOSGPoint>
            <OOSGPoint>
              <X>453.975952</X>
              <Y>115.864365</Y>
            </OOSGPoint>
            <OOSGPoint>
              <X>389.46936</X>
              <Y>115.864365</Y>
            </OOSGPoint>
            <OOSGPoint>
              <X>411.96936</X>
              <Y>76.89323</Y>
            </OOSGPoint>
          </Points>
          <CurrentState>
            <Name>NotFull</Name>
            <Type>Initial</Type>
            <EntryAction />
            <Delay>
              <Name>C.mu</Name>
              <DeltaName>delta[C.mu]</DeltaName>
            </Delay>
            <X>384.419922</X>
            <Y>43.6067734</Y>
          </CurrentState>
          <EntryAction />
          <InputOrDelay>(Enter)?</InputOrDelay>
          <InputAction>C+=tc;</InputAction>
          <Condition>C&lt;A</Condition>
          <TransitionAction />
          <NextState>
            <Name>NotFull</Name>
            <Type>Initial</Type>
            <EntryAction />
            <Delay>
              <Name>C.mu</Name>
              <DeltaName>delta[C.mu]</DeltaName>
            </Delay>
            <X>384.419922</X>
            <Y>43.6067734</Y>
          </NextState>
        </OOSGStateTransition>
        <OOSGStateTransition>
          <FromPort>0</FromPort>
          <ToPort>0</ToPort>
          <LinkStyle>2</LinkStyle>
          <AdjustingStyle>0</AdjustingStyle>
          <Curviness>20</Curviness>
          <Orthogonal>false</Orthogonal>
          <Points>
            <OOSGPoint>
              <X>459.5254</X>
              <Y>66.1089</Y>
            </OOSGPoint>
            <OOSGPoint>
              <X>504.25238</X>
              <Y>73.3367538</Y>
            </OOSGPoint>
            <OOSGPoint>
              <X>541.1581</X>
              <Y>89.01809</Y>
            </OOSGPoint>
            <OOSGPoint>
              <X>587.1887</X>
              <Y>123.106773</Y>
            </OOSGPoint>
          </Points>
          <CurrentState>
            <Name>NotFull</Name>
            <Type>Initial</Type>
            <EntryAction />
            <Delay>
              <Name>C.mu</Name>
              <DeltaName>delta[C.mu]</DeltaName>
            </Delay>
            <X>384.419922</X>
            <Y>43.6067734</Y>
          </CurrentState>
          <EntryAction />
          <InputOrDelay>(Enter)?</InputOrDelay>
          <InputAction>C+=tc;</InputAction>
          <Condition>C==A</Condition>
          <TransitionAction />
          <NextState>
            <Name>ConveyFull</Name>
            <Type>Regular</Type>
            <EntryAction />
            <Delay>
              <Name>C.mu</Name>
              <DeltaName>delta[C.mu]</DeltaName>
            </Delay>
            <X>558.638</X>
            <Y>123.606773</Y>
          </NextState>
        </OOSGStateTransition>
        <OOSGStateTransition>
          <FromPort>0</FromPort>
          <ToPort>0</ToPort>
          <LinkStyle>2</LinkStyle>
          <AdjustingStyle>0</AdjustingStyle>
          <Curviness>20</Curviness>
          <Orthogonal>false</Orthogonal>
          <Points>
            <OOSGPoint>
              <X>431.475952</X>
              <Y>76.89323</Y>
            </OOSGPoint>
            <OOSGPoint>
              <X>453.975952</X>
              <Y>115.864365</Y>
            </OOSGPoint>
            <OOSGPoint>
              <X>389.46936</X>
              <Y>115.864365</Y>
            </OOSGPoint>
            <OOSGPoint>
              <X>411.96936</X>
              <Y>76.89323</Y>
            </OOSGPoint>
          </Points>
          <CurrentState>
            <Name>NotFull</Name>
            <Type>Initial</Type>
            <EntryAction />
            <Delay>
              <Name>C.mu</Name>
              <DeltaName>delta[C.mu]</DeltaName>
            </Delay>
            <X>384.419922</X>
            <Y>43.6067734</Y>
          </CurrentState>
          <EntryAction />
          <InputOrDelay>(Finish)?</InputOrDelay>
          <InputAction>(Grant)!;</InputAction>
          <Condition>true</Condition>
          <TransitionAction />
          <NextState>
            <Name>NotFull</Name>
            <Type>Initial</Type>
            <EntryAction />
            <Delay>
              <Name>C.mu</Name>
              <DeltaName>delta[C.mu]</DeltaName>
            </Delay>
            <X>384.419922</X>
            <Y>43.6067734</Y>
          </NextState>
        </OOSGStateTransition>
        <OOSGStateTransition>
          <FromPort>0</FromPort>
          <ToPort>0</ToPort>
          <LinkStyle>2</LinkStyle>
          <AdjustingStyle>0</AdjustingStyle>
          <Curviness>20</Curviness>
          <Orthogonal>false</Orthogonal>
          <Points>
            <OOSGPoint>
              <X>431.475952</X>
              <Y>76.89323</Y>
            </OOSGPoint>
            <OOSGPoint>
              <X>453.975952</X>
              <Y>115.864365</Y>
            </OOSGPoint>
            <OOSGPoint>
              <X>389.46936</X>
              <Y>115.864365</Y>
            </OOSGPoint>
            <OOSGPoint>
              <X>411.96936</X>
              <Y>76.89323</Y>
            </OOSGPoint>
          </Points>
          <CurrentState>
            <Name>NotFull</Name>
            <Type>Initial</Type>
            <EntryAction />
            <Delay>
              <Name>C.mu</Name>
              <DeltaName>delta[C.mu]</DeltaName>
            </Delay>
            <X>384.419922</X>
            <Y>43.6067734</Y>
          </CurrentState>
          <EntryAction />
          <InputOrDelay>(Withdraw)?</InputOrDelay>
          <InputAction>A++;</InputAction>
          <Condition>true</Condition>
          <TransitionAction />
          <NextState>
            <Name>NotFull</Name>
            <Type>Initial</Type>
            <EntryAction />
            <Delay>
              <Name>C.mu</Name>
              <DeltaName>delta[C.mu]</DeltaName>
            </Delay>
            <X>384.419922</X>
            <Y>43.6067734</Y>
          </NextState>
        </OOSGStateTransition>
        <OOSGStateTransition>
          <FromPort>0</FromPort>
          <ToPort>0</ToPort>
          <LinkStyle>2</LinkStyle>
          <AdjustingStyle>0</AdjustingStyle>
          <Curviness>20</Curviness>
          <Orthogonal>false</Orthogonal>
          <Points>
            <OOSGPoint>
              <X>431.475952</X>
              <Y>76.89323</Y>
            </OOSGPoint>
            <OOSGPoint>
              <X>453.975952</X>
              <Y>115.864365</Y>
            </OOSGPoint>
            <OOSGPoint>
              <X>389.46936</X>
              <Y>115.864365</Y>
            </OOSGPoint>
            <OOSGPoint>
              <X>411.96936</X>
              <Y>76.89323</Y>
            </OOSGPoint>
          </Points>
          <CurrentState>
            <Name>NotFull</Name>
            <Type>Initial</Type>
            <EntryAction />
            <Delay>
              <Name>C.mu</Name>
              <DeltaName>delta[C.mu]</DeltaName>
            </Delay>
            <X>384.419922</X>
            <Y>43.6067734</Y>
          </CurrentState>
          <EntryAction />
          <InputOrDelay>delta[C.mu]</InputOrDelay>
          <InputAction>C--;(Arrive)!;A--;</InputAction>
          <Condition>true</Condition>
          <TransitionAction />
          <NextState>
            <Name>NotFull</Name>
            <Type>Initial</Type>
            <EntryAction />
            <Delay>
              <Name>C.mu</Name>
              <DeltaName>delta[C.mu]</DeltaName>
            </Delay>
            <X>384.419922</X>
            <Y>43.6067734</Y>
          </NextState>
        </OOSGStateTransition>
        <OOSGStateTransition>
          <FromPort>0</FromPort>
          <ToPort>0</ToPort>
          <LinkStyle>2</LinkStyle>
          <AdjustingStyle>0</AdjustingStyle>
          <Curviness>20</Curviness>
          <Orthogonal>false</Orthogonal>
          <Points>
            <OOSGPoint>
              <X>225.065292</X>
              <Y>103.106773</Y>
            </OOSGPoint>
            <OOSGPoint>
              <X>282.712616</X>
              <Y>75.33432</Y>
            </OOSGPoint>
            <OOSGPoint>
              <X>330.809631</X>
              <Y>62.8805542</Y>
            </OOSGPoint>
            <OOSGPoint>
              <X>383.919922</X>
              <Y>61.19777</Y>
            </OOSGPoint>
          </Points>
          <CurrentState>
            <Name>AccumFull</Name>
            <Type>Regular</Type>
            <EntryAction />
            <Delay>
              <Name />
              <DeltaName>delta[]</DeltaName>
            </Delay>
            <X>140.8711</X>
            <Y>103.606773</Y>
          </CurrentState>
          <EntryAction />
          <InputOrDelay>(Withdraw)?</InputOrDelay>
          <InputAction>(Grant)!; A++;</InputAction>
          <Condition>true</Condition>
          <TransitionAction />
          <NextState>
            <Name>NotFull</Name>
            <Type>Initial</Type>
            <EntryAction />
            <Delay>
              <Name>C.mu</Name>
              <DeltaName>delta[C.mu]</DeltaName>
            </Delay>
            <X>384.419922</X>
            <Y>43.6067734</Y>
          </NextState>
        </OOSGStateTransition>
        <OOSGStateTransition>
          <FromPort>0</FromPort>
          <ToPort>0</ToPort>
          <LinkStyle>2</LinkStyle>
          <AdjustingStyle>0</AdjustingStyle>
          <Curviness>20</Curviness>
          <Orthogonal>false</Orthogonal>
          <Points>
            <OOSGPoint>
              <X>558.138</X>
              <Y>131.303192</Y>
            </OOSGPoint>
            <OOSGPoint>
              <X>525.5154</X>
              <Y>125.832664</Y>
            </OOSGPoint>
            <OOSGPoint>
              <X>488.609741</X>
              <Y>110.151192</Y>
            </OOSGPoint>
            <OOSGPoint>
              <X>444.2533</X>
              <Y>76.89323</Y>
            </OOSGPoint>
          </Points>
          <CurrentState>
            <Name>ConveyFull</Name>
            <Type>Regular</Type>
            <EntryAction />
            <Delay>
              <Name>C.mu</Name>
              <DeltaName>delta[C.mu]</DeltaName>
            </Delay>
            <X>558.638</X>
            <Y>123.606773</Y>
          </CurrentState>
          <EntryAction />
          <InputOrDelay>(Withdraw)?</InputOrDelay>
          <InputAction>(Grant)!; A++;</InputAction>
          <Condition>true</Condition>
          <TransitionAction />
          <NextState>
            <Name>NotFull</Name>
            <Type>Initial</Type>
            <EntryAction />
            <Delay>
              <Name>C.mu</Name>
              <DeltaName>delta[C.mu]</DeltaName>
            </Delay>
            <X>384.419922</X>
            <Y>43.6067734</Y>
          </NextState>
        </OOSGStateTransition>
        <OOSGStateTransition>
          <FromPort>0</FromPort>
          <ToPort>0</ToPort>
          <LinkStyle>2</LinkStyle>
          <AdjustingStyle>0</AdjustingStyle>
          <Curviness>20</Curviness>
          <Orthogonal>false</Orthogonal>
          <Points>
            <OOSGPoint>
              <X>619.7533</X>
              <Y>156.893219</Y>
            </OOSGPoint>
            <OOSGPoint>
              <X>642.2533</X>
              <Y>195.864365</Y>
            </OOSGPoint>
            <OOSGPoint>
              <X>577.7467</X>
              <Y>195.864365</Y>
            </OOSGPoint>
            <OOSGPoint>
              <X>600.2467</X>
              <Y>156.893219</Y>
            </OOSGPoint>
          </Points>
          <CurrentState>
            <Name>ConveyFull</Name>
            <Type>Regular</Type>
            <EntryAction />
            <Delay>
              <Name>C.mu</Name>
              <DeltaName>delta[C.mu]</DeltaName>
            </Delay>
            <X>558.638</X>
            <Y>123.606773</Y>
          </CurrentState>
          <EntryAction />
          <InputOrDelay>delta[C.mu]</InputOrDelay>
          <InputAction>C--;(Arrive)!; A--;</InputAction>
          <Condition>A&gt;0</Condition>
          <TransitionAction />
          <NextState>
            <Name>ConveyFull</Name>
            <Type>Regular</Type>
            <EntryAction />
            <Delay>
              <Name>C.mu</Name>
              <DeltaName>delta[C.mu]</DeltaName>
            </Delay>
            <X>558.638</X>
            <Y>123.606773</Y>
          </NextState>
        </OOSGStateTransition>
        <OOSGStateTransition>
          <FromPort>0</FromPort>
          <ToPort>0</ToPort>
          <LinkStyle>2</LinkStyle>
          <AdjustingStyle>0</AdjustingStyle>
          <Curviness>20</Curviness>
          <Orthogonal>false</Orthogonal>
          <Points>
            <OOSGPoint>
              <X>558.138</X>
              <Y>144.061935</Y>
            </OOSGPoint>
            <OOSGPoint>
              <X>451.017</X>
              <Y>152.451859</Y>
            </OOSGPoint>
            <OOSGPoint>
              <X>344.847321</X>
              <Y>147.396164</Y>
            </OOSGPoint>
            <OOSGPoint>
              <X>239.628891</X>
              <Y>128.780533</Y>
            </OOSGPoint>
          </Points>
          <CurrentState>
            <Name>ConveyFull</Name>
            <Type>Regular</Type>
            <EntryAction />
            <Delay>
              <Name>C.mu</Name>
              <DeltaName>delta[C.mu]</DeltaName>
            </Delay>
            <X>558.638</X>
            <Y>123.606773</Y>
          </CurrentState>
          <EntryAction />
          <InputOrDelay>delta[C.mu]</InputOrDelay>
          <InputAction>C--;(Arrive)!; A--;</InputAction>
          <Condition>A==0</Condition>
          <TransitionAction />
          <NextState>
            <Name>AccumFull</Name>
            <Type>Regular</Type>
            <EntryAction />
            <Delay>
              <Name />
              <DeltaName>delta[]</DeltaName>
            </Delay>
            <X>140.8711</X>
            <Y>103.606773</Y>
          </NextState>
        </OOSGStateTransition>
      </STT>
      <Functions />
      <BackgroundColor>-1</BackgroundColor>
      <IsContainIntialState>false</IsContainIntialState>
      <HasFinalState>false</HasFinalState>
      <Schedules />
      <EntityQueues />
    </OOSGStateObjectModel>
    <OOSGStateObjectModel>
      <ID>396c3d0e-db8e-437c-8d66-6839619c7623</ID>
      <Name>Accumulate Part</Name>
      <Description />
      <Messages>
        <OOSGMessage>
          <Parameters />
          <MName>request</MName>
          <Type>Input</Type>
          <X>62.5</X>
          <Y>36.5</Y>
        </OOSGMessage>
        <OOSGMessage>
          <Parameters />
          <MName>arrive</MName>
          <Type>Input</Type>
          <X>69</X>
          <Y>100</Y>
        </OOSGMessage>
        <OOSGMessage>
          <Parameters />
          <MName>withdraw</MName>
          <Type>Output</Type>
          <X>698</X>
          <Y>60</Y>
        </OOSGMessage>
      </Messages>
      <States>
        <OOSGState>
          <Name>Stock</Name>
          <Type>Regular</Type>
          <EntryAction />
          <Delay>
            <Name />
            <DeltaName>delta[]</DeltaName>
          </Delay>
          <X>138.322281</X>
          <Y>112.999992</Y>
        </OOSGState>
        <OOSGState>
          <Name>Empty</Name>
          <Type>Initial</Type>
          <EntryAction />
          <Delay>
            <Name />
            <DeltaName>delta[]</DeltaName>
          </Delay>
          <X>556.415955</X>
          <Y>83.60678</Y>
        </OOSGState>
      </States>
      <StateVariables>
        <OOSGStateVariable>
          <Name>J</Name>
          <Type>int</Type>
          <IsCustomType>false</IsCustomType>
          <InitialValue xsi:type="xsd:string">-1</InitialValue>
        </OOSGStateVariable>
      </StateVariables>
      <Parameters />
      <STT>
        <OOSGStateTransition>
          <FromPort>0</FromPort>
          <ToPort>0</ToPort>
          <LinkStyle>2</LinkStyle>
          <AdjustingStyle>0</AdjustingStyle>
          <Curviness>20</Curviness>
          <Orthogonal>false</Orthogonal>
          <Points>
            <OOSGPoint>
              <X>600.209</X>
              <Y>116.893234</Y>
            </OOSGPoint>
            <OOSGPoint>
              <X>622.709</X>
              <Y>155.86438</Y>
            </OOSGPoint>
            <OOSGPoint>
              <X>558.2024</X>
              <Y>155.86438</Y>
            </OOSGPoint>
            <OOSGPoint>
              <X>580.7024</X>
              <Y>116.893234</Y>
            </OOSGPoint>
          </Points>
          <CurrentState>
            <Name>Empty</Name>
            <Type>Initial</Type>
            <EntryAction />
            <Delay>
              <Name />
              <DeltaName>delta[]</DeltaName>
            </Delay>
            <X>556.415955</X>
            <Y>83.60678</Y>
          </CurrentState>
          <EntryAction />
          <InputOrDelay>(arrive)?</InputOrDelay>
          <InputAction>J++;</InputAction>
          <Condition>J&lt;=0</Condition>
          <TransitionAction>(withdraw)!</TransitionAction>
          <NextState>
            <Name>Empty</Name>
            <Type>Initial</Type>
            <EntryAction />
            <Delay>
              <Name />
              <DeltaName>delta[]</DeltaName>
            </Delay>
            <X>556.415955</X>
            <Y>83.60678</Y>
          </NextState>
        </OOSGStateTransition>
        <OOSGStateTransition>
          <FromPort>0</FromPort>
          <ToPort>0</ToPort>
          <LinkStyle>2</LinkStyle>
          <AdjustingStyle>0</AdjustingStyle>
          <Curviness>20</Curviness>
          <Orthogonal>false</Orthogonal>
          <Points>
            <OOSGPoint>
              <X>555.915955</X>
              <Y>106.968857</Y>
            </OOSGPoint>
            <OOSGPoint>
              <X>438.626373</X>
              <Y>130.633591</Y>
            </OOSGPoint>
            <OOSGPoint>
              <X>319.945862</X>
              <Y>138.907639</Y>
            </OOSGPoint>
            <OOSGPoint>
              <X>199.874359</X>
              <Y>131.3469</Y>
            </OOSGPoint>
          </Points>
          <CurrentState>
            <Name>Empty</Name>
            <Type>Initial</Type>
            <EntryAction />
            <Delay>
              <Name />
              <DeltaName>delta[]</DeltaName>
            </Delay>
            <X>556.415955</X>
            <Y>83.60678</Y>
          </CurrentState>
          <EntryAction />
          <InputOrDelay>(arrive)?</InputOrDelay>
          <InputAction>J++;</InputAction>
          <Condition>J&gt;0</Condition>
          <TransitionAction />
          <NextState>
            <Name>Stock</Name>
            <Type>Regular</Type>
            <EntryAction />
            <Delay>
              <Name />
              <DeltaName>delta[]</DeltaName>
            </Delay>
            <X>138.322281</X>
            <Y>112.999992</Y>
          </NextState>
        </OOSGStateTransition>
        <OOSGStateTransition>
          <FromPort>0</FromPort>
          <ToPort>0</ToPort>
          <LinkStyle>2</LinkStyle>
          <AdjustingStyle>0</AdjustingStyle>
          <Curviness>20</Curviness>
          <Orthogonal>false</Orthogonal>
          <Points>
            <OOSGPoint>
              <X>600.209</X>
              <Y>116.893234</Y>
            </OOSGPoint>
            <OOSGPoint>
              <X>622.709</X>
              <Y>155.86438</Y>
            </OOSGPoint>
            <OOSGPoint>
              <X>558.2024</X>
              <Y>155.86438</Y>
            </OOSGPoint>
            <OOSGPoint>
              <X>580.7024</X>
              <Y>116.893234</Y>
            </OOSGPoint>
          </Points>
          <CurrentState>
            <Name>Empty</Name>
            <Type>Initial</Type>
            <EntryAction />
            <Delay>
              <Name />
              <DeltaName>delta[]</DeltaName>
            </Delay>
            <X>556.415955</X>
            <Y>83.60678</Y>
          </CurrentState>
          <EntryAction />
          <InputOrDelay>(request)?</InputOrDelay>
          <InputAction>J--;</InputAction>
          <Condition>true</Condition>
          <TransitionAction />
          <NextState>
            <Name>Empty</Name>
            <Type>Initial</Type>
            <EntryAction />
            <Delay>
              <Name />
              <DeltaName>delta[]</DeltaName>
            </Delay>
            <X>556.415955</X>
            <Y>83.60678</Y>
          </NextState>
        </OOSGStateTransition>
        <OOSGStateTransition>
          <FromPort>0</FromPort>
          <ToPort>0</ToPort>
          <LinkStyle>2</LinkStyle>
          <AdjustingStyle>0</AdjustingStyle>
          <Curviness>20</Curviness>
          <Orthogonal>false</Orthogonal>
          <Points>
            <OOSGPoint>
              <X>178.601624</X>
              <Y>146.286438</Y>
            </OOSGPoint>
            <OOSGPoint>
              <X>201.101624</X>
              <Y>185.257584</Y>
            </OOSGPoint>
            <OOSGPoint>
              <X>136.595</X>
              <Y>185.257584</Y>
            </OOSGPoint>
            <OOSGPoint>
              <X>159.095</X>
              <Y>146.286438</Y>
            </OOSGPoint>
          </Points>
          <CurrentState>
            <Name>Stock</Name>
            <Type>Regular</Type>
            <EntryAction />
            <Delay>
              <Name />
              <DeltaName>delta[]</DeltaName>
            </Delay>
            <X>138.322281</X>
            <Y>112.999992</Y>
          </CurrentState>
          <EntryAction />
          <InputOrDelay>(arrive)?</InputOrDelay>
          <InputAction>J++;</InputAction>
          <Condition>true</Condition>
          <TransitionAction />
          <NextState>
            <Name>Stock</Name>
            <Type>Regular</Type>
            <EntryAction />
            <Delay>
              <Name />
              <DeltaName>delta[]</DeltaName>
            </Delay>
            <X>138.322281</X>
            <Y>112.999992</Y>
          </NextState>
        </OOSGStateTransition>
        <OOSGStateTransition>
          <FromPort>0</FromPort>
          <ToPort>0</ToPort>
          <LinkStyle>2</LinkStyle>
          <AdjustingStyle>0</AdjustingStyle>
          <Curviness>20</Curviness>
          <Orthogonal>false</Orthogonal>
          <Points>
            <OOSGPoint>
              <X>178.601624</X>
              <Y>146.286438</Y>
            </OOSGPoint>
            <OOSGPoint>
              <X>201.101624</X>
              <Y>185.257584</Y>
            </OOSGPoint>
            <OOSGPoint>
              <X>136.595</X>
              <Y>185.257584</Y>
            </OOSGPoint>
            <OOSGPoint>
              <X>159.095</X>
              <Y>146.286438</Y>
            </OOSGPoint>
          </Points>
          <CurrentState>
            <Name>Stock</Name>
            <Type>Regular</Type>
            <EntryAction />
            <Delay>
              <Name />
              <DeltaName>delta[]</DeltaName>
            </Delay>
            <X>138.322281</X>
            <Y>112.999992</Y>
          </CurrentState>
          <EntryAction />
          <InputOrDelay>(request)?</InputOrDelay>
          <InputAction>J--</InputAction>
          <Condition>J&gt;0</Condition>
          <TransitionAction>(withdraw)!</TransitionAction>
          <NextState>
            <Name>Stock</Name>
            <Type>Regular</Type>
            <EntryAction />
            <Delay>
              <Name />
              <DeltaName>delta[]</DeltaName>
            </Delay>
            <X>138.322281</X>
            <Y>112.999992</Y>
          </NextState>
        </OOSGStateTransition>
        <OOSGStateTransition>
          <FromPort>0</FromPort>
          <ToPort>0</ToPort>
          <LinkStyle>2</LinkStyle>
          <AdjustingStyle>0</AdjustingStyle>
          <Curviness>20</Curviness>
          <Orthogonal>false</Orthogonal>
          <Points>
            <OOSGPoint>
              <X>199.874359</X>
              <Y>123.036247</Y>
            </OOSGPoint>
            <OOSGPoint>
              <X>317.16394</X>
              <Y>99.00461</Y>
            </OOSGPoint>
            <OOSGPoint>
              <X>435.844452</X>
              <Y>90.73055</Y>
            </OOSGPoint>
            <OOSGPoint>
              <X>555.915955</X>
              <Y>97.92924</Y>
            </OOSGPoint>
          </Points>
          <CurrentState>
            <Name>Stock</Name>
            <Type>Regular</Type>
            <EntryAction />
            <Delay>
              <Name />
              <DeltaName>delta[]</DeltaName>
            </Delay>
            <X>138.322281</X>
            <Y>112.999992</Y>
          </CurrentState>
          <EntryAction />
          <InputOrDelay>(request)?</InputOrDelay>
          <InputAction>J--</InputAction>
          <Condition>J==0</Condition>
          <TransitionAction>(withdraw)!</TransitionAction>
          <NextState>
            <Name>Empty</Name>
            <Type>Initial</Type>
            <EntryAction />
            <Delay>
              <Name />
              <DeltaName>delta[]</DeltaName>
            </Delay>
            <X>556.415955</X>
            <Y>83.60678</Y>
          </NextState>
        </OOSGStateTransition>
      </STT>
      <Functions />
      <BackgroundColor>-1</BackgroundColor>
      <IsContainIntialState>false</IsContainIntialState>
      <HasFinalState>false</HasFinalState>
      <Schedules />
      <EntityQueues />
    </OOSGStateObjectModel>
  </StateObjectModels>
  <ActivityObjectModels />
  <Experiments>
    <OOMMExperiment>
      <ID>257675e1-7c92-45d9-872c-71d9124a8aaf</ID>
      <Name>Simulation 1</Name>
      <Type>SIMULATION</Type>
      <EOSTime>3600</EOSTime>
      <EOSTimeUnit>Seconds</EOSTimeUnit>
      <UseRandSeed>false</UseRandSeed>
      <FastForward>true</FastForward>
      <Parallel>false</Parallel>
      <RandSeed>0</RandSeed>
    </OOMMExperiment>
  </Experiments>
  <DataSources />
  <Entities />
  <UserClasses />
  <FileName>C:\Users\dongh_000\Drive\My Shared Workspace\SEA Simulator\models\SG\conveyorline.xml</FileName>
  <ObjectInteractionDiagram>
    <DataSourceNodes />
    <ObjectInteractionEdges>
      <OOMMObjectInteractionEdge>
        <ID>-2147483636</ID>
        <MirrorTriggerName>Arrival</MirrorTriggerName>
        <MirrorObject>48ff464d-0f5a-4a56-8945-2696cbb78617</MirrorObject>
        <MirrorPort>17</MirrorPort>
        <BoundaryTriggerName>Arrival</BoundaryTriggerName>
        <BoundaryObject>a3c7a2cb-aaad-404c-9b15-8140df120151</BoundaryObject>
        <BoundaryPort>16</BoundaryPort>
        <Type>SchedulingLink</Type>
        <StrokeStyle>0</StrokeStyle>
      </OOMMObjectInteractionEdge>
      <OOMMObjectInteractionEdge>
        <ID>-2147483630</ID>
        <MirrorTriggerName>Send</MirrorTriggerName>
        <MirrorObject>a3c7a2cb-aaad-404c-9b15-8140df120151</MirrorObject>
        <MirrorPort>13</MirrorPort>
        <BoundaryTriggerName>Start</BoundaryTriggerName>
        <BoundaryObject>0e83bbcd-865e-4776-bb06-9c64ad97dd3e</BoundaryObject>
        <BoundaryPort>12</BoundaryPort>
        <Type>SchedulingLink</Type>
        <StrokeStyle>0</StrokeStyle>
      </OOMMObjectInteractionEdge>
      <OOMMObjectInteractionEdge>
        <ID>-2147483629</ID>
        <MirrorTriggerName>Request</MirrorTriggerName>
        <MirrorObject>0e83bbcd-865e-4776-bb06-9c64ad97dd3e</MirrorObject>
        <MirrorPort>20</MirrorPort>
        <BoundaryTriggerName>Request</BoundaryTriggerName>
        <BoundaryObject>a3c7a2cb-aaad-404c-9b15-8140df120151</BoundaryObject>
        <BoundaryPort>21</BoundaryPort>
        <Type>SchedulingLink</Type>
        <StrokeStyle>0</StrokeStyle>
      </OOMMObjectInteractionEdge>
      <OOMMObjectInteractionEdge>
        <ID>-2147483628</ID>
        <MirrorTriggerName>Finish</MirrorTriggerName>
        <MirrorObject>0e83bbcd-865e-4776-bb06-9c64ad97dd3e</MirrorObject>
        <MirrorPort>13</MirrorPort>
        <BoundaryTriggerName>Finish</BoundaryTriggerName>
        <BoundaryObject>7801dc9d-eec6-4549-99ed-dd79d1cda383</BoundaryObject>
        <BoundaryPort>12</BoundaryPort>
        <Type>SchedulingLink</Type>
        <StrokeStyle>0</StrokeStyle>
      </OOMMObjectInteractionEdge>
      <OOMMObjectInteractionEdge>
        <ID>-2147483627</ID>
        <MirrorTriggerName>Grant</MirrorTriggerName>
        <MirrorObject>7801dc9d-eec6-4549-99ed-dd79d1cda383</MirrorObject>
        <MirrorPort>16</MirrorPort>
        <BoundaryTriggerName>Grant</BoundaryTriggerName>
        <BoundaryObject>0e83bbcd-865e-4776-bb06-9c64ad97dd3e</BoundaryObject>
        <BoundaryPort>17</BoundaryPort>
        <Type>SchedulingLink</Type>
        <StrokeStyle>0</StrokeStyle>
      </OOMMObjectInteractionEdge>
      <OOMMObjectInteractionEdge>
        <ID>-2147483626</ID>
        <MirrorTriggerName>Unload</MirrorTriggerName>
        <MirrorObject>0e83bbcd-865e-4776-bb06-9c64ad97dd3e</MirrorObject>
        <MirrorPort>21</MirrorPort>
        <BoundaryTriggerName>Enter</BoundaryTriggerName>
        <BoundaryObject>7801dc9d-eec6-4549-99ed-dd79d1cda383</BoundaryObject>
        <BoundaryPort>20</BoundaryPort>
        <Type>SchedulingLink</Type>
        <StrokeStyle>0</StrokeStyle>
      </OOMMObjectInteractionEdge>
      <OOMMObjectInteractionEdge>
        <ID>-2147483624</ID>
        <MirrorTriggerName>Arrive</MirrorTriggerName>
        <MirrorObject>7801dc9d-eec6-4549-99ed-dd79d1cda383</MirrorObject>
        <MirrorPort>13</MirrorPort>
        <BoundaryTriggerName>arrive</BoundaryTriggerName>
        <BoundaryObject>164ada94-4e49-4734-803e-309ad7429be9</BoundaryObject>
        <BoundaryPort>12</BoundaryPort>
        <Type>SchedulingLink</Type>
        <StrokeStyle>0</StrokeStyle>
      </OOMMObjectInteractionEdge>
      <OOMMObjectInteractionEdge>
        <ID>-2147483622</ID>
        <MirrorTriggerName>withdraw</MirrorTriggerName>
        <MirrorObject>164ada94-4e49-4734-803e-309ad7429be9</MirrorObject>
        <MirrorPort>20</MirrorPort>
        <BoundaryTriggerName>Withdraw</BoundaryTriggerName>
        <BoundaryObject>7801dc9d-eec6-4549-99ed-dd79d1cda383</BoundaryObject>
        <BoundaryPort>21</BoundaryPort>
        <Type>SchedulingLink</Type>
        <StrokeStyle>0</StrokeStyle>
      </OOMMObjectInteractionEdge>
      <OOMMObjectInteractionEdge>
        <ID>-2147483620</ID>
        <MirrorTriggerName>withdraw</MirrorTriggerName>
        <MirrorObject>164ada94-4e49-4734-803e-309ad7429be9</MirrorObject>
        <MirrorPort>13</MirrorPort>
        <BoundaryTriggerName>Start</BoundaryTriggerName>
        <BoundaryObject>de1ebd48-58b5-4b0a-9248-26c97f9c81cf</BoundaryObject>
        <BoundaryPort>12</BoundaryPort>
        <Type>SchedulingLink</Type>
        <StrokeStyle>0</StrokeStyle>
      </OOMMObjectInteractionEdge>
      <OOMMObjectInteractionEdge>
        <ID>-2147483619</ID>
        <MirrorTriggerName>Request</MirrorTriggerName>
        <MirrorObject>de1ebd48-58b5-4b0a-9248-26c97f9c81cf</MirrorObject>
        <MirrorPort>18</MirrorPort>
        <BoundaryTriggerName>request</BoundaryTriggerName>
        <BoundaryObject>164ada94-4e49-4734-803e-309ad7429be9</BoundaryObject>
        <BoundaryPort>19</BoundaryPort>
        <Type>SchedulingLink</Type>
        <StrokeStyle>0</StrokeStyle>
      </OOMMObjectInteractionEdge>
    </ObjectInteractionEdges>
    <DataAssociations />
    <StateVariableUpdateEdges />
    <Texts>
      <OOMMTextNode>
        <Text>Arrived Jobs:</Text>
        <X>120</X>
        <Y>160</Y>
        <Font>
          <Size>8</Size>
          <Bold>true</Bold>
          <Italic>false</Italic>
          <Underline>false</Underline>
          <Strikeout>false</Strikeout>
          <Color>-16777216</Color>
          <Name>Microsoft Sans Serif</Name>
        </Font>
        <TransparentBackground>false</TransparentBackground>
        <BackColor>-1</BackColor>
        <BorderColor>0</BorderColor>
      </OOMMTextNode>
      <OOMMTextNode>
        <Text>Departed Jobs:</Text>
        <X>110</X>
        <Y>190</Y>
        <Font>
          <Size>8</Size>
          <Bold>true</Bold>
          <Italic>false</Italic>
          <Underline>false</Underline>
          <Strikeout>false</Strikeout>
          <Color>-16777216</Color>
          <Name>Microsoft Sans Serif</Name>
        </Font>
        <TransparentBackground>false</TransparentBackground>
        <BackColor>-1</BackColor>
        <BorderColor>0</BorderColor>
      </OOMMTextNode>
      <OOMMTextNode>
        <Text>B1:</Text>
        <X>300</X>
        <Y>160</Y>
        <Font>
          <Size>8</Size>
          <Bold>true</Bold>
          <Italic>false</Italic>
          <Underline>false</Underline>
          <Strikeout>false</Strikeout>
          <Color>-16777216</Color>
          <Name>Microsoft Sans Serif</Name>
        </Font>
        <TransparentBackground>false</TransparentBackground>
        <BackColor>-1</BackColor>
        <BorderColor>0</BorderColor>
      </OOMMTextNode>
      <OOMMTextNode>
        <Text>C2.A:</Text>
        <X>300</X>
        <Y>190</Y>
        <Font>
          <Size>8</Size>
          <Bold>true</Bold>
          <Italic>false</Italic>
          <Underline>false</Underline>
          <Strikeout>false</Strikeout>
          <Color>-16777216</Color>
          <Name>Microsoft Sans Serif</Name>
        </Font>
        <TransparentBackground>false</TransparentBackground>
        <BackColor>-1</BackColor>
        <BorderColor>0</BorderColor>
      </OOMMTextNode>
      <OOMMTextNode>
        <Text>C2.C:</Text>
        <X>300</X>
        <Y>220</Y>
        <Font>
          <Size>8</Size>
          <Bold>true</Bold>
          <Italic>false</Italic>
          <Underline>false</Underline>
          <Strikeout>false</Strikeout>
          <Color>-16777216</Color>
          <Name>Microsoft Sans Serif</Name>
        </Font>
        <TransparentBackground>false</TransparentBackground>
        <BackColor>-1</BackColor>
        <BorderColor>0</BorderColor>
      </OOMMTextNode>
      <OOMMTextNode>
        <Text>A2.J</Text>
        <X>300</X>
        <Y>250</Y>
        <Font>
          <Size>8</Size>
          <Bold>true</Bold>
          <Italic>false</Italic>
          <Underline>false</Underline>
          <Strikeout>false</Strikeout>
          <Color>-16777216</Color>
          <Name>Microsoft Sans Serif</Name>
        </Font>
        <TransparentBackground>false</TransparentBackground>
        <BackColor>-1</BackColor>
        <BorderColor>0</BorderColor>
      </OOMMTextNode>
    </Texts>
    <Labels>
      <OOMMLabelNode>
        <NodeID>c88658cd-bb06-4c2a-81d6-50cfbf769e5a</NodeID>
        <LabelName>Variable 1</LabelName>
        <StateVariableName>ArrivedJobs</StateVariableName>
        <ObjectID>48ff464d-0f5a-4a56-8945-2696cbb78617</ObjectID>
        <X>200</X>
        <Y>160</Y>
        <Font>
          <Size>8</Size>
          <Bold>false</Bold>
          <Italic>true</Italic>
          <Underline>false</Underline>
          <Strikeout>false</Strikeout>
          <Color>-16777216</Color>
          <Name>Microsoft Sans Serif</Name>
        </Font>
        <TransparentBackground>false</TransparentBackground>
        <BackColor>-1</BackColor>
        <BorderColor>0</BorderColor>
      </OOMMLabelNode>
      <OOMMLabelNode>
        <NodeID>4f7c3b5b-814f-4855-b140-23cbc0e7363f</NodeID>
        <LabelName>Variable 2</LabelName>
        <StateVariableName>ProcessedJobs</StateVariableName>
        <ObjectID>de1ebd48-58b5-4b0a-9248-26c97f9c81cf</ObjectID>
        <X>200</X>
        <Y>190</Y>
        <Font>
          <Size>8</Size>
          <Bold>false</Bold>
          <Italic>true</Italic>
          <Underline>false</Underline>
          <Strikeout>false</Strikeout>
          <Color>-16777216</Color>
          <Name />
        </Font>
        <TransparentBackground>false</TransparentBackground>
        <BackColor>-1</BackColor>
        <BorderColor>0</BorderColor>
      </OOMMLabelNode>
      <OOMMLabelNode>
        <NodeID>c46b8ddd-7ff1-4395-8ca6-38bf8175690b</NodeID>
        <LabelName>Variable 3</LabelName>
        <StateVariableName>J</StateVariableName>
        <ObjectID>a3c7a2cb-aaad-404c-9b15-8140df120151</ObjectID>
        <X>340</X>
        <Y>160</Y>
        <Font>
          <Size>8</Size>
          <Bold>false</Bold>
          <Italic>true</Italic>
          <Underline>false</Underline>
          <Strikeout>false</Strikeout>
          <Color>-16777216</Color>
          <Name />
        </Font>
        <TransparentBackground>false</TransparentBackground>
        <BackColor>-1</BackColor>
        <BorderColor>0</BorderColor>
      </OOMMLabelNode>
      <OOMMLabelNode>
        <NodeID>e705abe4-2dab-4af8-9b52-7ac1b6985ec2</NodeID>
        <LabelName>Variable 4</LabelName>
        <StateVariableName>A</StateVariableName>
        <ObjectID>7801dc9d-eec6-4549-99ed-dd79d1cda383</ObjectID>
        <X>340</X>
        <Y>190</Y>
        <Font>
          <Size>8</Size>
          <Bold>false</Bold>
          <Italic>true</Italic>
          <Underline>false</Underline>
          <Strikeout>false</Strikeout>
          <Color>-16777216</Color>
          <Name>Microsoft Sans Serif</Name>
        </Font>
        <TransparentBackground>false</TransparentBackground>
        <BackColor>-1</BackColor>
        <BorderColor>0</BorderColor>
      </OOMMLabelNode>
      <OOMMLabelNode>
        <NodeID>56c35e8e-186e-4b8c-8b97-6f56f58169a4</NodeID>
        <LabelName>Variable 5</LabelName>
        <StateVariableName>C</StateVariableName>
        <ObjectID>7801dc9d-eec6-4549-99ed-dd79d1cda383</ObjectID>
        <X>340</X>
        <Y>220</Y>
        <Font>
          <Size>8</Size>
          <Bold>false</Bold>
          <Italic>true</Italic>
          <Underline>false</Underline>
          <Strikeout>false</Strikeout>
          <Color>-16777216</Color>
          <Name>Microsoft Sans Serif</Name>
        </Font>
        <TransparentBackground>false</TransparentBackground>
        <BackColor>-1</BackColor>
        <BorderColor>0</BorderColor>
      </OOMMLabelNode>
      <OOMMLabelNode>
        <NodeID>215db68a-f5e6-49f4-90e6-2d2030f15b94</NodeID>
        <LabelName>Variable 6</LabelName>
        <StateVariableName>J</StateVariableName>
        <ObjectID>164ada94-4e49-4734-803e-309ad7429be9</ObjectID>
        <X>340</X>
        <Y>250</Y>
        <Font>
          <Size>8</Size>
          <Bold>false</Bold>
          <Italic>true</Italic>
          <Underline>false</Underline>
          <Strikeout>false</Strikeout>
          <Color>-16777216</Color>
          <Name>Microsoft Sans Serif</Name>
        </Font>
        <TransparentBackground>false</TransparentBackground>
        <BackColor>-1</BackColor>
        <BorderColor>0</BorderColor>
      </OOMMLabelNode>
    </Labels>
    <DataSetNodes />
    <HistogramDataNodes />
    <StatisticsNodes />
    <BarCharts />
    <PieCharts />
    <Plots />
    <TimePlots>
      <OOMMTimePlot>
        <Title>Queue Lengths</Title>
        <Description />
        <Dimension>
          <X>20</X>
          <Y>280</Y>
          <Width>502.630066</Width>
          <Height>298.655884</Height>
        </Dimension>
        <Series>
          <Values>
            <OOMMSeries>
              <Name>B1</Name>
              <Value>B1.J</Value>
              <Type>Bar</Type>
              <Appearance>
                <MarkerColor>DarkGreen</MarkerColor>
                <LineColor>DarkRed</LineColor>
                <MarkerType>Diamond</MarkerType>
                <BackgroundColor />
                <LineWidth>2</LineWidth>
              </Appearance>
            </OOMMSeries>
            <OOMMSeries>
              <Name>B2</Name>
              <Value>A2.J</Value>
              <Type>Bar</Type>
              <Appearance>
                <MarkerColor>Beige</MarkerColor>
                <LineColor>DarkOrchid</LineColor>
                <MarkerType>Diamond</MarkerType>
                <BackgroundColor />
                <LineWidth>2</LineWidth>
              </Appearance>
            </OOMMSeries>
          </Values>
        </Series>
        <Appearance>
          <BackgroundColor>White</BackgroundColor>
          <NameColor>Black</NameColor>
          <DescriptionColor>Black</DescriptionColor>
          <BorderColor>Silver</BorderColor>
          <BorderWeight>1</BorderWeight>
        </Appearance>
      </OOMMTimePlot>
      <OOMMTimePlot>
        <Title>Conveying Jobs</Title>
        <Description>no description is available</Description>
        <Dimension>
          <X>530</X>
          <Y>280</Y>
          <Width>400</Width>
          <Height>300</Height>
        </Dimension>
        <Series>
          <Values>
            <OOMMSeries>
              <Name>C</Name>
              <Value>C2.C</Value>
              <Type>Bar</Type>
              <Appearance>
                <MarkerColor>Black</MarkerColor>
                <LineColor>LimeGreen</LineColor>
                <MarkerType>Diamond</MarkerType>
                <BackgroundColor />
                <LineWidth>2</LineWidth>
              </Appearance>
            </OOMMSeries>
          </Values>
        </Series>
        <Appearance>
          <BackgroundColor>#FFFFFF</BackgroundColor>
          <NameColor>Black</NameColor>
          <DescriptionColor>Black</DescriptionColor>
          <BorderColor>#E4E7E9</BorderColor>
          <BorderWeight>1</BorderWeight>
        </Appearance>
      </OOMMTimePlot>
    </TimePlots>
    <DonutCharts />
    <ScatterCharts />
    <BoxWhiskerCharts />
    <Histograms />
    <Tiles />
    <ObjectNodes>
      <OOMMObjectNode>
        <NodeID>48ff464d-0f5a-4a56-8945-2696cbb78617</NodeID>
        <ModelID>e5b65dfe-77ae-486c-b67b-ca2b9d67788b</ModelID>
        <Name>JB</Name>
        <X>20</X>
        <Y>80</Y>
        <BackgroundColor>-1</BackgroundColor>
        <StateVariables>
          <OOMMObjectStateVariable>
            <Name>ArrivedJobs</Name>
            <Value>0</Value>
          </OOMMObjectStateVariable>
        </StateVariables>
        <Type>StateObject</Type>
      </OOMMObjectNode>
      <OOMMObjectNode>
        <NodeID>7801dc9d-eec6-4549-99ed-dd79d1cda383</NodeID>
        <ModelID>72b3d4ec-afa4-4c2b-b147-e00cc06340e5</ModelID>
        <Name>C2</Name>
        <X>490</X>
        <Y>80</Y>
        <BackgroundColor>-1</BackgroundColor>
        <StateVariables>
          <OOMMObjectStateVariable>
            <Name>A</Name>
            <Value>{10}</Value>
          </OOMMObjectStateVariable>
          <OOMMObjectStateVariable>
            <Name>C</Name>
            <Value>0</Value>
          </OOMMObjectStateVariable>
          <OOMMObjectStateVariable>
            <Name>tc</Name>
            <Value>{10}</Value>
          </OOMMObjectStateVariable>
        </StateVariables>
        <Type>StateObject</Type>
      </OOMMObjectNode>
      <OOMMObjectNode>
        <NodeID>164ada94-4e49-4734-803e-309ad7429be9</NodeID>
        <ModelID>396c3d0e-db8e-437c-8d66-6839619c7623</ModelID>
        <Name>A2</Name>
        <X>670</X>
        <Y>80</Y>
        <BackgroundColor>-1</BackgroundColor>
        <StateVariables>
          <OOMMObjectStateVariable>
            <Name>J</Name>
            <Value>{-1}</Value>
          </OOMMObjectStateVariable>
        </StateVariables>
        <Type>StateObject</Type>
      </OOMMObjectNode>
      <OOMMObjectNode>
        <NodeID>a3c7a2cb-aaad-404c-9b15-8140df120151</NodeID>
        <ModelID>785eca24-17d9-4e31-9f4d-cdf42dca4f64</ModelID>
        <Name>B1</Name>
        <X>170</X>
        <Y>80</Y>
        <BackgroundColor>-1</BackgroundColor>
        <StateVariables>
          <OOMMObjectStateVariable>
            <Name>J</Name>
            <Value>0</Value>
          </OOMMObjectStateVariable>
        </StateVariables>
        <Type>StateObject</Type>
      </OOMMObjectNode>
      <OOMMObjectNode>
        <NodeID>0e83bbcd-865e-4776-bb06-9c64ad97dd3e</NodeID>
        <ModelID>b8ff09f6-5cde-4d53-9018-f2310c9f3676</ModelID>
        <Name>M1</Name>
        <X>320</X>
        <Y>80</Y>
        <BackgroundColor>-1</BackgroundColor>
        <StateVariables>
          <OOMMObjectStateVariable>
            <Name>ts</Name>
            <Value>{10}</Value>
          </OOMMObjectStateVariable>
        </StateVariables>
        <Type>StateObject</Type>
      </OOMMObjectNode>
      <OOMMObjectNode>
        <NodeID>de1ebd48-58b5-4b0a-9248-26c97f9c81cf</NodeID>
        <ModelID>14faec19-463e-411a-8ff8-d0f5c6037966</ModelID>
        <Name>M2</Name>
        <X>850</X>
        <Y>80</Y>
        <BackgroundColor>-1</BackgroundColor>
        <StateVariables>
          <OOMMObjectStateVariable>
            <Name>ProcessedJobs</Name>
            <Value>{0}</Value>
          </OOMMObjectStateVariable>
          <OOMMObjectStateVariable>
            <Name>ST</Name>
            <Value>{15}</Value>
          </OOMMObjectStateVariable>
        </StateVariables>
        <Type>StateObject</Type>
      </OOMMObjectNode>
    </ObjectNodes>
  </ObjectInteractionDiagram>
  <ObjectNodes />
  <DataSourceNodes />
  <EventObjectSchedulingEdges />
  <DataAssociations />
  <Texts />
  <Labels />
  <DataSetNodes />
  <StatisticsNodes />
  <BarCharts />
  <PieCharts />
  <Plots />
  <TimePlots />
</OOMMModel>