<?xml version="1.0" encoding="utf-8"?>
<OOMMModel xmlns:xsi="http://www.w3.org/2001/XMLSchema-instance" xmlns:xsd="http://www.w3.org/2001/XMLSchema">
  <ID>7fa8afa1-d37b-4df3-bf31-60a14ef7b050</ID>
  <Properties>
    <OOMMModelProperty>
      <Name>ViewScale</Name>
      <Value xsi:type="xsd:float">1.20006311</Value>
    </OOMMModelProperty>
    <OOMMModelProperty>
      <Name>GridVisibility</Name>
      <Value xsi:type="xsd:boolean">true</Value>
    </OOMMModelProperty>
  </Properties>
  <Name>Table Tennis</Name>
  <Description />
  <Creator>Donghun Kang &lt;donghun.kang@gmail.com&gt;</Creator>
  <EventObjectModels />
  <StateObjectModels>
    <OOSGStateObjectModel>
      <ID>3a9101fc-0686-4318-81ae-f357f74e2bb0</ID>
      <Name>Player</Name>
      <Description />
      <Messages>
        <OOSGMessage>
          <Parameters />
          <MName>BallA</MName>
          <Type>Output</Type>
          <X>632.5</X>
          <Y>106.5</Y>
        </OOSGMessage>
        <OOSGMessage>
          <Parameters />
          <MName>OutA</MName>
          <Type>Output</Type>
          <X>632.5</X>
          <Y>136.5</Y>
        </OOSGMessage>
        <OOSGMessage>
          <Parameters />
          <MName>BallB</MName>
          <Type>Input</Type>
          <X>632.5</X>
          <Y>36.5</Y>
        </OOSGMessage>
        <OOSGMessage>
          <Parameters />
          <MName>OutB</MName>
          <Type>Input</Type>
          <X>632.5</X>
          <Y>66.5</Y>
        </OOSGMessage>
      </Messages>
      <States>
        <OOSGState>
          <Name>Attack</Name>
          <Type>Regular</Type>
          <EntryAction>Rally++; U= uni(0,1);</EntryAction>
          <Delay>
            <Name>A</Name>
            <DeltaName>delta[A]</DeltaName>
          </Delay>
          <X>65.6868439</X>
          <Y>53.6067734</Y>
        </OOSGState>
        <OOSGState>
          <Name>Defense</Name>
          <Type>Regular</Type>
          <EntryAction />
          <Delay>
            <Name />
            <DeltaName>delta[]</DeltaName>
          </Delay>
          <X>298.923828</X>
          <Y>23.6067734</Y>
        </OOSGState>
        <OOSGState>
          <Name>Wait</Name>
          <Type>Initial</Type>
          <EntryAction>Rally=0;</EntryAction>
          <Delay>
            <Name>W</Name>
            <DeltaName>delta[W]</DeltaName>
          </Delay>
          <X>214.638565</X>
          <Y>143.606766</Y>
        </OOSGState>
        <OOSGState>
          <Name>GameOver</Name>
          <Type>Regular</Type>
          <EntryAction />
          <Delay>
            <Name />
            <DeltaName>delta[]</DeltaName>
          </Delay>
          <X>439.248718</X>
          <Y>143.606766</Y>
        </OOSGState>
      </States>
      <StateVariables>
        <OOSGStateVariable>
          <Name>A</Name>
          <Type>int</Type>
          <IsCustomType>false</IsCustomType>
          <InitialValue xsi:type="xsd:string">1</InitialValue>
        </OOSGStateVariable>
        <OOSGStateVariable>
          <Name>MyScr</Name>
          <Type>int</Type>
          <IsCustomType>false</IsCustomType>
          <InitialValue xsi:type="xsd:string">0</InitialValue>
        </OOSGStateVariable>
        <OOSGStateVariable>
          <Name>P</Name>
          <Type>double</Type>
          <IsCustomType>false</IsCustomType>
          <InitialValue xsi:type="xsd:string">0</InitialValue>
        </OOSGStateVariable>
        <OOSGStateVariable>
          <Name>Rally</Name>
          <Type>int</Type>
          <IsCustomType>false</IsCustomType>
          <InitialValue xsi:type="xsd:string">0</InitialValue>
        </OOSGStateVariable>
        <OOSGStateVariable>
          <Name>Rcv</Name>
          <Type>int</Type>
          <IsCustomType>false</IsCustomType>
          <InitialValue xsi:type="xsd:string">0</InitialValue>
        </OOSGStateVariable>
        <OOSGStateVariable>
          <Name>Srv</Name>
          <Type>int</Type>
          <IsCustomType>false</IsCustomType>
          <InitialValue xsi:type="xsd:string">0</InitialValue>
        </OOSGStateVariable>
        <OOSGStateVariable>
          <Name>U</Name>
          <Type>double</Type>
          <IsCustomType>false</IsCustomType>
          <InitialValue xsi:type="xsd:string">0</InitialValue>
        </OOSGStateVariable>
        <OOSGStateVariable>
          <Name>UrScr</Name>
          <Type>int</Type>
          <IsCustomType>false</IsCustomType>
          <InitialValue xsi:type="xsd:string">0</InitialValue>
        </OOSGStateVariable>
        <OOSGStateVariable>
          <Name>W</Name>
          <Type>int</Type>
          <IsCustomType>false</IsCustomType>
          <InitialValue xsi:type="xsd:string">2</InitialValue>
        </OOSGStateVariable>
      </StateVariables>
      <Parameters />
      <STT>
        <OOSGStateTransition>
          <FromPort>0</FromPort>
          <ToPort>0</ToPort>
          <LinkStyle>2</LinkStyle>
          <AdjustingStyle>0</AdjustingStyle>
          <Curviness>20</Curviness>
          <Orthogonal>false</Orthogonal>
          <Points>
            <OOSGPoint>
              <X>249.20314</X>
              <Y>143.106766</Y>
            </OOSGPoint>
            <OOSGPoint>
              <X>264.3387</X>
              <Y>101.7972</Y>
            </OOSGPoint>
            <OOSGPoint>
              <X>287.565247</X>
              <Y>73.05936</Y>
            </OOSGPoint>
            <OOSGPoint>
              <X>313.206</X>
              <Y>56.8932266</Y>
            </OOSGPoint>
          </Points>
          <CurrentState>
            <Name>Wait</Name>
            <Type>Initial</Type>
            <EntryAction>Rally=0;</EntryAction>
            <Delay>
              <Name>W</Name>
              <DeltaName>delta[W]</DeltaName>
            </Delay>
            <X>214.638565</X>
            <Y>143.606766</Y>
          </CurrentState>
          <EntryAction>Rally=0;</EntryAction>
          <InputOrDelay>delta[W]</InputOrDelay>
          <InputAction />
          <Condition>(MyScr &lt; 11) &amp;&amp; (UrScr &lt; 11) &amp;&amp; (Srv == 2)</Condition>
          <TransitionAction>Rcv++; if (Rcv==2) Srv=0;</TransitionAction>
          <NextState>
            <Name>Defense</Name>
            <Type>Regular</Type>
            <EntryAction />
            <Delay>
              <Name />
              <DeltaName>delta[]</DeltaName>
            </Delay>
            <X>298.923828</X>
            <Y>23.6067734</Y>
          </NextState>
        </OOSGStateTransition>
        <OOSGStateTransition>
          <FromPort>0</FromPort>
          <ToPort>0</ToPort>
          <LinkStyle>2</LinkStyle>
          <AdjustingStyle>0</AdjustingStyle>
          <Curviness>20</Curviness>
          <Orthogonal>false</Orthogonal>
          <Points>
            <OOSGPoint>
              <X>271.88855</X>
              <Y>153.165283</Y>
            </OOSGPoint>
            <OOSGPoint>
              <X>327.5086</X>
              <Y>140</Y>
            </OOSGPoint>
            <OOSGPoint>
              <X>383.128662</X>
              <Y>140</Y>
            </OOSGPoint>
            <OOSGPoint>
              <X>438.748718</X>
              <Y>150.408783</Y>
            </OOSGPoint>
          </Points>
          <CurrentState>
            <Name>Wait</Name>
            <Type>Initial</Type>
            <EntryAction>Rally=0;</EntryAction>
            <Delay>
              <Name>W</Name>
              <DeltaName>delta[W]</DeltaName>
            </Delay>
            <X>214.638565</X>
            <Y>143.606766</Y>
          </CurrentState>
          <EntryAction>Rally=0;</EntryAction>
          <InputOrDelay>delta[W]</InputOrDelay>
          <InputAction />
          <Condition>(MyScr == 11) || (UrScr == 11)</Condition>
          <TransitionAction />
          <NextState>
            <Name>GameOver</Name>
            <Type>Regular</Type>
            <EntryAction />
            <Delay>
              <Name />
              <DeltaName>delta[]</DeltaName>
            </Delay>
            <X>439.248718</X>
            <Y>143.606766</Y>
          </NextState>
        </OOSGStateTransition>
        <OOSGStateTransition>
          <FromPort>0</FromPort>
          <ToPort>0</ToPort>
          <LinkStyle>2</LinkStyle>
          <AdjustingStyle>0</AdjustingStyle>
          <Curviness>20</Curviness>
          <Orthogonal>false</Orthogonal>
          <Points>
            <OOSGPoint>
              <X>214.138565</X>
              <Y>151.97168</Y>
            </OOSGPoint>
            <OOSGPoint>
              <X>175.741959</X>
              <Y>141.296</Y>
            </OOSGPoint>
            <OOSGPoint>
              <X>145.966782</X>
              <Y>122.558167</Y>
            </OOSGPoint>
            <OOSGPoint>
              <X>114.77462</X>
              <Y>86.89323</Y>
            </OOSGPoint>
          </Points>
          <CurrentState>
            <Name>Wait</Name>
            <Type>Initial</Type>
            <EntryAction>Rally=0;</EntryAction>
            <Delay>
              <Name>W</Name>
              <DeltaName>delta[W]</DeltaName>
            </Delay>
            <X>214.638565</X>
            <Y>143.606766</Y>
          </CurrentState>
          <EntryAction>Rally=0;</EntryAction>
          <InputOrDelay>delta[W]</InputOrDelay>
          <InputAction />
          <Condition>(MyScr &lt; 11) &amp;&amp; (UrScr &lt; 11) &amp;&amp; (Rcv == 2)</Condition>
          <TransitionAction>Srv++; if (Srv==2) Rcv = 0;</TransitionAction>
          <NextState>
            <Name>Attack</Name>
            <Type>Regular</Type>
            <EntryAction>Rally++; U= uni(0,1);</EntryAction>
            <Delay>
              <Name>A</Name>
              <DeltaName>delta[A]</DeltaName>
            </Delay>
            <X>65.6868439</X>
            <Y>53.6067734</Y>
          </NextState>
        </OOSGStateTransition>
        <OOSGStateTransition>
          <FromPort>0</FromPort>
          <ToPort>0</ToPort>
          <LinkStyle>2</LinkStyle>
          <AdjustingStyle>0</AdjustingStyle>
          <Curviness>20</Curviness>
          <Orthogonal>false</Orthogonal>
          <Points>
            <OOSGPoint>
              <X>134.813141</X>
              <Y>79.67934</Y>
            </OOSGPoint>
            <OOSGPoint>
              <X>167.271591</X>
              <Y>88.70398</Y>
            </OOSGPoint>
            <OOSGPoint>
              <X>197.046768</X>
              <Y>107.441826</Y>
            </OOSGPoint>
            <OOSGPoint>
              <X>228.238922</X>
              <Y>143.106766</Y>
            </OOSGPoint>
          </Points>
          <CurrentState>
            <Name>Attack</Name>
            <Type>Regular</Type>
            <EntryAction>Rally++; U= uni(0,1);</EntryAction>
            <Delay>
              <Name>A</Name>
              <DeltaName>delta[A]</DeltaName>
            </Delay>
            <X>65.6868439</X>
            <Y>53.6067734</Y>
          </CurrentState>
          <EntryAction>Rally++; U= uni(0,1);</EntryAction>
          <InputOrDelay>delta[A]</InputOrDelay>
          <InputAction />
          <Condition>U &gt; P</Condition>
          <TransitionAction>(OutA)!;UrScr++;</TransitionAction>
          <NextState>
            <Name>Wait</Name>
            <Type>Initial</Type>
            <EntryAction>Rally=0;</EntryAction>
            <Delay>
              <Name>W</Name>
              <DeltaName>delta[W]</DeltaName>
            </Delay>
            <X>214.638565</X>
            <Y>143.606766</Y>
          </NextState>
        </OOSGStateTransition>
        <OOSGStateTransition>
          <FromPort>0</FromPort>
          <ToPort>0</ToPort>
          <LinkStyle>2</LinkStyle>
          <AdjustingStyle>0</AdjustingStyle>
          <Curviness>20</Curviness>
          <Orthogonal>false</Orthogonal>
          <Points>
            <OOSGPoint>
              <X>134.813141</X>
              <Y>57.57091</Y>
            </OOSGPoint>
            <OOSGPoint>
              <X>186.869339</X>
              <Y>38.9856567</Y>
            </OOSGPoint>
            <OOSGPoint>
              <X>241.406235</X>
              <Y>32.16855</Y>
            </OOSGPoint>
            <OOSGPoint>
              <X>298.423828</X>
              <Y>36.69754</Y>
            </OOSGPoint>
          </Points>
          <CurrentState>
            <Name>Attack</Name>
            <Type>Regular</Type>
            <EntryAction>Rally++; U= uni(0,1);</EntryAction>
            <Delay>
              <Name>A</Name>
              <DeltaName>delta[A]</DeltaName>
            </Delay>
            <X>65.6868439</X>
            <Y>53.6067734</Y>
          </CurrentState>
          <EntryAction>Rally++; U= uni(0,1);</EntryAction>
          <InputOrDelay>delta[A]</InputOrDelay>
          <InputAction />
          <Condition>U &lt;= P</Condition>
          <TransitionAction>(BallA)!;Rally++;</TransitionAction>
          <NextState>
            <Name>Defense</Name>
            <Type>Regular</Type>
            <EntryAction />
            <Delay>
              <Name />
              <DeltaName>delta[]</DeltaName>
            </Delay>
            <X>298.923828</X>
            <Y>23.6067734</Y>
          </NextState>
        </OOSGStateTransition>
        <OOSGStateTransition>
          <FromPort>0</FromPort>
          <ToPort>0</ToPort>
          <LinkStyle>2</LinkStyle>
          <AdjustingStyle>0</AdjustingStyle>
          <Curviness>20</Curviness>
          <Orthogonal>false</Orthogonal>
          <Points>
            <OOSGPoint>
              <X>298.423828</X>
              <Y>54.1468735</Y>
            </OOSGPoint>
            <OOSGPoint>
              <X>246.36763</X>
              <Y>71.85972</Y>
            </OOSGPoint>
            <OOSGPoint>
              <X>191.830734</X>
              <Y>78.67683</Y>
            </OOSGPoint>
            <OOSGPoint>
              <X>134.813141</X>
              <Y>73.2894</Y>
            </OOSGPoint>
          </Points>
          <CurrentState>
            <Name>Defense</Name>
            <Type>Regular</Type>
            <EntryAction />
            <Delay>
              <Name />
              <DeltaName>delta[]</DeltaName>
            </Delay>
            <X>298.923828</X>
            <Y>23.6067734</Y>
          </CurrentState>
          <EntryAction />
          <InputOrDelay>(BallB)?</InputOrDelay>
          <InputAction />
          <Condition>true</Condition>
          <TransitionAction />
          <NextState>
            <Name>Attack</Name>
            <Type>Regular</Type>
            <EntryAction>Rally++; U= uni(0,1);</EntryAction>
            <Delay>
              <Name>A</Name>
              <DeltaName>delta[A]</DeltaName>
            </Delay>
            <X>65.6868439</X>
            <Y>53.6067734</Y>
          </NextState>
        </OOSGStateTransition>
        <OOSGStateTransition>
          <FromPort>0</FromPort>
          <ToPort>0</ToPort>
          <LinkStyle>2</LinkStyle>
          <AdjustingStyle>0</AdjustingStyle>
          <Curviness>20</Curviness>
          <Orthogonal>false</Orthogonal>
          <Points>
            <OOSGPoint>
              <X>333.810425</X>
              <Y>56.8932266</Y>
            </OOSGPoint>
            <OOSGPoint>
              <X>318.674866</X>
              <Y>98.20279</Y>
            </OOSGPoint>
            <OOSGPoint>
              <X>295.448334</X>
              <Y>126.940636</Y>
            </OOSGPoint>
            <OOSGPoint>
              <X>269.8076</X>
              <Y>143.106766</Y>
            </OOSGPoint>
          </Points>
          <CurrentState>
            <Name>Defense</Name>
            <Type>Regular</Type>
            <EntryAction />
            <Delay>
              <Name />
              <DeltaName>delta[]</DeltaName>
            </Delay>
            <X>298.923828</X>
            <Y>23.6067734</Y>
          </CurrentState>
          <EntryAction />
          <InputOrDelay>(OutB)?</InputOrDelay>
          <InputAction />
          <Condition>true</Condition>
          <TransitionAction>MyScr++;</TransitionAction>
          <NextState>
            <Name>Wait</Name>
            <Type>Initial</Type>
            <EntryAction>Rally=0;</EntryAction>
            <Delay>
              <Name>W</Name>
              <DeltaName>delta[W]</DeltaName>
            </Delay>
            <X>214.638565</X>
            <Y>143.606766</Y>
          </NextState>
        </OOSGStateTransition>
      </STT>
      <Functions />
      <BackgroundColor>-1</BackgroundColor>
      <IsContainIntialState>false</IsContainIntialState>
      <HasFinalState>false</HasFinalState>
      <Schedules />
      <EntityQueues />
    </OOSGStateObjectModel>
  </StateObjectModels>
  <ActivityObjectModels />
  <Experiments>
    <OOMMExperiment>
      <ID>c938b37f-5968-43fb-b32a-16403bec2638</ID>
      <Name>Simulation 1</Name>
      <Type>SIMULATION</Type>
      <EOSTime>7200</EOSTime>
      <EOSTimeUnit>Seconds</EOSTimeUnit>
      <UseRandSeed>false</UseRandSeed>
      <FastForward>true</FastForward>
      <Parallel>false</Parallel>
      <RandSeed>4434</RandSeed>
    </OOMMExperiment>
  </Experiments>
  <DataSources />
  <Entities />
  <UserClasses />
  <FileName>C:\Users\dongh_000\Drive\My Shared Workspace\SEA Simulator\models\SG\Table Tennis.xml</FileName>
  <ObjectInteractionDiagram>
    <DataSourceNodes />
    <ObjectInteractionEdges>
      <OOMMObjectInteractionEdge>
        <ID>-2147483647</ID>
        <MirrorTriggerName>BallA</MirrorTriggerName>
        <MirrorObject>2a7d646d-33c1-4100-9af6-4df53d672176</MirrorObject>
        <MirrorPort>13</MirrorPort>
        <BoundaryTriggerName>BallB</BoundaryTriggerName>
        <BoundaryObject>f645cc44-4125-4362-b65b-32c8c11051a3</BoundaryObject>
        <BoundaryPort>12</BoundaryPort>
        <Type>SchedulingLink</Type>
        <StrokeStyle>0</StrokeStyle>
      </OOMMObjectInteractionEdge>
      <OOMMObjectInteractionEdge>
        <ID>-2147483646</ID>
        <MirrorTriggerName>OutA</MirrorTriggerName>
        <MirrorObject>f645cc44-4125-4362-b65b-32c8c11051a3</MirrorObject>
        <MirrorPort>20</MirrorPort>
        <BoundaryTriggerName>OutB</BoundaryTriggerName>
        <BoundaryObject>2a7d646d-33c1-4100-9af6-4df53d672176</BoundaryObject>
        <BoundaryPort>21</BoundaryPort>
        <Type>SchedulingLink</Type>
        <StrokeStyle>0</StrokeStyle>
      </OOMMObjectInteractionEdge>
      <OOMMObjectInteractionEdge>
        <ID>-2147483645</ID>
        <MirrorTriggerName>OutA</MirrorTriggerName>
        <MirrorObject>2a7d646d-33c1-4100-9af6-4df53d672176</MirrorObject>
        <MirrorPort>17</MirrorPort>
        <BoundaryTriggerName>OutB</BoundaryTriggerName>
        <BoundaryObject>f645cc44-4125-4362-b65b-32c8c11051a3</BoundaryObject>
        <BoundaryPort>16</BoundaryPort>
        <Type>SchedulingLink</Type>
        <StrokeStyle>0</StrokeStyle>
      </OOMMObjectInteractionEdge>
      <OOMMObjectInteractionEdge>
        <ID>-2147483644</ID>
        <MirrorTriggerName>BallA</MirrorTriggerName>
        <MirrorObject>f645cc44-4125-4362-b65b-32c8c11051a3</MirrorObject>
        <MirrorPort>1</MirrorPort>
        <BoundaryTriggerName>BallB</BoundaryTriggerName>
        <BoundaryObject>2a7d646d-33c1-4100-9af6-4df53d672176</BoundaryObject>
        <BoundaryPort>11</BoundaryPort>
        <Type>SchedulingLink</Type>
        <StrokeStyle>0</StrokeStyle>
      </OOMMObjectInteractionEdge>
    </ObjectInteractionEdges>
    <DataAssociations />
    <StateVariableUpdateEdges />
    <Texts />
    <Labels />
    <DataSetNodes />
    <HistogramDataNodes />
    <StatisticsNodes />
    <BarCharts />
    <PieCharts />
    <Plots />
    <TimePlots>
      <OOMMTimePlot>
        <Title>Rallies</Title>
        <Description>No. rallies of both players over time</Description>
        <Dimension>
          <X>140</X>
          <Y>200</Y>
          <Width>450</Width>
          <Height>300</Height>
        </Dimension>
        <Series>
          <Values>
            <OOMMSeries>
              <Name>Rally</Name>
              <Value>Player A.Rally</Value>
              <Type>Bar</Type>
              <Appearance>
                <MarkerColor>Black</MarkerColor>
                <LineColor>Red</LineColor>
                <MarkerType>Diamond</MarkerType>
                <BackgroundColor />
                <LineWidth>2</LineWidth>
              </Appearance>
            </OOMMSeries>
          </Values>
        </Series>
        <Appearance>
          <BackgroundColor>White</BackgroundColor>
          <NameColor>Black</NameColor>
          <DescriptionColor>Black</DescriptionColor>
          <BorderColor>Silver</BorderColor>
          <BorderWeight>1</BorderWeight>
        </Appearance>
      </OOMMTimePlot>
      <OOMMTimePlot>
        <Title>Scores</Title>
        <Description>scoces of both players over time</Description>
        <Dimension>
          <X>610</X>
          <Y>200</Y>
          <Width>450</Width>
          <Height>300</Height>
        </Dimension>
        <Series>
          <Values>
            <OOMMSeries>
              <Name>Player A</Name>
              <Value>Player A.MyScr</Value>
              <Type>Bar</Type>
              <Appearance>
                <MarkerColor>Black</MarkerColor>
                <LineColor>Cornsilk</LineColor>
                <MarkerType>Diamond</MarkerType>
                <BackgroundColor />
                <LineWidth>2</LineWidth>
              </Appearance>
            </OOMMSeries>
            <OOMMSeries>
              <Name>Player B</Name>
              <Value>Player B.MyScr</Value>
              <Type>Bar</Type>
              <Appearance>
                <MarkerColor>Black</MarkerColor>
                <LineColor>Chartreuse</LineColor>
                <MarkerType>Diamond</MarkerType>
                <BackgroundColor />
                <LineWidth>2</LineWidth>
              </Appearance>
            </OOMMSeries>
          </Values>
        </Series>
        <Appearance>
          <BackgroundColor>#FFFFFF</BackgroundColor>
          <NameColor>Black</NameColor>
          <DescriptionColor>Black</DescriptionColor>
          <BorderColor>#E4E7E9</BorderColor>
          <BorderWeight>1</BorderWeight>
        </Appearance>
      </OOMMTimePlot>
    </TimePlots>
    <DonutCharts />
    <ScatterCharts />
    <BoxWhiskerCharts />
    <Histograms />
    <Tiles>
      <OOMMTile>
        <Name>Player A</Name>
        <Value />
        <TargetObjectId>2a7d646d-33c1-4100-9af6-4df53d672176</TargetObjectId>
        <TargetObject>Player A</TargetObject>
        <TargetVariable>MyScr</TargetVariable>
        <InitialValue>0</InitialValue>
        <Shape>Rectangle</Shape>
        <Dimension>
          <X>620</X>
          <Y>30</Y>
          <Width>150</Width>
          <Height>150</Height>
        </Dimension>
        <MaxValue>0</MaxValue>
        <BackgroundColor>-9279814</BackgroundColor>
        <NameColor>-3289111</NameColor>
        <ValueColor>-1</ValueColor>
        <BorderColor>-16727825</BorderColor>
      </OOMMTile>
      <OOMMTile>
        <Name>Player B</Name>
        <Value />
        <TargetObjectId>f645cc44-4125-4362-b65b-32c8c11051a3</TargetObjectId>
        <TargetObject>Player B</TargetObject>
        <TargetVariable>MyScr</TargetVariable>
        <InitialValue>0</InitialValue>
        <Shape>Rectangle</Shape>
        <Dimension>
          <X>790</X>
          <Y>30</Y>
          <Width>150</Width>
          <Height>150</Height>
        </Dimension>
        <MaxValue>0</MaxValue>
        <BackgroundColor>-16711808</BackgroundColor>
        <NameColor>-16760832</NameColor>
        <ValueColor>-1</ValueColor>
        <BorderColor>-16711872</BorderColor>
      </OOMMTile>
    </Tiles>
    <ObjectNodes>
      <OOMMObjectNode>
        <NodeID>2a7d646d-33c1-4100-9af6-4df53d672176</NodeID>
        <ModelID>3a9101fc-0686-4318-81ae-f357f74e2bb0</ModelID>
        <Name>Player A</Name>
        <X>140</X>
        <Y>50</Y>
        <BackgroundColor>-1</BackgroundColor>
        <StateVariables>
          <OOMMObjectStateVariable>
            <Name>MyScr</Name>
            <Value>{0}</Value>
          </OOMMObjectStateVariable>
          <OOMMObjectStateVariable>
            <Name>Rally</Name>
            <Value>{0}</Value>
          </OOMMObjectStateVariable>
          <OOMMObjectStateVariable>
            <Name>Rcv</Name>
            <Value>{0}</Value>
          </OOMMObjectStateVariable>
          <OOMMObjectStateVariable>
            <Name>Srv</Name>
            <Value>{2}</Value>
          </OOMMObjectStateVariable>
          <OOMMObjectStateVariable>
            <Name>U</Name>
            <Value>0</Value>
          </OOMMObjectStateVariable>
          <OOMMObjectStateVariable>
            <Name>UrScr</Name>
            <Value>0</Value>
          </OOMMObjectStateVariable>
          <OOMMObjectStateVariable>
            <Name>W</Name>
            <Value>{2}</Value>
          </OOMMObjectStateVariable>
          <OOMMObjectStateVariable>
            <Name>A</Name>
            <Value>{1}</Value>
          </OOMMObjectStateVariable>
          <OOMMObjectStateVariable>
            <Name>P</Name>
            <Value>{0.7}</Value>
          </OOMMObjectStateVariable>
        </StateVariables>
        <Type>StateObject</Type>
      </OOMMObjectNode>
      <OOMMObjectNode>
        <NodeID>f645cc44-4125-4362-b65b-32c8c11051a3</NodeID>
        <ModelID>3a9101fc-0686-4318-81ae-f357f74e2bb0</ModelID>
        <Name>Player B</Name>
        <X>350</X>
        <Y>50</Y>
        <BackgroundColor>-1</BackgroundColor>
        <StateVariables>
          <OOMMObjectStateVariable>
            <Name>MyScr</Name>
            <Value>0</Value>
          </OOMMObjectStateVariable>
          <OOMMObjectStateVariable>
            <Name>Rally</Name>
            <Value>{0}</Value>
          </OOMMObjectStateVariable>
          <OOMMObjectStateVariable>
            <Name>Rcv</Name>
            <Value>{2}</Value>
          </OOMMObjectStateVariable>
          <OOMMObjectStateVariable>
            <Name>Srv</Name>
            <Value>{0}</Value>
          </OOMMObjectStateVariable>
          <OOMMObjectStateVariable>
            <Name>U</Name>
            <Value>{0}</Value>
          </OOMMObjectStateVariable>
          <OOMMObjectStateVariable>
            <Name>UrScr</Name>
            <Value>{0}</Value>
          </OOMMObjectStateVariable>
          <OOMMObjectStateVariable>
            <Name>P</Name>
            <Value>{0.5}</Value>
          </OOMMObjectStateVariable>
          <OOMMObjectStateVariable>
            <Name>W</Name>
            <Value>{2}</Value>
          </OOMMObjectStateVariable>
        </StateVariables>
        <Type>StateObject</Type>
      </OOMMObjectNode>
    </ObjectNodes>
  </ObjectInteractionDiagram>
  <ObjectNodes />
  <DataSourceNodes />
  <EventObjectSchedulingEdges />
  <DataAssociations />
  <Texts />
  <Labels />
  <DataSetNodes />
  <StatisticsNodes />
  <BarCharts />
  <PieCharts />
  <Plots />
  <TimePlots />
</OOMMModel>