<?xml version="1.0" encoding="utf-8"?>
<OOMMModel xmlns:xsi="http://www.w3.org/2001/XMLSchema-instance" xmlns:xsd="http://www.w3.org/2001/XMLSchema">
  <ID>1928ab6c-0ba5-493a-9e07-27c0f483d8a7</ID>
  <Properties>
    <OOMMModelProperty>
      <Name>ViewScale</Name>
      <Value xsi:type="xsd:float">1.3149904</Value>
    </OOMMModelProperty>
    <OOMMModelProperty>
      <Name>GridVisibility</Name>
      <Value xsi:type="xsd:boolean">true</Value>
    </OOMMModelProperty>
  </Properties>
  <Name>Tandem Line</Name>
  <Description>SG</Description>
  <Creator />
  <EventObjectModels>
    <OOEGEventObjectModel>
      <ID>00d60628-46fe-458c-8acb-7e14af23643a</ID>
      <Name>Machine</Name>
      <Description />
      <BackgroundColor>-1</BackgroundColor>
      <Functions />
      <Schedules />
      <EntityQueues />
      <EventTransitions>
        <OOEGEventTransition>
          <No>1</No>
          <Event>
            <ID>0</ID>
            <Name>Enter</Name>
            <Parameters />
            <Type>Regular</Type>
            <X>140</X>
            <Y>130</Y>
          </Event>
          <Action>Q++;</Action>
          <Edges>
            <OOEGEdgeTransition>
              <EdgeNo>1</EdgeNo>
              <Condition>M &gt; 0</Condition>
              <Delay>0</Delay>
              <Parameters />
              <NextEvent>Load</NextEvent>
              <IsCancelingEdge>false</IsCancelingEdge>
              <FromPort>0</FromPort>
              <ToPort>0</ToPort>
              <LinkStyle>0</LinkStyle>
              <AdjustingStyle>1</AdjustingStyle>
              <Curviness>10</Curviness>
              <Points>
                <OOEGPoint>
                  <X>164.138672</X>
                  <Y>130</Y>
                </OOEGPoint>
                <OOEGPoint>
                  <X>164.138672</X>
                  <Y>105</Y>
                </OOEGPoint>
                <OOEGPoint>
                  <X>392.220062</X>
                  <Y>105</Y>
                </OOEGPoint>
                <OOEGPoint>
                  <X>392.220062</X>
                  <Y>130</Y>
                </OOEGPoint>
              </Points>
            </OOEGEdgeTransition>
          </Edges>
          <InitialEvent>false</InitialEvent>
        </OOEGEventTransition>
        <OOEGEventTransition>
          <No>2</No>
          <Event>
            <ID>0</ID>
            <Name>Load</Name>
            <Parameters />
            <Type>Regular</Type>
            <X>370</X>
            <Y>130</Y>
          </Event>
          <Action>Q--; M--;</Action>
          <Edges>
            <OOEGEdgeTransition>
              <EdgeNo>1</EdgeNo>
              <Condition>true</Condition>
              <Delay>15</Delay>
              <Parameters />
              <NextEvent>Unload</NextEvent>
              <IsCancelingEdge>false</IsCancelingEdge>
              <FromPort>0</FromPort>
              <ToPort>0</ToPort>
              <LinkStyle>0</LinkStyle>
              <AdjustingStyle>1</AdjustingStyle>
              <Curviness>10</Curviness>
              <Points>
                <OOEGPoint>
                  <X>392.220062</X>
                  <Y>130</Y>
                </OOEGPoint>
                <OOEGPoint>
                  <X>392.220062</X>
                  <Y>105</Y>
                </OOEGPoint>
                <OOEGPoint>
                  <X>641.3301</X>
                  <Y>105</Y>
                </OOEGPoint>
                <OOEGPoint>
                  <X>641.3301</X>
                  <Y>130</Y>
                </OOEGPoint>
              </Points>
            </OOEGEdgeTransition>
          </Edges>
          <InitialEvent>false</InitialEvent>
        </OOEGEventTransition>
        <OOEGEventTransition>
          <No>3</No>
          <Event>
            <ID>0</ID>
            <Name>Unload</Name>
            <Parameters />
            <Type>Regular</Type>
            <X>610</X>
            <Y>130</Y>
          </Event>
          <Action>M++;ProcessedJobs++;</Action>
          <Edges>
            <OOEGEdgeTransition>
              <EdgeNo>1</EdgeNo>
              <Condition>Q &gt; 0</Condition>
              <Delay>0</Delay>
              <Parameters />
              <NextEvent>Load</NextEvent>
              <IsCancelingEdge>false</IsCancelingEdge>
              <FromPort>0</FromPort>
              <ToPort>0</ToPort>
              <LinkStyle>0</LinkStyle>
              <AdjustingStyle>1</AdjustingStyle>
              <Curviness>10</Curviness>
              <Points>
                <OOEGPoint>
                  <X>641.3301</X>
                  <Y>130</Y>
                </OOEGPoint>
                <OOEGPoint>
                  <X>641.3301</X>
                  <Y>105</Y>
                </OOEGPoint>
                <OOEGPoint>
                  <X>392.220062</X>
                  <Y>105</Y>
                </OOEGPoint>
                <OOEGPoint>
                  <X>392.220062</X>
                  <Y>130</Y>
                </OOEGPoint>
              </Points>
            </OOEGEdgeTransition>
          </Edges>
          <InitialEvent>false</InitialEvent>
        </OOEGEventTransition>
      </EventTransitions>
      <StateVariables>
        <OOEGStateVariable>
          <Name>M</Name>
          <Row>1</Row>
          <Col>1</Col>
          <ValueType>int</ValueType>
          <InitialValue>1</InitialValue>
          <Description />
        </OOEGStateVariable>
        <OOEGStateVariable>
          <Name>ProcessedJobs</Name>
          <Row>1</Row>
          <Col>1</Col>
          <ValueType>int</ValueType>
          <InitialValue>0</InitialValue>
          <Description />
        </OOEGStateVariable>
        <OOEGStateVariable>
          <Name>Q</Name>
          <Row>1</Row>
          <Col>1</Col>
          <ValueType>int</ValueType>
          <InitialValue>0</InitialValue>
          <Description />
        </OOEGStateVariable>
      </StateVariables>
      <Parameters />
      <X>150</X>
      <Y>60</Y>
      <InitialEventName />
      <BoundaryEvents />
    </OOEGEventObjectModel>
  </EventObjectModels>
  <StateObjectModels>
    <OOSGStateObjectModel>
      <ID>e5b65dfe-77ae-486c-b67b-ca2b9d67788b</ID>
      <Name>Job Generator</Name>
      <Description />
      <Messages>
        <OOSGMessage>
          <Parameters />
          <MName>Arrival</MName>
          <Type>Output</Type>
          <X>662.5</X>
          <Y>66.5</Y>
        </OOSGMessage>
      </Messages>
      <States>
        <OOSGState>
          <Name>Gen</Name>
          <Type>Initial</Type>
          <EntryAction>(Arrival)!;
ArrivedJobs++;</EntryAction>
          <Delay>
            <Name>exp(15)</Name>
            <DeltaName>delta[exp(15)]</DeltaName>
          </Delay>
          <X>416.022766</X>
          <Y>63.6067734</Y>
        </OOSGState>
      </States>
      <StateVariables>
        <OOSGStateVariable>
          <Name>ArrivedJobs</Name>
          <Type>int</Type>
          <IsCustomType>false</IsCustomType>
          <InitialValue xsi:type="xsd:string">0</InitialValue>
        </OOSGStateVariable>
      </StateVariables>
      <Parameters />
      <STT>
        <OOSGStateTransition>
          <FromPort>0</FromPort>
          <ToPort>0</ToPort>
          <LinkStyle>2</LinkStyle>
          <AdjustingStyle>0</AdjustingStyle>
          <Curviness>20</Curviness>
          <Orthogonal>false</Orthogonal>
          <Points>
            <OOSGPoint>
              <X>450.919952</X>
              <Y>96.89323</Y>
            </OOSGPoint>
            <OOSGPoint>
              <X>473.419952</X>
              <Y>135.864365</Y>
            </OOSGPoint>
            <OOSGPoint>
              <X>408.913361</X>
              <Y>135.864365</Y>
            </OOSGPoint>
            <OOSGPoint>
              <X>431.413361</X>
              <Y>96.89323</Y>
            </OOSGPoint>
          </Points>
          <CurrentState>
            <Name>Gen</Name>
            <Type>Initial</Type>
            <EntryAction>(Arrival)!;
ArrivedJobs++;</EntryAction>
            <Delay>
              <Name>exp(15)</Name>
              <DeltaName>delta[exp(15)]</DeltaName>
            </Delay>
            <X>416.022766</X>
            <Y>63.6067734</Y>
          </CurrentState>
          <EntryAction>(Arrival)!;
ArrivedJobs++;</EntryAction>
          <InputOrDelay>delta[exp(15)]</InputOrDelay>
          <InputAction />
          <Condition>true</Condition>
          <TransitionAction />
          <NextState>
            <Name>Gen</Name>
            <Type>Initial</Type>
            <EntryAction>(Arrival)!;
ArrivedJobs++;</EntryAction>
            <Delay>
              <Name>exp(15)</Name>
              <DeltaName>delta[exp(15)]</DeltaName>
            </Delay>
            <X>416.022766</X>
            <Y>63.6067734</Y>
          </NextState>
        </OOSGStateTransition>
      </STT>
      <Functions />
      <BackgroundColor>-1</BackgroundColor>
      <IsContainIntialState>false</IsContainIntialState>
      <HasFinalState>false</HasFinalState>
      <Schedules />
      <EntityQueues />
    </OOSGStateObjectModel>
    <OOSGStateObjectModel>
      <ID>14faec19-463e-411a-8ff8-d0f5c6037966</ID>
      <Name>Server</Name>
      <Description />
      <Messages>
        <OOSGMessage>
          <Parameters />
          <MName>Request</MName>
          <Type>Output</Type>
          <X>492.5</X>
          <Y>66.5</Y>
        </OOSGMessage>
        <OOSGMessage>
          <Parameters />
          <MName>Send</MName>
          <Type>Input</Type>
          <X>172.5</X>
          <Y>66.5</Y>
        </OOSGMessage>
        <OOSGMessage>
          <Parameters />
          <MName>Exit</MName>
          <Type>Output</Type>
          <X>492.5</X>
          <Y>116.5</Y>
        </OOSGMessage>
      </Messages>
      <States>
        <OOSGState>
          <Name>Idle</Name>
          <Type>Initial</Type>
          <EntryAction />
          <Delay>
            <Name />
            <DeltaName>delta[]</DeltaName>
          </Delay>
          <X>268.292236</X>
          <Y>63.6067734</Y>
        </OOSGState>
        <OOSGState>
          <Name>Run</Name>
          <Type>Regular</Type>
          <EntryAction />
          <Delay>
            <Name>ST</Name>
            <DeltaName>delta[ST]</DeltaName>
          </Delay>
          <X>395.125</X>
          <Y>63.6067734</Y>
        </OOSGState>
      </States>
      <StateVariables>
        <OOSGStateVariable>
          <Name>ProcessedJobs</Name>
          <Type>int</Type>
          <IsCustomType>false</IsCustomType>
          <InitialValue xsi:type="xsd:string">0</InitialValue>
        </OOSGStateVariable>
        <OOSGStateVariable>
          <Name>ST</Name>
          <Type>RandomVariate</Type>
          <IsCustomType>false</IsCustomType>
          <InitialValue xsi:type="xsd:string">expo(10)</InitialValue>
        </OOSGStateVariable>
      </StateVariables>
      <Parameters />
      <STT>
        <OOSGStateTransition>
          <FromPort>0</FromPort>
          <ToPort>0</ToPort>
          <LinkStyle>2</LinkStyle>
          <AdjustingStyle>0</AdjustingStyle>
          <Curviness>20</Curviness>
          <Orthogonal>false</Orthogonal>
          <Points>
            <OOSGPoint>
              <X>316.290924</X>
              <Y>70.3697357</Y>
            </OOSGPoint>
            <OOSGPoint>
              <X>342.402283</X>
              <Y>60</Y>
            </OOSGPoint>
            <OOSGPoint>
              <X>368.513641</X>
              <Y>60</Y>
            </OOSGPoint>
            <OOSGPoint>
              <X>394.625</X>
              <Y>70.14302</Y>
            </OOSGPoint>
          </Points>
          <CurrentState>
            <Name>Idle</Name>
            <Type>Initial</Type>
            <EntryAction />
            <Delay>
              <Name />
              <DeltaName>delta[]</DeltaName>
            </Delay>
            <X>268.292236</X>
            <Y>63.6067734</Y>
          </CurrentState>
          <EntryAction />
          <InputOrDelay>(Send)?</InputOrDelay>
          <InputAction />
          <Condition>true</Condition>
          <TransitionAction />
          <NextState>
            <Name>Run</Name>
            <Type>Regular</Type>
            <EntryAction />
            <Delay>
              <Name>ST</Name>
              <DeltaName>delta[ST]</DeltaName>
            </Delay>
            <X>395.125</X>
            <Y>63.6067734</Y>
          </NextState>
        </OOSGStateTransition>
        <OOSGStateTransition>
          <FromPort>0</FromPort>
          <ToPort>0</ToPort>
          <LinkStyle>2</LinkStyle>
          <AdjustingStyle>0</AdjustingStyle>
          <Curviness>20</Curviness>
          <Orthogonal>false</Orthogonal>
          <Points>
            <OOSGPoint>
              <X>394.625</X>
              <Y>89.85698</Y>
            </OOSGPoint>
            <OOSGPoint>
              <X>368.513641</X>
              <Y>100</Y>
            </OOSGPoint>
            <OOSGPoint>
              <X>342.402283</X>
              <Y>100</Y>
            </OOSGPoint>
            <OOSGPoint>
              <X>316.290924</X>
              <Y>89.6302643</Y>
            </OOSGPoint>
          </Points>
          <CurrentState>
            <Name>Run</Name>
            <Type>Regular</Type>
            <EntryAction />
            <Delay>
              <Name>ST</Name>
              <DeltaName>delta[ST]</DeltaName>
            </Delay>
            <X>395.125</X>
            <Y>63.6067734</Y>
          </CurrentState>
          <EntryAction />
          <InputOrDelay>delta[ST]</InputOrDelay>
          <InputAction>(Request)!</InputAction>
          <Condition>true</Condition>
          <TransitionAction>(Exit)!; ProcessedJobs++;</TransitionAction>
          <NextState>
            <Name>Idle</Name>
            <Type>Initial</Type>
            <EntryAction />
            <Delay>
              <Name />
              <DeltaName>delta[]</DeltaName>
            </Delay>
            <X>268.292236</X>
            <Y>63.6067734</Y>
          </NextState>
        </OOSGStateTransition>
      </STT>
      <Functions />
      <BackgroundColor>-1</BackgroundColor>
      <IsContainIntialState>false</IsContainIntialState>
      <HasFinalState>false</HasFinalState>
      <Schedules />
      <EntityQueues />
    </OOSGStateObjectModel>
    <OOSGStateObjectModel>
      <ID>785eca24-17d9-4e31-9f4d-cdf42dca4f64</ID>
      <Name>Buffer</Name>
      <Description />
      <Messages>
        <OOSGMessage>
          <Parameters />
          <MName>Arrival</MName>
          <Type>Input</Type>
          <X>272.5</X>
          <Y>56.5</Y>
        </OOSGMessage>
        <OOSGMessage>
          <Parameters />
          <MName>Request</MName>
          <Type>Input</Type>
          <X>272.5</X>
          <Y>26.5</Y>
        </OOSGMessage>
        <OOSGMessage>
          <Parameters />
          <MName>Send</MName>
          <Type>Output</Type>
          <X>152.5</X>
          <Y>26.5</Y>
        </OOSGMessage>
      </Messages>
      <States>
        <OOSGState>
          <Name>Backlog</Name>
          <Type>Initial</Type>
          <EntryAction />
          <Delay>
            <Name />
            <DeltaName>delta[]</DeltaName>
          </Delay>
          <X>79.19272</X>
          <Y>153.606766</Y>
        </OOSGState>
        <OOSGState>
          <Name>Empty</Name>
          <Type>Regular</Type>
          <EntryAction />
          <Delay>
            <Name />
            <DeltaName>delta[]</DeltaName>
          </Delay>
          <X>285.732422</X>
          <Y>183.606781</Y>
        </OOSGState>
        <OOSGState>
          <Name>Stock</Name>
          <Type>Regular</Type>
          <EntryAction />
          <Delay>
            <Name />
            <DeltaName>delta[]</DeltaName>
          </Delay>
          <X>479.473969</X>
          <Y>123.606773</Y>
        </OOSGState>
      </States>
      <StateVariables>
        <OOSGStateVariable>
          <Name>J</Name>
          <Type>int</Type>
          <IsCustomType>false</IsCustomType>
          <InitialValue xsi:type="xsd:string">0</InitialValue>
        </OOSGStateVariable>
      </StateVariables>
      <Parameters />
      <STT>
        <OOSGStateTransition>
          <FromPort>0</FromPort>
          <ToPort>0</ToPort>
          <LinkStyle>2</LinkStyle>
          <AdjustingStyle>0</AdjustingStyle>
          <Curviness>20</Curviness>
          <Orthogonal>false</Orthogonal>
          <Points>
            <OOSGPoint>
              <X>159.15625</X>
              <Y>166.4548</Y>
            </OOSGPoint>
            <OOSGPoint>
              <X>204.132935</X>
              <Y>162.491486</Y>
            </OOSGPoint>
            <OOSGPoint>
              <X>246.158325</X>
              <Y>168.761566</Y>
            </OOSGPoint>
            <OOSGPoint>
              <X>285.232422</X>
              <Y>185.291718</Y>
            </OOSGPoint>
          </Points>
          <CurrentState>
            <Name>Backlog</Name>
            <Type>Initial</Type>
            <EntryAction />
            <Delay>
              <Name />
              <DeltaName>delta[]</DeltaName>
            </Delay>
            <X>79.19272</X>
            <Y>153.606766</Y>
          </CurrentState>
          <EntryAction />
          <InputOrDelay>(Arrival)?</InputOrDelay>
          <InputAction>(Send)!</InputAction>
          <Condition>true</Condition>
          <TransitionAction />
          <NextState>
            <Name>Empty</Name>
            <Type>Regular</Type>
            <EntryAction />
            <Delay>
              <Name />
              <DeltaName>delta[]</DeltaName>
            </Delay>
            <X>285.732422</X>
            <Y>183.606781</Y>
          </NextState>
        </OOSGStateTransition>
        <OOSGStateTransition>
          <FromPort>0</FromPort>
          <ToPort>0</ToPort>
          <LinkStyle>2</LinkStyle>
          <AdjustingStyle>0</AdjustingStyle>
          <Curviness>20</Curviness>
          <Orthogonal>false</Orthogonal>
          <Points>
            <OOSGPoint>
              <X>347.478363</X>
              <Y>183.106781</Y>
            </OOSGPoint>
            <OOSGPoint>
              <X>390.1471</X>
              <Y>156.8748</Y>
            </OOSGPoint>
            <OOSGPoint>
              <X>431.549225</X>
              <Y>143.800446</Y>
            </OOSGPoint>
            <OOSGPoint>
              <X>478.973969</X>
              <Y>141.503021</Y>
            </OOSGPoint>
          </Points>
          <CurrentState>
            <Name>Empty</Name>
            <Type>Regular</Type>
            <EntryAction />
            <Delay>
              <Name />
              <DeltaName>delta[]</DeltaName>
            </Delay>
            <X>285.732422</X>
            <Y>183.606781</Y>
          </CurrentState>
          <EntryAction />
          <InputOrDelay>(Arrival)?</InputOrDelay>
          <InputAction>J++;</InputAction>
          <Condition>true</Condition>
          <TransitionAction />
          <NextState>
            <Name>Stock</Name>
            <Type>Regular</Type>
            <EntryAction />
            <Delay>
              <Name />
              <DeltaName>delta[]</DeltaName>
            </Delay>
            <X>479.473969</X>
            <Y>123.606773</Y>
          </NextState>
        </OOSGStateTransition>
        <OOSGStateTransition>
          <FromPort>0</FromPort>
          <ToPort>0</ToPort>
          <LinkStyle>2</LinkStyle>
          <AdjustingStyle>0</AdjustingStyle>
          <Curviness>20</Curviness>
          <Orthogonal>false</Orthogonal>
          <Points>
            <OOSGPoint>
              <X>285.232422</X>
              <Y>203.629059</Y>
            </OOSGPoint>
            <OOSGPoint>
              <X>240.255737</X>
              <Y>208.323761</Y>
            </OOSGPoint>
            <OOSGPoint>
              <X>198.230347</X>
              <Y>202.05368</Y>
            </OOSGPoint>
            <OOSGPoint>
              <X>159.15625</X>
              <Y>186.260788</Y>
            </OOSGPoint>
          </Points>
          <CurrentState>
            <Name>Empty</Name>
            <Type>Regular</Type>
            <EntryAction />
            <Delay>
              <Name />
              <DeltaName>delta[]</DeltaName>
            </Delay>
            <X>285.732422</X>
            <Y>183.606781</Y>
          </CurrentState>
          <EntryAction />
          <InputOrDelay>(Request)?</InputOrDelay>
          <InputAction />
          <Condition>true</Condition>
          <TransitionAction />
          <NextState>
            <Name>Backlog</Name>
            <Type>Initial</Type>
            <EntryAction />
            <Delay>
              <Name />
              <DeltaName>delta[]</DeltaName>
            </Delay>
            <X>79.19272</X>
            <Y>153.606766</Y>
          </NextState>
        </OOSGStateTransition>
        <OOSGStateTransition>
          <FromPort>0</FromPort>
          <ToPort>0</ToPort>
          <LinkStyle>2</LinkStyle>
          <AdjustingStyle>0</AdjustingStyle>
          <Curviness>20</Curviness>
          <Orthogonal>false</Orthogonal>
          <Points>
            <OOSGPoint>
              <X>519.7533</X>
              <Y>156.893219</Y>
            </OOSGPoint>
            <OOSGPoint>
              <X>542.2533</X>
              <Y>195.864365</Y>
            </OOSGPoint>
            <OOSGPoint>
              <X>477.7467</X>
              <Y>195.864365</Y>
            </OOSGPoint>
            <OOSGPoint>
              <X>500.2467</X>
              <Y>156.893219</Y>
            </OOSGPoint>
          </Points>
          <CurrentState>
            <Name>Stock</Name>
            <Type>Regular</Type>
            <EntryAction />
            <Delay>
              <Name />
              <DeltaName>delta[]</DeltaName>
            </Delay>
            <X>479.473969</X>
            <Y>123.606773</Y>
          </CurrentState>
          <EntryAction />
          <InputOrDelay>(Arrival)?</InputOrDelay>
          <InputAction>J++;</InputAction>
          <Condition>true</Condition>
          <TransitionAction />
          <NextState>
            <Name>Stock</Name>
            <Type>Regular</Type>
            <EntryAction />
            <Delay>
              <Name />
              <DeltaName>delta[]</DeltaName>
            </Delay>
            <X>479.473969</X>
            <Y>123.606773</Y>
          </NextState>
        </OOSGStateTransition>
        <OOSGStateTransition>
          <FromPort>0</FromPort>
          <ToPort>0</ToPort>
          <LinkStyle>2</LinkStyle>
          <AdjustingStyle>0</AdjustingStyle>
          <Curviness>20</Curviness>
          <Orthogonal>false</Orthogonal>
          <Points>
            <OOSGPoint>
              <X>483.254517</X>
              <Y>156.893219</Y>
            </OOSGPoint>
            <OOSGPoint>
              <X>443.594452</X>
              <Y>181.943665</Y>
            </OOSGPoint>
            <OOSGPoint>
              <X>402.192322</X>
              <Y>195.018021</Y>
            </OOSGPoint>
            <OOSGPoint>
              <X>354.767578</X>
              <Y>197.892609</Y>
            </OOSGPoint>
          </Points>
          <CurrentState>
            <Name>Stock</Name>
            <Type>Regular</Type>
            <EntryAction />
            <Delay>
              <Name />
              <DeltaName>delta[]</DeltaName>
            </Delay>
            <X>479.473969</X>
            <Y>123.606773</Y>
          </CurrentState>
          <EntryAction />
          <InputOrDelay>(Request)?</InputOrDelay>
          <InputAction>J--; (Send)!</InputAction>
          <Condition>J==0</Condition>
          <TransitionAction />
          <NextState>
            <Name>Empty</Name>
            <Type>Regular</Type>
            <EntryAction />
            <Delay>
              <Name />
              <DeltaName>delta[]</DeltaName>
            </Delay>
            <X>285.732422</X>
            <Y>183.606781</Y>
          </NextState>
        </OOSGStateTransition>
        <OOSGStateTransition>
          <FromPort>0</FromPort>
          <ToPort>0</ToPort>
          <LinkStyle>2</LinkStyle>
          <AdjustingStyle>0</AdjustingStyle>
          <Curviness>20</Curviness>
          <Orthogonal>false</Orthogonal>
          <Points>
            <OOSGPoint>
              <X>519.7533</X>
              <Y>156.893219</Y>
            </OOSGPoint>
            <OOSGPoint>
              <X>542.2533</X>
              <Y>195.864365</Y>
            </OOSGPoint>
            <OOSGPoint>
              <X>477.7467</X>
              <Y>195.864365</Y>
            </OOSGPoint>
            <OOSGPoint>
              <X>500.2467</X>
              <Y>156.893219</Y>
            </OOSGPoint>
          </Points>
          <CurrentState>
            <Name>Stock</Name>
            <Type>Regular</Type>
            <EntryAction />
            <Delay>
              <Name />
              <DeltaName>delta[]</DeltaName>
            </Delay>
            <X>479.473969</X>
            <Y>123.606773</Y>
          </CurrentState>
          <EntryAction />
          <InputOrDelay>(Request)?</InputOrDelay>
          <InputAction>J--; (Send)!</InputAction>
          <Condition>J&gt;0</Condition>
          <TransitionAction />
          <NextState>
            <Name>Stock</Name>
            <Type>Regular</Type>
            <EntryAction />
            <Delay>
              <Name />
              <DeltaName>delta[]</DeltaName>
            </Delay>
            <X>479.473969</X>
            <Y>123.606773</Y>
          </NextState>
        </OOSGStateTransition>
      </STT>
      <Functions />
      <BackgroundColor>-1</BackgroundColor>
      <IsContainIntialState>false</IsContainIntialState>
      <HasFinalState>false</HasFinalState>
      <Schedules />
      <EntityQueues />
    </OOSGStateObjectModel>
  </StateObjectModels>
  <ActivityObjectModels />
  <Experiments>
    <OOMMExperiment>
      <ID>257675e1-7c92-45d9-872c-71d9124a8aaf</ID>
      <Name>Simulation 1</Name>
      <Type>SIMULATION</Type>
      <EOSTime>3600</EOSTime>
      <EOSTimeUnit>Seconds</EOSTimeUnit>
      <UseRandSeed>false</UseRandSeed>
      <FastForward>true</FastForward>
      <Parallel>false</Parallel>
      <RandSeed>0</RandSeed>
    </OOMMExperiment>
  </Experiments>
  <DataSources />
  <Entities />
  <UserClasses />
  <FileName>C:\Users\dongh_000\Drive\My Shared Workspace\SEA Simulator\models\SG\tandemline.xml</FileName>
  <ObjectInteractionDiagram>
    <DataSourceNodes />
    <ObjectInteractionEdges>
      <OOMMObjectInteractionEdge>
        <ID>-2147483642</ID>
        <MirrorTriggerName>Arrival</MirrorTriggerName>
        <MirrorObject>48ff464d-0f5a-4a56-8945-2696cbb78617</MirrorObject>
        <MirrorPort>17</MirrorPort>
        <BoundaryTriggerName>Arrival</BoundaryTriggerName>
        <BoundaryObject>4f66d6e3-4e0e-49fb-bb94-a13fb088ddde</BoundaryObject>
        <BoundaryPort>16</BoundaryPort>
        <Type>SchedulingLink</Type>
        <StrokeStyle>0</StrokeStyle>
      </OOMMObjectInteractionEdge>
      <OOMMObjectInteractionEdge>
        <ID>-2147483641</ID>
        <MirrorTriggerName>Send</MirrorTriggerName>
        <MirrorObject>4f66d6e3-4e0e-49fb-bb94-a13fb088ddde</MirrorObject>
        <MirrorPort>15</MirrorPort>
        <BoundaryTriggerName>Send</BoundaryTriggerName>
        <BoundaryObject>1fed7322-016a-42f0-a0fe-5898ac5fddb7</BoundaryObject>
        <BoundaryPort>14</BoundaryPort>
        <Type>SchedulingLink</Type>
        <StrokeStyle>0</StrokeStyle>
      </OOMMObjectInteractionEdge>
      <OOMMObjectInteractionEdge>
        <ID>-2147483640</ID>
        <MirrorTriggerName>Request</MirrorTriggerName>
        <MirrorObject>1fed7322-016a-42f0-a0fe-5898ac5fddb7</MirrorObject>
        <MirrorPort>18</MirrorPort>
        <BoundaryTriggerName>Request</BoundaryTriggerName>
        <BoundaryObject>4f66d6e3-4e0e-49fb-bb94-a13fb088ddde</BoundaryObject>
        <BoundaryPort>19</BoundaryPort>
        <Type>SchedulingLink</Type>
        <StrokeStyle>0</StrokeStyle>
      </OOMMObjectInteractionEdge>
      <OOMMObjectInteractionEdge>
        <ID>-2147483639</ID>
        <MirrorTriggerName>Send</MirrorTriggerName>
        <MirrorObject>1cd7072f-a89d-4b4b-b7cc-8e0e8ffecb9b</MirrorObject>
        <MirrorPort>13</MirrorPort>
        <BoundaryTriggerName>Send</BoundaryTriggerName>
        <BoundaryObject>a822bbee-2f0d-45e4-ba2a-70b41648b324</BoundaryObject>
        <BoundaryPort>12</BoundaryPort>
        <Type>SchedulingLink</Type>
        <StrokeStyle>0</StrokeStyle>
      </OOMMObjectInteractionEdge>
      <OOMMObjectInteractionEdge>
        <ID>-2147483638</ID>
        <MirrorTriggerName>Request</MirrorTriggerName>
        <MirrorObject>a822bbee-2f0d-45e4-ba2a-70b41648b324</MirrorObject>
        <MirrorPort>18</MirrorPort>
        <BoundaryTriggerName>Request</BoundaryTriggerName>
        <BoundaryObject>1cd7072f-a89d-4b4b-b7cc-8e0e8ffecb9b</BoundaryObject>
        <BoundaryPort>19</BoundaryPort>
        <Type>SchedulingLink</Type>
        <StrokeStyle>0</StrokeStyle>
      </OOMMObjectInteractionEdge>
      <OOMMObjectInteractionEdge>
        <ID>-2147483637</ID>
        <MirrorTriggerName>Exit</MirrorTriggerName>
        <MirrorObject>1fed7322-016a-42f0-a0fe-5898ac5fddb7</MirrorObject>
        <MirrorPort>17</MirrorPort>
        <BoundaryTriggerName>Arrival</BoundaryTriggerName>
        <BoundaryObject>1cd7072f-a89d-4b4b-b7cc-8e0e8ffecb9b</BoundaryObject>
        <BoundaryPort>16</BoundaryPort>
        <Type>SchedulingLink</Type>
        <StrokeStyle>0</StrokeStyle>
      </OOMMObjectInteractionEdge>
    </ObjectInteractionEdges>
    <DataAssociations />
    <StateVariableUpdateEdges />
    <Texts />
    <Labels />
    <DataSetNodes />
    <HistogramDataNodes />
    <StatisticsNodes />
    <BarCharts />
    <PieCharts />
    <Plots />
    <TimePlots>
      <OOMMTimePlot>
        <Title>No. Processed Jobs</Title>
        <Description />
        <Dimension>
          <X>150</X>
          <Y>170</Y>
          <Width>698.7384</Width>
          <Height>283.813416</Height>
        </Dimension>
        <Series>
          <Values>
            <OOMMSeries>
              <Name>S1</Name>
              <Value>S1.ProcessedJobs</Value>
              <Type>Bar</Type>
              <Appearance>
                <MarkerColor>DarkGoldenrod</MarkerColor>
                <LineColor>OrangeRed</LineColor>
                <MarkerType>Diamond</MarkerType>
                <BackgroundColor />
                <LineWidth>2</LineWidth>
              </Appearance>
            </OOMMSeries>
            <OOMMSeries>
              <Name>S2</Name>
              <Value>S2.ProcessedJobs</Value>
              <Type>Bar</Type>
              <Appearance>
                <MarkerColor>DarkGoldenrod</MarkerColor>
                <LineColor>MediumSlateBlue</LineColor>
                <MarkerType>Diamond</MarkerType>
                <BackgroundColor />
                <LineWidth>2</LineWidth>
              </Appearance>
            </OOMMSeries>
            <OOMMSeries>
              <Name>Q1</Name>
              <Value>B1.J</Value>
              <Type>Bar</Type>
              <Appearance>
                <MarkerColor>DarkOrange</MarkerColor>
                <LineColor>SpringGreen</LineColor>
                <MarkerType>Diamond</MarkerType>
                <BackgroundColor />
                <LineWidth>2</LineWidth>
              </Appearance>
            </OOMMSeries>
            <OOMMSeries>
              <Name>Q2</Name>
              <Value>B2.J</Value>
              <Type>Bar</Type>
              <Appearance>
                <MarkerColor>OldLace</MarkerColor>
                <LineColor>Gainsboro</LineColor>
                <MarkerType>Diamond</MarkerType>
                <BackgroundColor />
                <LineWidth>2</LineWidth>
              </Appearance>
            </OOMMSeries>
          </Values>
        </Series>
        <Appearance>
          <BackgroundColor>White</BackgroundColor>
          <NameColor>Black</NameColor>
          <DescriptionColor>Black</DescriptionColor>
          <BorderColor>Silver</BorderColor>
          <BorderWeight>1</BorderWeight>
        </Appearance>
      </OOMMTimePlot>
    </TimePlots>
    <DonutCharts />
    <ScatterCharts />
    <BoxWhiskerCharts />
    <Histograms />
    <Tiles />
    <ObjectNodes>
      <OOMMObjectNode>
        <NodeID>48ff464d-0f5a-4a56-8945-2696cbb78617</NodeID>
        <ModelID>e5b65dfe-77ae-486c-b67b-ca2b9d67788b</ModelID>
        <Name>JB</Name>
        <X>150</X>
        <Y>90</Y>
        <BackgroundColor>-1</BackgroundColor>
        <StateVariables>
          <OOMMObjectStateVariable>
            <Name>ArrivedJobs</Name>
            <Value>0</Value>
          </OOMMObjectStateVariable>
        </StateVariables>
        <Type>StateObject</Type>
      </OOMMObjectNode>
      <OOMMObjectNode>
        <NodeID>1fed7322-016a-42f0-a0fe-5898ac5fddb7</NodeID>
        <ModelID>14faec19-463e-411a-8ff8-d0f5c6037966</ModelID>
        <Name>S1</Name>
        <X>450</X>
        <Y>90</Y>
        <BackgroundColor>-1</BackgroundColor>
        <StateVariables>
          <OOMMObjectStateVariable>
            <Name>ProcessedJobs</Name>
            <Value>0</Value>
          </OOMMObjectStateVariable>
          <OOMMObjectStateVariable>
            <Name>ST</Name>
            <Value>{unif(10, 20)}</Value>
          </OOMMObjectStateVariable>
        </StateVariables>
        <Type>StateObject</Type>
      </OOMMObjectNode>
      <OOMMObjectNode>
        <NodeID>4f66d6e3-4e0e-49fb-bb94-a13fb088ddde</NodeID>
        <ModelID>785eca24-17d9-4e31-9f4d-cdf42dca4f64</ModelID>
        <Name>B1</Name>
        <X>290</X>
        <Y>90</Y>
        <BackgroundColor>-1</BackgroundColor>
        <StateVariables>
          <OOMMObjectStateVariable>
            <Name>J</Name>
            <Value>0</Value>
          </OOMMObjectStateVariable>
        </StateVariables>
        <Type>StateObject</Type>
      </OOMMObjectNode>
      <OOMMObjectNode>
        <NodeID>1cd7072f-a89d-4b4b-b7cc-8e0e8ffecb9b</NodeID>
        <ModelID>785eca24-17d9-4e31-9f4d-cdf42dca4f64</ModelID>
        <Name>B2</Name>
        <X>590</X>
        <Y>90</Y>
        <BackgroundColor>-1</BackgroundColor>
        <StateVariables>
          <OOMMObjectStateVariable>
            <Name>J</Name>
            <Value>0</Value>
          </OOMMObjectStateVariable>
        </StateVariables>
        <Type>StateObject</Type>
      </OOMMObjectNode>
      <OOMMObjectNode>
        <NodeID>a822bbee-2f0d-45e4-ba2a-70b41648b324</NodeID>
        <ModelID>14faec19-463e-411a-8ff8-d0f5c6037966</ModelID>
        <Name>S2</Name>
        <X>760</X>
        <Y>90</Y>
        <BackgroundColor>-1</BackgroundColor>
        <StateVariables>
          <OOMMObjectStateVariable>
            <Name>ProcessedJobs</Name>
            <Value>{0}</Value>
          </OOMMObjectStateVariable>
          <OOMMObjectStateVariable>
            <Name>ST</Name>
            <Value>{unif(20, 30)}</Value>
          </OOMMObjectStateVariable>
        </StateVariables>
        <Type>StateObject</Type>
      </OOMMObjectNode>
    </ObjectNodes>
  </ObjectInteractionDiagram>
  <ObjectNodes />
  <DataSourceNodes />
  <EventObjectSchedulingEdges />
  <DataAssociations />
  <Texts />
  <Labels />
  <DataSetNodes />
  <StatisticsNodes />
  <BarCharts />
  <PieCharts />
  <Plots />
  <TimePlots />
</OOMMModel>