<?xml version="1.0" encoding="UTF-8"?><?xml-stylesheet type='text/xsl' href='_UpgradeReport_Files/UpgradeReport.xslt'?><UpgradeLog>
<Properties><Property Name="Solution" Value="VMS.Foundation.Logging">
</Property><Property Name="Solution File" Value="E:\My Sources\Common\VMS.Foundation.Logging\VMS.Foundation\Logging\VMS.Foundation.Logging.sln">
</Property><Property Name="Date" Value="2013년 5월 17일 금요일">
</Property><Property Name="Time" Value="오후 19:53:14">
</Property></Properties><Event ErrorLevel="0" Project="VMS.Foundation.Logging" Source="VMS.Foundation.Logging.csproj" Description="Project file successfully backed up as E:\My Sources\Common\VMS.Foundation.Logging\VMS.Foundation\Logging\Backup\VMS.Foundation.Logging.csproj">
</Event><Event ErrorLevel="0" Project="VMS.Foundation.Logging" Source="FileLogHandler.cs" Description="File successfully backed up as E:\My Sources\Common\VMS.Foundation.Logging\VMS.Foundation\Logging\Backup\FileLogHandler.cs">
</Event><Event ErrorLevel="0" Project="VMS.Foundation.Logging" Source="LogFilter.cs" Description="File successfully backed up as E:\My Sources\Common\VMS.Foundation.Logging\VMS.Foundation\Logging\Backup\LogFilter.cs">
</Event><Event ErrorLevel="0" Project="VMS.Foundation.Logging" Source="LogFormatter.cs" Description="File successfully backed up as E:\My Sources\Common\VMS.Foundation.Logging\VMS.Foundation\Logging\Backup\LogFormatter.cs">
</Event><Event ErrorLevel="0" Project="VMS.Foundation.Logging" Source="Logger.cs" Description="File successfully backed up as E:\My Sources\Common\VMS.Foundation.Logging\VMS.Foundation\Logging\Backup\Logger.cs">
</Event><Event ErrorLevel="0" Project="VMS.Foundation.Logging" Source="LogHandler.cs" Description="File successfully backed up as E:\My Sources\Common\VMS.Foundation.Logging\VMS.Foundation\Logging\Backup\LogHandler.cs">
</Event><Event ErrorLevel="0" Project="VMS.Foundation.Logging" Source="LogLevel.cs" Description="File successfully backed up as E:\My Sources\Common\VMS.Foundation.Logging\VMS.Foundation\Logging\Backup\LogLevel.cs">
</Event><Event ErrorLevel="0" Project="VMS.Foundation.Logging" Source="LogManager.cs" Description="File successfully backed up as E:\My Sources\Common\VMS.Foundation.Logging\VMS.Foundation\Logging\Backup\LogManager.cs">
</Event><Event ErrorLevel="0" Project="VMS.Foundation.Logging" Source="LogRecord.cs" Description="File successfully backed up as E:\My Sources\Common\VMS.Foundation.Logging\VMS.Foundation\Logging\Backup\LogRecord.cs">
</Event><Event ErrorLevel="0" Project="VMS.Foundation.Logging" Source="Properties\AssemblyInfo.cs" Description="File successfully backed up as E:\My Sources\Common\VMS.Foundation.Logging\VMS.Foundation\Logging\Backup\Properties\AssemblyInfo.cs">
</Event><Event ErrorLevel="0" Project="VMS.Foundation.Logging" Source="Properties\Resources.Designer.cs" Description="File successfully backed up as E:\My Sources\Common\VMS.Foundation.Logging\VMS.Foundation\Logging\Backup\Properties\Resources.Designer.cs">
</Event><Event ErrorLevel="0" Project="VMS.Foundation.Logging" Source="Properties\Settings.Designer.cs" Description="File successfully backed up as E:\My Sources\Common\VMS.Foundation.Logging\VMS.Foundation\Logging\Backup\Properties\Settings.Designer.cs">
</Event><Event ErrorLevel="0" Project="VMS.Foundation.Logging" Source="SimpleFormatter.cs" Description="File successfully backed up as E:\My Sources\Common\VMS.Foundation.Logging\VMS.Foundation\Logging\Backup\SimpleFormatter.cs">
</Event><Event ErrorLevel="0" Project="VMS.Foundation.Logging" Source="TextBoxLogHandler.cs" Description="File successfully backed up as E:\My Sources\Common\VMS.Foundation.Logging\VMS.Foundation\Logging\Backup\TextBoxLogHandler.cs">
</Event><Event ErrorLevel="0" Project="VMS.Foundation.Logging" Source="ClassDiagram1.cd" Description="File successfully backed up as E:\My Sources\Common\VMS.Foundation.Logging\VMS.Foundation\Logging\Backup\ClassDiagram1.cd">
</Event><Event ErrorLevel="0" Project="VMS.Foundation.Logging" Source="Properties\Settings.settings" Description="File successfully backed up as E:\My Sources\Common\VMS.Foundation.Logging\VMS.Foundation\Logging\Backup\Properties\Settings.settings">
</Event><Event ErrorLevel="0" Project="VMS.Foundation.Logging" Source="Properties\Resources.resx" Description="File successfully backed up as E:\My Sources\Common\VMS.Foundation.Logging\VMS.Foundation\Logging\Backup\Properties\Resources.resx">
</Event><Event ErrorLevel="1" Project="VMS.Foundation.Logging" Source="VMS.Foundation.Logging.csproj" Description="Your project is targeting .NET Framework 2.0 or 3.0. If your project uses assemblies requiring a newer .NET Framework, your project will fail to build. You can change the .NET Framework version by clicking Properties on the project menu and then selecting a new version in the '.NET Framework' dropdown box. (In Visual Basic, this is located on the Compile tab by clicking the 'Advanced Compiler Options...' button.)">
</Event><Event ErrorLevel="0" Project="VMS.Foundation.Logging" Source="VMS.Foundation.Logging.csproj" Description="Project converted successfully">
</Event><Event ErrorLevel="3" Project="VMS.Foundation.Logging" Source="VMS.Foundation.Logging.csproj" Description="Converted">
</Event><Event ErrorLevel="0" Project="VMS.Foundation.Logging" Source="VMS.Foundation.Logging.csproj" Description="Scan complete: Upgrade not required for project files.">
</Event></UpgradeLog>